{"type": "FeatureCollection", "features": [{"type": "Feature", "properties": {"id": "Boane", "name": "Boane", "desert": 0, "offices": 9}, "geometry": {"type": "MultiPolygon", "coordinates": [[[[32.473, -25.75], [32.494, -25.75], [32.498, -25.746], [32.501, -25.737], [32.508, -25.735], [32.514, -25.736], [32.516, -25.75], [32.514, -25.762], [32.515, -25.769], [32.529, -25.787], [32.528, -25.792], [32.525, -25.794], [32.524, -25.804], [32.517, -25.814], [32.52, -25.82], [32.502, -25.833], [32.509, -25.837], [32.509, -25.866], [32.522, -25.873], [32.517, -25.893], [32.519, -25.902], [32.519, -25.911], [32.523, -25.915], [32.516, -25.922], [32.516, -25.925], [32.519, -25.926], [32.517, -25.928], [32.509, -25.925], [32.491, -25.933], [32.49, -25.913], [32.478, -25.907], [32.483, -25.905], [32.466, -25.896], [32.456, -25.896], [32.414, -25.872], [32.416, -25.871], [32.417, -25.867], [32.413, -25.862], [32.411, -25.848], [32.415, -25.843], [32.411, -25.822], [32.415, -25.814], [32.419, -25.793], [32.424, -25.786], [32.43, -25.756], [32.434, -25.753], [32.452, -25.756], [32.47, -25.753], [32.473, -25.75]]]]}}, {"type": "Feature", "properties": {"id": "Magude", "name": "Magude", "desert": 0, "offices": 1}, "geometry": {"type": "MultiPolygon", "coordinates": [[[[32.909, -24.853], [32.909, -24.858], [32.905, -24.866], [32.906, -24.868], [32.913, -24.872], [32.91, -24.876], [32.916, -24.883], [32.916, -24.89], [32.925, -24.898], [32.938, -24.898], [32.94, -24.903], [32.939, -24.909], [32.941, -24.912], [32.938, -24.916], [32.932, -24.916], [32.919, -24.926], [32.914, -24.926], [32.914, -24.93], [32.913, -24.934], [32.903, -24.943], [32.903, -24.956], [32.902, -24.961], [32.905, -24.967], [32.912, -24.971], [32.92, -24.972], [32.923, -24.974], [32.922, -24.979], [32.919, -24.983], [32.907, -24.983], [32.905, -24.985], [32.906, -24.992], [32.902, -24.992], [32.888, -24.984], [32.875, -24.983], [32.868, -24.987], [32.858, -24.987], [32.853, -24.994], [32.84, -25.003], [32.837, -25.003], [32.832, -24.997], [32.813, -24.986], [32.805, -24.982], [32.792, -24.981], [32.776, -24.992], [32.77, -25.012], [32.765, -25.021], [32.757, -25.02], [32.749, -25.013], [32.741, -25.009], [32.728, -25.009], [32.707, -25.015], [32.707, -25.024], [32.7, -25.038], [32.707, -25.038], [32.726, -25.047], [32.738, -25.055], [32.743, -25.073], [32.75, -25.087], [32.763, -25.104], [32.772, -25.104], [32.769, -25.116], [32.75, -25.118], [32.758, -25.125], [32.762, -25.138], [32.739, -25.14], [32.733, -25.148], [32.732, -25.157], [32.72, -25.17], [32.699, -25.173], [32.686, -25.172], [32.69, -25.184], [32.645, -25.241], [32.623, -25.312], [32.497, -25.257], [32.502, -25.262], [32.506, -25.272], [32.505, -25.285], [32.498, -25.295], [32.462, -25.286], [32.447, -25.289], [32.435, -25.286], [32.418, -25.267], [32.419, -25.25], [32.394, -25.21], [32.392, -25.201], [32.398, -25.181], [32.403, -25.146], [32.381, -25.11], [32.384, -25.081], [32.381, -25.065], [32.377, -25.057], [32.374, -25.042], [32.378, -25.026], [32.41, -24.999], [32.409, -24.993], [32.397, -24.978], [32.382, -24.954], [32.376, -24.954], [32.365, -24.96], [32.361, -24.958], [32.355, -24.952], [32.361, -24.943], [32.355, -24.941], [32.349, -24.941], [32.337, -24.934], [32.338, -24.92], [32.347, -24.904], [32.337, -24.897], [32.328, -24.901], [32.315, -24.902], [32.309, -24.899], [32.307, -24.89], [32.293, -24.875], [32.288, -24.913], [32.28, -24.916], [32.263, -24.911], [32.245, -24.91], [32.244, -24.907], [32.26, -24.895], [32.259, -24.889], [32.255, -24.887], [32.249, -24.888], [32.246, -24.887], [32.248, -24.881], [32.243, -24.876], [32.228, -24.876], [32.22, -24.861], [32.209, -24.853], [32.187, -24.852], [32.181, -24.846], [32.183, -24.838], [32.182, -24.833], [32.173, -24.832], [32.165, -24.835], [32.145, -24.834], [32.135, -24.829], [32.127, -24.817], [32.125, -24.8], [32.118, -24.787], [32.109, -24.793], [32.109, -24.799], [32.104, -24.808], [32.094, -24.807], [32.084, -24.797], [32.041, -24.81], [32.031, -24.815], [32.007, -24.81], [31.998, -24.69], [32.009, -24.575], [32.013, -24.455], [31.987, -24.302], [31.981, -24.297], [31.949, -24.246], [31.97, -24.246], [32.045, -24.209], [32.075, -24.203], [32.096, -24.206], [32.127, -24.213], [32.165, -24.214], [32.192, -24.216], [32.208, -24.233], [32.215, -24.233], [32.229, -24.24], [32.233, -24.235], [32.256, -24.236], [32.269, -24.243], [32.276, -24.249], [32.293, -24.251], [32.301, -24.25], [32.312, -24.25], [32.321, -24.253], [32.343, -24.246], [32.357, -24.248], [32.386, -24.261], [32.396, -24.267], [32.433, -24.28], [32.44, -24.28], [32.448, -24.294], [32.449, -24.302], [32.464, -24.308], [32.476, -24.325], [32.481, -24.327], [32.481, -24.326], [32.488, -24.33], [32.507, -24.332], [32.513, -24.334], [32.522, -24.334], [32.528, -24.338], [32.534, -24.345], [32.537, -24.346], [32.545, -24.346], [32.558, -24.333], [32.568, -24.335], [32.587, -24.35], [32.599, -24.369], [32.606, -24.376], [32.615, -24.38], [32.666, -24.376], [32.696, -24.386], [32.718, -24.403], [32.725, -24.423], [32.728, -24.458], [32.724, -24.475], [32.72, -24.483], [32.716, -24.498], [32.719, -24.509], [32.731, -24.531], [32.747, -24.541], [32.746, -24.544], [32.751, -24.554], [32.763, -24.564], [32.764, -24.575], [32.783, -24.61], [32.799, -24.629], [32.819, -24.661], [32.832, -24.67], [32.838, -24.684], [32.839, -24.696], [32.837, -24.723], [32.861, -24.741], [32.861, -24.743], [32.866, -24.747], [32.873, -24.749], [32.874, -24.752], [32.868, -24.764], [32.867, -24.771], [32.872, -24.776], [32.879, -24.767], [32.888, -24.761], [32.951, -24.764], [32.909, -24.853]]]]}}, {"type": "Feature", "properties": {"id": "Manhi\u00e7a", "name": "Manhi\u00e7a", "desert": 0, "offices": 7}, "geometry": {"type": "MultiPolygon", "coordinates": [[[[32.782, -25.5], [32.772, -25.505], [32.759, -25.507], [32.763, -25.517], [32.759, -25.522], [32.748, -25.524], [32.745, -25.533], [32.744, -25.546], [32.735, -25.555], [32.721, -25.563], [32.712, -25.571], [32.709, -25.596], [32.582, -25.591], [32.55, -25.584], [32.511, -25.559], [32.526, -25.538], [32.53, -25.504], [32.541, -25.497], [32.55, -25.393], [32.552, -25.39], [32.624, -25.313], [32.645, -25.241], [32.69, -25.184], [32.686, -25.172], [32.699, -25.173], [32.72, -25.17], [32.732, -25.157], [32.733, -25.148], [32.739, -25.14], [32.762, -25.138], [32.758, -25.125], [32.75, -25.118], [32.769, -25.116], [32.772, -25.104], [32.763, -25.104], [32.75, -25.087], [32.743, -25.073], [32.738, -25.055], [32.726, -25.047], [32.707, -25.038], [32.7, -25.038], [32.707, -25.024], [32.707, -25.015], [32.728, -25.009], [32.741, -25.009], [32.749, -25.013], [32.757, -25.02], [32.765, -25.021], [32.77, -25.012], [32.776, -24.992], [32.792, -24.981], [32.805, -24.982], [32.813, -24.986], [32.832, -24.997], [32.837, -25.003], [32.84, -25.003], [32.853, -24.994], [32.858, -24.987], [32.868, -24.987], [32.875, -24.983], [32.888, -24.984], [32.902, -24.992], [32.906, -24.992], [32.905, -24.985], [32.907, -24.983], [32.916, -24.982], [32.919, -24.983], [32.921, -25.011], [32.915, -25.033], [32.915, -25.039], [32.924, -25.053], [32.923, -25.062], [32.925, -25.07], [32.935, -25.07], [32.947, -25.076], [32.955, -25.079], [32.999, -25.086], [32.996, -25.095], [32.983, -25.118], [32.984, -25.126], [32.99, -25.133], [32.998, -25.136], [33.004, -25.132], [33.01, -25.13], [33.012, -25.134], [33.01, -25.146], [33.012, -25.149], [33.012, -25.152], [33.007, -25.157], [32.996, -25.172], [32.995, -25.176], [32.997, -25.18], [32.993, -25.199], [32.991, -25.202], [32.994, -25.203], [33.101, -25.203], [33.127, -25.245], [33.138, -25.301], [33.132, -25.383], [33.094, -25.405], [33.051, -25.427], [33.038, -25.436], [33.022, -25.445], [33.011, -25.453], [32.993, -25.462], [32.99, -25.465], [32.985, -25.466], [32.977, -25.475], [32.807, -25.473], [32.787, -25.493], [32.782, -25.5]]]]}}, {"type": "Feature", "properties": {"id": "Marracuene", "name": "Marracuene", "desert": 0, "offices": 3}, "geometry": {"type": "MultiPolygon", "coordinates": [[[[32.725, -25.82], [32.727, -25.824], [32.727, -25.832], [32.721, -25.843], [32.721, -25.847], [32.722, -25.849], [32.721, -25.855], [32.719, -25.858], [32.715, -25.859], [32.708, -25.845], [32.706, -25.837], [32.712, -25.828], [32.723, -25.82], [32.725, -25.82]]], [[[32.721, -25.759], [32.733, -25.773], [32.732, -25.776], [32.725, -25.782], [32.722, -25.79], [32.722, -25.805], [32.712, -25.806], [32.703, -25.805], [32.695, -25.797], [32.688, -25.794], [32.687, -25.771], [32.689, -25.77], [32.696, -25.77], [32.7, -25.768], [32.707, -25.768], [32.721, -25.759]]], [[[32.578, -25.796], [32.592, -25.769], [32.582, -25.747], [32.577, -25.743], [32.57, -25.73], [32.563, -25.723], [32.56, -25.717], [32.565, -25.699], [32.58, -25.66], [32.55, -25.584], [32.582, -25.591], [32.709, -25.596], [32.712, -25.571], [32.721, -25.563], [32.735, -25.555], [32.744, -25.546], [32.745, -25.533], [32.748, -25.524], [32.759, -25.522], [32.763, -25.517], [32.759, -25.507], [32.772, -25.505], [32.782, -25.5], [32.787, -25.493], [32.807, -25.473], [32.973, -25.475], [32.955, -25.488], [32.952, -25.488], [32.948, -25.493], [32.941, -25.495], [32.94, -25.498], [32.937, -25.498], [32.935, -25.501], [32.93, -25.503], [32.93, -25.505], [32.924, -25.508], [32.919, -25.513], [32.916, -25.514], [32.91, -25.519], [32.9, -25.525], [32.843, -25.573], [32.813, -25.607], [32.792, -25.643], [32.779, -25.663], [32.77, -25.68], [32.747, -25.735], [32.737, -25.778], [32.735, -25.784], [32.733, -25.808], [32.737, -25.828], [32.737, -25.838], [32.745, -25.863], [32.753, -25.873], [32.747, -25.873], [32.744, -25.872], [32.745, -25.871], [32.745, -25.867], [32.74, -25.862], [32.739, -25.852], [32.735, -25.843], [32.736, -25.828], [32.733, -25.82], [32.733, -25.813], [32.729, -25.802], [32.728, -25.794], [32.729, -25.788], [32.736, -25.778], [32.735, -25.767], [32.729, -25.76], [32.717, -25.752], [32.714, -25.753], [32.718, -25.759], [32.715, -25.762], [32.696, -25.769], [32.69, -25.768], [32.686, -25.773], [32.686, -25.787], [32.688, -25.795], [32.702, -25.805], [32.707, -25.807], [32.721, -25.807], [32.721, -25.814], [32.717, -25.821], [32.714, -25.822], [32.707, -25.822], [32.703, -25.824], [32.701, -25.822], [32.701, -25.829], [32.698, -25.835], [32.698, -25.843], [32.695, -25.846], [32.697, -25.854], [32.574, -25.805], [32.578, -25.796]]], [[[32.731, -25.764], [32.733, -25.765], [32.733, -25.767], [32.729, -25.764], [32.731, -25.764]]]]}}, {"type": "Feature", "properties": {"id": "Matutu\u00edne", "name": "Matutu\u00edne", "desert": 0, "offices": 2}, "geometry": {"type": "MultiPolygon", "coordinates": [[[[32.901, -26.706], [32.902, -26.709], [32.905, -26.71], [32.901, -26.728], [32.902, -26.746], [32.895, -26.765], [32.89, -26.784], [32.89, -26.794], [32.892, -26.799], [32.886, -26.827], [32.887, -26.84], [32.89, -26.844], [32.896, -26.844], [32.897, -26.846], [32.891, -26.859], [32.873, -26.864], [32.844, -26.868], [32.82, -26.869], [32.736, -26.866], [32.683, -26.868], [32.566, -26.864], [32.347, -26.864], [32.346, -26.855], [32.341, -26.856], [32.339, -26.86], [32.331, -26.864], [32.325, -26.856], [32.321, -26.853], [32.317, -26.853], [32.308, -26.857], [32.296, -26.853], [32.288, -26.853], [32.28, -26.849], [32.275, -26.85], [32.264, -26.847], [32.257, -26.849], [32.253, -26.843], [32.249, -26.84], [32.237, -26.839], [32.22, -26.833], [32.208, -26.84], [32.205, -26.854], [32.204, -26.855], [32.198, -26.857], [32.185, -26.863], [32.163, -26.859], [32.156, -26.857], [32.145, -26.85], [32.141, -26.841], [32.133, -26.84], [32.137, -26.536], [32.109, -26.476], [32.125, -26.473], [32.14, -26.467], [32.146, -26.462], [32.164, -26.452], [32.203, -26.457], [32.234, -26.454], [32.244, -26.446], [32.264, -26.442], [32.304, -26.441], [32.309, -26.435], [32.314, -26.419], [32.346, -26.438], [32.35, -26.436], [32.355, -26.435], [32.359, -26.431], [32.363, -26.417], [32.369, -26.409], [32.382, -26.413], [32.388, -26.362], [32.38, -26.357], [32.377, -26.351], [32.382, -26.341], [32.389, -26.332], [32.401, -26.327], [32.397, -26.316], [32.396, -26.305], [32.381, -26.306], [32.375, -26.304], [32.369, -26.3], [32.378, -26.293], [32.375, -26.289], [32.374, -26.282], [32.367, -26.274], [32.365, -26.261], [32.374, -26.265], [32.382, -26.246], [32.391, -26.246], [32.394, -26.244], [32.403, -26.229], [32.4, -26.222], [32.404, -26.224], [32.394, -26.19], [32.385, -26.181], [32.393, -26.178], [32.39, -26.172], [32.398, -26.17], [32.388, -26.147], [32.395, -26.144], [32.409, -26.151], [32.46, -26.117], [32.475, -26.105], [32.479, -26.098], [32.48, -26.093], [32.477, -26.09], [32.47, -26.086], [32.463, -26.085], [32.521, -26.055], [32.62, -26.058], [32.631, -26.075], [32.65, -26.096], [32.666, -26.122], [32.666, -26.13], [32.665, -26.135], [32.665, -26.143], [32.668, -26.152], [32.675, -26.164], [32.681, -26.183], [32.681, -26.187], [32.692, -26.193], [32.706, -26.186], [32.715, -26.185], [32.719, -26.183], [32.723, -26.183], [32.738, -26.2], [32.757, -26.214], [32.777, -26.233], [32.796, -26.244], [32.805, -26.27], [32.812, -26.278], [32.829, -26.287], [32.832, -26.289], [32.846, -26.288], [32.854, -26.281], [32.858, -26.28], [32.871, -26.278], [32.88, -26.28], [32.885, -26.285], [32.887, -26.29], [32.885, -26.303], [32.886, -26.308], [32.886, -26.303], [32.887, -26.296], [32.891, -26.292], [32.89, -26.288], [32.879, -26.274], [32.873, -26.271], [32.866, -26.26], [32.869, -26.252], [32.867, -26.219], [32.869, -26.198], [32.877, -26.185], [32.89, -26.151], [32.892, -26.143], [32.907, -26.111], [32.912, -26.106], [32.919, -26.102], [32.922, -26.102], [32.924, -26.104], [32.93, -26.099], [32.95, -26.093], [32.953, -26.088], [32.953, -26.083], [32.96, -26.083], [32.961, -26.087], [32.957, -26.1], [32.957, -26.108], [32.961, -26.11], [32.961, -26.112], [32.958, -26.118], [32.949, -26.152], [32.946, -26.206], [32.942, -26.221], [32.938, -26.248], [32.938, -26.255], [32.941, -26.259], [32.942, -26.263], [32.935, -26.284], [32.931, -26.317], [32.929, -26.341], [32.934, -26.355], [32.933, -26.363], [32.924, -26.387], [32.923, -26.398], [32.924, -26.407], [32.921, -26.426], [32.921, -26.438], [32.923, -26.446], [32.93, -26.454], [32.918, -26.488], [32.915, -26.512], [32.92, -26.52], [32.91, -26.552], [32.906, -26.576], [32.906, -26.591], [32.895, -26.638], [32.894, -26.654], [32.893, -26.666], [32.895, -26.676], [32.901, -26.686], [32.901, -26.706]]], [[[32.889, -26.287], [32.889, -26.289], [32.889, -26.291], [32.887, -26.289], [32.887, -26.287], [32.889, -26.287]]]]}}, {"type": "Feature", "properties": {"id": "Namaacha", "name": "Namaacha", "desert": 0, "offices": 1}, "geometry": {"type": "MultiPolygon", "coordinates": [[[[32.2, -26.172], [32.219, -26.179], [32.223, -26.185], [32.223, -26.198], [32.227, -26.206], [32.262, -26.198], [32.288, -26.205], [32.329, -26.171], [32.333, -26.178], [32.335, -26.194], [32.331, -26.214], [32.335, -26.254], [32.342, -26.269], [32.347, -26.282], [32.367, -26.274], [32.374, -26.282], [32.375, -26.289], [32.378, -26.293], [32.369, -26.3], [32.375, -26.304], [32.381, -26.306], [32.396, -26.305], [32.397, -26.316], [32.401, -26.327], [32.389, -26.332], [32.382, -26.341], [32.377, -26.351], [32.38, -26.357], [32.388, -26.362], [32.382, -26.413], [32.369, -26.409], [32.363, -26.417], [32.359, -26.431], [32.355, -26.435], [32.35, -26.436], [32.346, -26.438], [32.314, -26.419], [32.309, -26.435], [32.304, -26.441], [32.264, -26.442], [32.244, -26.446], [32.234, -26.454], [32.203, -26.457], [32.164, -26.452], [32.146, -26.462], [32.14, -26.467], [32.125, -26.473], [32.109, -26.476], [32.089, -26.433], [32.08, -26.409], [32.077, -26.364], [32.075, -26.312], [32.091, -26.244], [32.097, -26.218], [32.096, -26.211], [32.108, -26.166], [32.097, -26.072], [32.088, -26.011], [32.029, -25.998], [32.004, -25.99], [31.981, -25.95], [31.974, -25.953], [31.93, -25.841], [31.979, -25.694], [31.996, -25.677], [31.998, -25.671], [32.035, -25.683], [32.089, -25.68], [32.119, -25.681], [32.126, -25.688], [32.14, -25.687], [32.156, -25.695], [32.175, -25.718], [32.194, -25.733], [32.233, -25.745], [32.242, -25.744], [32.247, -25.742], [32.255, -25.744], [32.262, -25.757], [32.262, -25.771], [32.265, -25.775], [32.267, -25.783], [32.263, -25.805], [32.267, -25.818], [32.267, -25.834], [32.283, -25.837], [32.286, -25.844], [32.286, -25.853], [32.304, -25.861], [32.313, -25.862], [32.311, -25.871], [32.311, -25.882], [32.292, -25.884], [32.296, -25.891], [32.291, -25.9], [32.285, -25.906], [32.274, -25.907], [32.27, -25.914], [32.274, -25.922], [32.288, -25.926], [32.289, -25.93], [32.285, -25.935], [32.273, -25.937], [32.269, -25.942], [32.279, -25.952], [32.286, -25.965], [32.283, -25.971], [32.268, -25.976], [32.28, -25.992], [32.281, -26.0], [32.274, -26.007], [32.283, -26.006], [32.293, -26.011], [32.296, -26.015], [32.293, -26.02], [32.287, -26.022], [32.278, -26.029], [32.28, -26.033], [32.296, -26.036], [32.298, -26.047], [32.282, -26.041], [32.27, -26.043], [32.264, -26.05], [32.259, -26.061], [32.256, -26.073], [32.242, -26.081], [32.241, -26.09], [32.246, -26.103], [32.245, -26.107], [32.229, -26.126], [32.195, -26.128], [32.206, -26.147], [32.205, -26.149], [32.191, -26.153], [32.187, -26.167], [32.2, -26.172]]]]}}, {"type": "Feature", "properties": {"id": "Moamba", "name": "Moamba", "desert": 0, "offices": 7}, "geometry": {"type": "MultiPolygon", "coordinates": [[[[32.47, -25.753], [32.452, -25.756], [32.432, -25.754], [32.429, -25.758], [32.426, -25.774], [32.413, -25.764], [32.336, -25.803], [32.281, -25.837], [32.267, -25.834], [32.267, -25.818], [32.263, -25.805], [32.267, -25.783], [32.265, -25.775], [32.262, -25.771], [32.262, -25.757], [32.255, -25.744], [32.247, -25.742], [32.242, -25.744], [32.233, -25.745], [32.194, -25.733], [32.175, -25.718], [32.156, -25.695], [32.14, -25.687], [32.126, -25.688], [32.119, -25.681], [32.089, -25.68], [32.035, -25.683], [31.998, -25.671], [32.006, -25.645], [32.006, -25.626], [31.996, -25.526], [31.981, -25.524], [31.977, -25.51], [31.977, -25.475], [31.98, -25.457], [31.989, -25.438], [31.991, -25.429], [32.014, -25.388], [32.015, -25.383], [32.029, -25.241], [32.034, -25.133], [32.03, -25.066], [32.016, -24.925], [32.007, -24.81], [32.031, -24.815], [32.041, -24.81], [32.084, -24.797], [32.094, -24.807], [32.104, -24.808], [32.109, -24.799], [32.109, -24.793], [32.118, -24.787], [32.125, -24.8], [32.127, -24.817], [32.135, -24.829], [32.145, -24.834], [32.165, -24.835], [32.173, -24.832], [32.182, -24.833], [32.183, -24.838], [32.181, -24.846], [32.187, -24.852], [32.209, -24.853], [32.22, -24.861], [32.228, -24.876], [32.243, -24.876], [32.248, -24.881], [32.246, -24.887], [32.249, -24.888], [32.255, -24.887], [32.259, -24.889], [32.26, -24.895], [32.244, -24.907], [32.245, -24.91], [32.263, -24.911], [32.28, -24.916], [32.288, -24.913], [32.293, -24.875], [32.307, -24.89], [32.309, -24.899], [32.315, -24.902], [32.328, -24.901], [32.337, -24.897], [32.347, -24.904], [32.338, -24.92], [32.337, -24.934], [32.349, -24.941], [32.355, -24.941], [32.361, -24.943], [32.355, -24.952], [32.361, -24.958], [32.365, -24.96], [32.376, -24.954], [32.382, -24.954], [32.397, -24.978], [32.409, -24.993], [32.41, -24.999], [32.378, -25.026], [32.374, -25.042], [32.377, -25.057], [32.381, -25.065], [32.384, -25.081], [32.381, -25.11], [32.403, -25.146], [32.398, -25.181], [32.392, -25.201], [32.394, -25.21], [32.419, -25.25], [32.418, -25.267], [32.435, -25.286], [32.447, -25.289], [32.462, -25.286], [32.498, -25.295], [32.505, -25.285], [32.506, -25.272], [32.502, -25.262], [32.497, -25.257], [32.623, -25.312], [32.63, -25.292], [32.624, -25.313], [32.55, -25.393], [32.541, -25.497], [32.53, -25.504], [32.526, -25.538], [32.511, -25.559], [32.55, -25.584], [32.58, -25.66], [32.565, -25.699], [32.519, -25.686], [32.485, -25.718], [32.472, -25.752], [32.47, -25.753]]]]}}, {"type": "Feature", "properties": {"id": "Xai-Xai", "name": "Xai-Xai", "desert": 0, "offices": 16}, "geometry": {"type": "MultiPolygon", "coordinates": [[[[33.502, -25.212], [33.501, -25.215], [33.496, -25.216], [33.5, -25.214], [33.5, -25.212], [33.502, -25.212]]], [[[33.334, -25.073], [33.348, -25.066], [33.35, -25.063], [33.35, -25.048], [33.353, -25.041], [33.376, -25.025], [33.374, -25.012], [33.375, -25.004], [33.371, -24.989], [33.372, -24.972], [33.367, -24.961], [33.364, -24.94], [33.371, -24.933], [33.422, -24.926], [33.446, -24.919], [33.459, -24.913], [33.453, -24.899], [33.453, -24.876], [33.459, -24.852], [33.458, -24.845], [33.454, -24.842], [33.465, -24.825], [33.486, -24.823], [33.523, -24.802], [33.535, -24.807], [33.584, -24.819], [33.587, -24.85], [33.596, -24.864], [33.611, -24.871], [33.628, -24.874], [33.636, -24.872], [33.639, -24.868], [33.638, -24.862], [33.663, -24.843], [33.671, -24.834], [33.672, -24.827], [33.68, -24.821], [33.694, -24.817], [33.703, -24.811], [33.715, -24.81], [33.721, -24.812], [33.728, -24.809], [33.733, -24.809], [33.746, -24.811], [33.756, -24.82], [33.759, -24.824], [33.77, -24.826], [33.78, -24.822], [33.789, -24.824], [33.797, -24.824], [33.806, -24.82], [33.834, -24.823], [33.852, -24.834], [33.874, -24.891], [33.972, -24.975], [33.975, -25.008], [33.975, -25.039], [33.925, -25.052], [33.91, -25.058], [33.901, -25.059], [33.869, -25.069], [33.809, -25.091], [33.779, -25.101], [33.762, -25.11], [33.733, -25.117], [33.725, -25.122], [33.715, -25.124], [33.707, -25.128], [33.694, -25.132], [33.636, -25.162], [33.605, -25.176], [33.579, -25.182], [33.578, -25.184], [33.546, -25.194], [33.516, -25.207], [33.512, -25.208], [33.511, -25.206], [33.502, -25.209], [33.496, -25.213], [33.493, -25.218], [33.443, -25.235], [33.429, -25.242], [33.421, -25.244], [33.412, -25.249], [33.401, -25.252], [33.355, -25.272], [33.332, -25.238], [33.328, -25.217], [33.322, -25.195], [33.318, -25.187], [33.337, -25.155], [33.339, -25.143], [33.336, -25.112], [33.328, -25.076], [33.334, -25.073]]]]}}, {"type": "Feature", "properties": {"id": "Bilene", "name": "Bilene", "desert": 0, "offices": 5}, "geometry": {"type": "MultiPolygon", "coordinates": [[[[33.328, -25.217], [33.332, -25.238], [33.339, -25.248], [33.33, -25.245], [33.318, -25.247], [33.307, -25.254], [33.305, -25.258], [33.305, -25.262], [33.291, -25.264], [33.282, -25.272], [33.281, -25.274], [33.266, -25.279], [33.257, -25.285], [33.246, -25.29], [33.227, -25.294], [33.22, -25.298], [33.217, -25.302], [33.218, -25.307], [33.227, -25.312], [33.23, -25.319], [33.235, -25.313], [33.24, -25.314], [33.246, -25.305], [33.251, -25.306], [33.251, -25.309], [33.252, -25.309], [33.254, -25.303], [33.255, -25.303], [33.252, -25.314], [33.247, -25.319], [33.247, -25.321], [33.249, -25.323], [33.248, -25.325], [33.243, -25.326], [33.243, -25.329], [33.241, -25.327], [33.238, -25.327], [33.223, -25.333], [33.132, -25.383], [33.138, -25.301], [33.134, -25.275], [33.127, -25.245], [33.107, -25.211], [33.101, -25.203], [32.994, -25.203], [32.991, -25.202], [32.993, -25.199], [32.997, -25.18], [32.995, -25.176], [32.996, -25.172], [33.007, -25.157], [33.012, -25.152], [33.012, -25.149], [33.01, -25.146], [33.012, -25.134], [33.01, -25.13], [33.004, -25.132], [32.998, -25.136], [32.99, -25.133], [32.984, -25.126], [32.983, -25.118], [32.996, -25.095], [32.999, -25.086], [32.955, -25.079], [32.947, -25.076], [32.935, -25.07], [32.925, -25.07], [32.923, -25.062], [32.924, -25.053], [32.915, -25.039], [32.915, -25.033], [32.921, -25.011], [32.919, -24.983], [32.922, -24.979], [32.923, -24.974], [32.92, -24.972], [32.912, -24.971], [32.905, -24.967], [32.902, -24.961], [32.903, -24.956], [32.903, -24.943], [32.913, -24.934], [32.914, -24.93], [32.914, -24.926], [32.919, -24.926], [32.932, -24.916], [32.938, -24.916], [32.941, -24.912], [32.939, -24.909], [32.94, -24.903], [32.938, -24.898], [32.925, -24.898], [32.916, -24.89], [32.916, -24.883], [32.91, -24.876], [32.913, -24.872], [32.906, -24.868], [32.905, -24.866], [32.909, -24.858], [32.909, -24.852], [32.951, -24.763], [32.984, -24.787], [32.987, -24.814], [33.0, -24.825], [33.027, -24.84], [33.042, -24.843], [33.087, -24.858], [33.115, -24.862], [33.145, -24.864], [33.163, -24.86], [33.207, -24.834], [33.255, -24.8], [33.282, -24.776], [33.288, -24.775], [33.366, -24.772], [33.368, -24.775], [33.369, -24.785], [33.391, -24.789], [33.401, -24.794], [33.438, -24.82], [33.444, -24.816], [33.465, -24.825], [33.454, -24.842], [33.458, -24.845], [33.459, -24.852], [33.453, -24.876], [33.453, -24.899], [33.459, -24.913], [33.446, -24.919], [33.422, -24.926], [33.371, -24.933], [33.364, -24.94], [33.367, -24.961], [33.372, -24.972], [33.371, -24.989], [33.375, -25.004], [33.374, -25.012], [33.376, -25.025], [33.353, -25.041], [33.35, -25.048], [33.35, -25.063], [33.348, -25.066], [33.328, -25.076], [33.336, -25.112], [33.339, -25.143], [33.337, -25.155], [33.318, -25.187], [33.322, -25.195], [33.328, -25.217]]], [[[33.354, -25.273], [33.307, -25.293], [33.262, -25.316], [33.257, -25.317], [33.257, -25.312], [33.26, -25.312], [33.261, -25.31], [33.261, -25.296], [33.262, -25.296], [33.262, -25.299], [33.264, -25.297], [33.274, -25.298], [33.278, -25.285], [33.283, -25.288], [33.289, -25.287], [33.291, -25.279], [33.293, -25.28], [33.303, -25.276], [33.307, -25.266], [33.315, -25.268], [33.32, -25.268], [33.325, -25.264], [33.326, -25.258], [33.337, -25.261], [33.342, -25.253], [33.348, -25.26], [33.354, -25.273]]], [[[33.339, -25.249], [33.339, -25.249], [33.34, -25.249], [33.339, -25.249]]], [[[33.339, -25.248], [33.339, -25.249], [33.339, -25.249], [33.339, -25.249], [33.339, -25.248]]]]}}, {"type": "Feature", "properties": {"id": "Chibuto", "name": "Chibuto", "desert": 0, "offices": 3}, "geometry": {"type": "MultiPolygon", "coordinates": [[[[33.519, -24.794], [33.521, -24.777], [33.523, -24.771], [33.523, -24.762], [33.516, -24.757], [33.496, -24.76], [33.488, -24.772], [33.477, -24.781], [33.458, -24.775], [33.45, -24.76], [33.44, -24.748], [33.398, -24.716], [33.387, -24.711], [33.36, -24.685], [33.34, -24.67], [33.319, -24.666], [33.302, -24.666], [33.287, -24.688], [33.271, -24.687], [33.268, -24.683], [33.271, -24.679], [33.284, -24.651], [33.285, -24.639], [33.281, -24.615], [33.274, -24.601], [33.283, -24.556], [33.301, -24.544], [33.308, -24.538], [33.324, -24.528], [33.369, -24.517], [33.385, -24.498], [33.43, -24.498], [33.435, -24.491], [33.428, -24.48], [33.411, -24.475], [33.394, -24.465], [33.376, -24.447], [33.372, -24.433], [33.345, -24.369], [33.33, -24.341], [33.327, -24.336], [33.298, -24.311], [33.281, -24.288], [33.277, -24.283], [33.276, -24.275], [33.272, -24.269], [33.261, -24.243], [33.359, -24.146], [33.366, -23.788], [33.449, -23.839], [33.46, -23.849], [33.483, -23.876], [33.495, -23.883], [33.528, -23.888], [33.559, -23.907], [33.592, -23.911], [33.606, -23.916], [33.642, -23.929], [33.663, -23.942], [33.675, -23.947], [33.69, -23.942], [33.894, -23.663], [33.896, -23.667], [33.904, -23.669], [33.922, -23.66], [33.929, -23.655], [33.938, -23.663], [33.942, -23.677], [33.942, -23.685], [33.948, -23.686], [33.958, -23.709], [33.934, -23.719], [33.936, -23.727], [33.929, -23.751], [33.928, -23.763], [33.924, -23.77], [33.918, -23.774], [33.929, -23.792], [33.931, -23.804], [33.928, -23.813], [33.929, -23.823], [33.915, -23.837], [33.926, -23.844], [33.926, -23.852], [33.936, -23.857], [33.94, -23.862], [33.938, -23.871], [33.92, -23.881], [33.916, -23.88], [33.917, -23.892], [33.92, -23.898], [33.92, -23.907], [33.927, -23.937], [33.933, -23.953], [33.932, -23.963], [33.925, -23.979], [33.926, -23.985], [33.935, -23.986], [33.938, -23.991], [33.934, -23.998], [33.928, -24.003], [33.928, -24.007], [33.934, -24.014], [33.932, -24.021], [33.928, -24.024], [33.931, -24.042], [33.934, -24.047], [33.938, -24.062], [33.942, -24.072], [33.946, -24.078], [33.938, -24.085], [33.931, -24.088], [33.921, -24.082], [33.909, -24.081], [33.905, -24.091], [33.895, -24.1], [33.884, -24.094], [33.867, -24.097], [33.851, -24.096], [33.843, -24.106], [33.841, -24.114], [33.84, -24.146], [33.837, -24.166], [33.831, -24.272], [33.83, -24.404], [33.837, -24.455], [33.833, -24.486], [33.834, -24.495], [33.829, -24.51], [33.837, -24.529], [33.853, -24.541], [33.857, -24.547], [33.861, -24.569], [33.849, -24.579], [33.842, -24.589], [33.84, -24.596], [33.836, -24.629], [33.834, -24.632], [33.827, -24.633], [33.821, -24.63], [33.817, -24.633], [33.818, -24.64], [33.823, -24.653], [33.83, -24.661], [33.832, -24.669], [33.823, -24.683], [33.819, -24.688], [33.815, -24.699], [33.808, -24.702], [33.823, -24.703], [33.835, -24.736], [33.787, -24.814], [33.78, -24.822], [33.77, -24.826], [33.759, -24.824], [33.756, -24.82], [33.746, -24.811], [33.733, -24.809], [33.728, -24.809], [33.721, -24.812], [33.715, -24.81], [33.703, -24.811], [33.694, -24.817], [33.68, -24.821], [33.672, -24.827], [33.671, -24.834], [33.663, -24.843], [33.638, -24.862], [33.639, -24.868], [33.636, -24.872], [33.628, -24.874], [33.611, -24.871], [33.596, -24.864], [33.587, -24.85], [33.584, -24.819], [33.535, -24.807], [33.523, -24.802], [33.519, -24.794]]]]}}, {"type": "Feature", "properties": {"id": "Chicualacuala", "name": "Chicualacuala", "desert": 0, "offices": 1}, "geometry": {"type": "MultiPolygon", "coordinates": [[[[32.289, -23.3], [32.297, -23.316], [32.324, -23.347], [32.336, -23.354], [32.364, -23.385], [32.388, -23.416], [32.413, -23.446], [32.427, -23.455], [32.439, -23.46], [32.449, -23.466], [32.456, -23.481], [32.46, -23.494], [32.466, -23.525], [32.461, -23.543], [32.459, -23.573], [32.45, -23.584], [32.428, -23.582], [32.409, -23.577], [32.391, -23.582], [32.295, -23.566], [32.247, -23.573], [31.99, -23.577], [31.981, -23.574], [31.976, -23.569], [31.958, -23.567], [31.938, -23.559], [31.919, -23.54], [31.918, -23.524], [31.911, -23.518], [31.91, -23.508], [31.898, -23.468], [31.883, -23.476], [31.865, -23.482], [31.856, -23.479], [31.852, -23.465], [31.817, -23.454], [31.808, -23.452], [31.798, -23.438], [31.79, -23.43], [31.777, -23.43], [31.754, -23.426], [31.738, -23.43], [31.726, -23.428], [31.715, -23.421], [31.681, -23.405], [31.666, -23.401], [31.654, -23.37], [31.633, -23.335], [31.628, -23.319], [31.615, -23.301], [31.6, -23.23], [31.572, -23.226], [31.562, -23.222], [31.564, -23.198], [31.546, -23.137], [31.307, -22.424], [31.309, -22.422], [31.307, -22.42], [31.381, -22.372], [31.47, -22.284], [31.482, -22.27], [31.487, -22.267], [31.498, -22.256], [31.504, -22.252], [31.529, -22.221], [31.537, -22.215], [31.59, -22.16], [31.611, -22.141], [31.68, -22.069], [31.682, -22.07], [31.745, -22.004], [31.758, -21.994], [31.867, -21.881], [31.957, -21.893], [32.076, -21.952], [32.082, -21.942], [32.094, -21.938], [32.108, -21.936], [32.11, -21.93], [32.125, -21.945], [32.134, -21.96], [32.146, -21.967], [32.178, -21.978], [32.202, -21.998], [32.221, -22.012], [32.222, -22.022], [32.23, -22.042], [32.241, -22.053], [32.25, -22.064], [32.254, -22.079], [32.271, -22.08], [32.286, -22.089], [32.302, -22.093], [32.31, -22.102], [32.303, -22.118], [32.31, -22.134], [32.321, -22.141], [32.333, -22.155], [32.34, -22.168], [32.377, -22.173], [32.414, -22.151], [32.454, -22.132], [32.472, -22.121], [32.502, -22.109], [32.528, -22.104], [32.544, -22.098], [32.567, -22.092], [32.58, -22.084], [32.592, -22.068], [32.606, -22.156], [32.593, -22.279], [32.609, -22.351], [32.61, -22.458], [32.641, -22.453], [32.662, -22.619], [32.746, -22.816], [32.905, -22.982], [32.419, -22.985], [32.396, -22.999], [32.334, -23.09], [32.285, -23.191], [32.283, -23.216], [32.28, -23.23], [32.275, -23.259], [32.281, -23.262], [32.281, -23.271], [32.289, -23.3]]]]}}, {"type": "Feature", "properties": {"id": "Chigubo", "name": "Chigubo", "desert": 1, "offices": 0}, "geometry": {"type": "MultiPolygon", "coordinates": [[[[33.592, -23.911], [33.559, -23.907], [33.528, -23.888], [33.495, -23.883], [33.483, -23.876], [33.46, -23.849], [33.449, -23.839], [33.366, -23.788], [33.347, -23.782], [33.327, -23.77], [33.271, -23.719], [33.261, -23.707], [33.234, -23.685], [33.211, -23.673], [33.165, -23.651], [33.156, -23.65], [33.139, -23.641], [33.119, -23.651], [33.114, -23.643], [33.108, -23.64], [33.102, -23.642], [33.086, -23.649], [33.075, -23.648], [33.047, -23.633], [33.016, -23.627], [33.024, -23.558], [33.101, -23.432], [33.112, -23.368], [33.141, -23.351], [33.185, -23.239], [33.214, -23.043], [33.247, -23.001], [33.019, -22.964], [32.998, -22.966], [32.905, -22.982], [32.746, -22.816], [32.662, -22.619], [32.641, -22.453], [32.61, -22.458], [32.609, -22.351], [32.593, -22.279], [32.606, -22.156], [32.592, -22.068], [32.632, -22.057], [32.69, -22.02], [32.706, -22.013], [32.74, -22.005], [32.805, -21.966], [32.82, -21.966], [32.863, -21.979], [32.932, -21.965], [33.007, -21.976], [33.282, -21.979], [33.291, -21.974], [33.31, -21.983], [33.32, -21.992], [33.349, -22.001], [33.335, -22.034], [33.33, -22.056], [33.335, -22.087], [33.343, -22.095], [33.352, -22.1], [33.358, -22.108], [33.365, -22.129], [33.362, -22.151], [33.343, -22.163], [33.344, -22.178], [33.341, -22.201], [33.33, -22.225], [33.332, -22.237], [33.347, -22.252], [33.355, -22.259], [33.367, -22.262], [33.372, -22.286], [33.363, -22.298], [33.359, -22.315], [33.367, -22.354], [33.37, -22.364], [33.378, -22.371], [33.386, -22.386], [33.38, -22.388], [33.359, -22.38], [33.336, -22.386], [33.321, -22.385], [33.315, -22.399], [33.308, -22.407], [33.306, -22.416], [33.312, -22.435], [33.312, -22.441], [33.307, -22.462], [33.298, -22.488], [33.293, -22.497], [33.295, -22.504], [33.288, -22.518], [33.287, -22.528], [33.279, -22.538], [33.28, -22.543], [33.274, -22.549], [33.272, -22.564], [33.284, -22.572], [33.282, -22.582], [33.289, -22.592], [33.294, -22.595], [33.296, -22.608], [33.303, -22.621], [33.314, -22.632], [33.322, -22.645], [33.322, -22.659], [33.341, -22.663], [33.364, -22.664], [33.373, -22.671], [33.387, -22.676], [33.398, -22.687], [33.413, -22.697], [33.425, -22.702], [33.446, -22.708], [33.454, -22.715], [33.458, -22.725], [33.46, -22.735], [33.471, -22.746], [33.486, -22.754], [33.49, -22.761], [33.487, -22.777], [33.498, -22.781], [33.502, -22.8], [33.513, -22.813], [33.533, -22.82], [33.544, -22.827], [33.564, -22.843], [33.571, -22.851], [33.577, -22.864], [33.601, -22.893], [33.608, -22.898], [33.615, -22.902], [33.639, -22.895], [33.647, -22.894], [33.648, -22.917], [33.658, -22.924], [33.661, -22.935], [33.669, -22.941], [33.676, -22.949], [33.679, -22.959], [33.684, -22.968], [33.685, -22.985], [33.691, -23.002], [33.687, -23.018], [33.698, -23.026], [33.713, -23.031], [33.736, -23.07], [33.739, -23.081], [33.743, -23.087], [33.755, -23.083], [33.775, -23.082], [33.78, -23.111], [33.793, -23.116], [33.802, -23.125], [33.81, -23.144], [33.82, -23.148], [33.829, -23.153], [33.828, -23.176], [33.844, -23.179], [33.849, -23.187], [33.846, -23.234], [33.856, -23.242], [33.868, -23.256], [33.875, -23.27], [33.871, -23.281], [33.87, -23.298], [33.879, -23.322], [33.901, -23.325], [33.902, -23.336], [33.842, -23.358], [33.846, -23.38], [33.843, -23.389], [33.863, -23.398], [33.863, -23.418], [33.866, -23.431], [33.871, -23.437], [33.874, -23.436], [33.88, -23.44], [33.885, -23.467], [33.888, -23.475], [33.895, -23.484], [33.909, -23.482], [33.927, -23.491], [33.927, -23.503], [33.931, -23.508], [33.94, -23.539], [33.947, -23.545], [33.945, -23.556], [33.934, -23.565], [33.93, -23.575], [33.935, -23.581], [33.945, -23.586], [33.928, -23.609], [33.926, -23.623], [33.916, -23.63], [33.912, -23.64], [33.91, -23.647], [33.901, -23.653], [33.69, -23.942], [33.675, -23.947], [33.663, -23.942], [33.642, -23.929], [33.592, -23.911]]]]}}, {"type": "Feature", "properties": {"id": "Ch\u00f3kw\u00e8", "name": "Ch\u00f3kw\u00e8", "desert": 0, "offices": 7}, "geometry": {"type": "MultiPolygon", "coordinates": [[[[33.444, -24.816], [33.438, -24.82], [33.401, -24.794], [33.391, -24.789], [33.369, -24.785], [33.368, -24.775], [33.366, -24.772], [33.288, -24.775], [33.282, -24.776], [33.255, -24.8], [33.207, -24.834], [33.163, -24.86], [33.145, -24.864], [33.115, -24.862], [33.087, -24.858], [33.042, -24.843], [33.027, -24.84], [33.0, -24.825], [32.987, -24.814], [32.984, -24.787], [32.951, -24.763], [32.951, -24.764], [32.888, -24.761], [32.879, -24.767], [32.872, -24.776], [32.867, -24.771], [32.867, -24.769], [32.874, -24.752], [32.873, -24.749], [32.866, -24.747], [32.861, -24.743], [32.861, -24.741], [32.837, -24.723], [32.839, -24.696], [32.838, -24.684], [32.832, -24.67], [32.819, -24.661], [32.799, -24.629], [32.783, -24.61], [32.764, -24.575], [32.763, -24.564], [32.751, -24.554], [32.746, -24.544], [32.747, -24.541], [32.731, -24.531], [32.719, -24.509], [32.716, -24.498], [32.72, -24.483], [32.724, -24.475], [32.728, -24.458], [32.725, -24.423], [32.718, -24.403], [32.696, -24.386], [32.672, -24.377], [32.654, -24.376], [32.615, -24.38], [32.606, -24.376], [32.599, -24.369], [32.587, -24.35], [32.568, -24.335], [32.558, -24.333], [32.572, -24.238], [32.598, -24.198], [32.611, -24.127], [32.637, -24.11], [32.651, -24.114], [32.672, -24.127], [32.704, -24.16], [32.721, -24.171], [32.726, -24.178], [32.74, -24.191], [32.752, -24.21], [32.767, -24.223], [32.783, -24.253], [32.82, -24.302], [32.84, -24.337], [32.84, -24.345], [32.843, -24.356], [32.853, -24.367], [32.854, -24.378], [32.876, -24.41], [32.883, -24.436], [32.887, -24.446], [32.901, -24.451], [32.922, -24.451], [32.931, -24.448], [32.956, -24.449], [32.966, -24.451], [32.988, -24.475], [32.999, -24.484], [33.016, -24.505], [33.035, -24.52], [33.05, -24.526], [33.053, -24.529], [33.055, -24.538], [33.055, -24.552], [33.075, -24.557], [33.092, -24.557], [33.093, -24.567], [33.096, -24.578], [33.1, -24.58], [33.117, -24.582], [33.129, -24.59], [33.137, -24.606], [33.15, -24.616], [33.211, -24.639], [33.234, -24.632], [33.25, -24.62], [33.265, -24.617], [33.278, -24.623], [33.282, -24.622], [33.285, -24.639], [33.284, -24.651], [33.271, -24.679], [33.268, -24.683], [33.271, -24.687], [33.287, -24.688], [33.302, -24.666], [33.319, -24.666], [33.34, -24.67], [33.36, -24.685], [33.387, -24.711], [33.398, -24.716], [33.44, -24.748], [33.45, -24.76], [33.458, -24.775], [33.477, -24.781], [33.488, -24.772], [33.496, -24.76], [33.516, -24.757], [33.523, -24.762], [33.523, -24.771], [33.521, -24.777], [33.519, -24.794], [33.523, -24.802], [33.486, -24.823], [33.465, -24.825], [33.444, -24.816]]]]}}, {"type": "Feature", "properties": {"id": "Guij\u00e1", "name": "Guij\u00e1", "desert": 1, "offices": 0}, "geometry": {"type": "MultiPolygon", "coordinates": [[[[32.992, -24.478], [32.965, -24.451], [32.956, -24.449], [32.931, -24.448], [32.922, -24.451], [32.901, -24.451], [32.887, -24.446], [32.883, -24.436], [32.876, -24.41], [32.854, -24.378], [32.853, -24.367], [32.843, -24.356], [32.84, -24.345], [32.84, -24.337], [32.82, -24.302], [32.783, -24.253], [32.767, -24.223], [32.752, -24.21], [32.74, -24.191], [32.836, -24.092], [32.891, -24.024], [32.914, -24.003], [32.911, -24.0], [32.979, -23.939], [32.999, -23.95], [33.008, -23.952], [33.015, -23.936], [33.017, -23.919], [33.039, -23.88], [33.099, -23.731], [33.115, -23.673], [33.119, -23.651], [33.139, -23.641], [33.156, -23.65], [33.165, -23.651], [33.234, -23.685], [33.261, -23.707], [33.271, -23.719], [33.327, -23.77], [33.347, -23.782], [33.366, -23.788], [33.359, -24.146], [33.261, -24.243], [33.272, -24.269], [33.276, -24.275], [33.277, -24.283], [33.281, -24.288], [33.298, -24.311], [33.327, -24.336], [33.33, -24.341], [33.345, -24.369], [33.372, -24.433], [33.376, -24.447], [33.394, -24.465], [33.411, -24.475], [33.428, -24.48], [33.435, -24.491], [33.43, -24.498], [33.385, -24.498], [33.369, -24.517], [33.324, -24.528], [33.308, -24.538], [33.301, -24.544], [33.283, -24.556], [33.274, -24.601], [33.281, -24.615], [33.282, -24.622], [33.278, -24.623], [33.265, -24.617], [33.25, -24.62], [33.234, -24.632], [33.211, -24.639], [33.15, -24.616], [33.137, -24.606], [33.129, -24.59], [33.117, -24.582], [33.1, -24.58], [33.096, -24.578], [33.093, -24.567], [33.092, -24.557], [33.075, -24.557], [33.055, -24.552], [33.055, -24.538], [33.053, -24.529], [33.05, -24.526], [33.035, -24.52], [33.016, -24.505], [32.999, -24.484], [32.992, -24.478]]]]}}, {"type": "Feature", "properties": {"id": "Mabalane", "name": "Mabalane", "desert": 0, "offices": 1}, "geometry": {"type": "MultiPolygon", "coordinates": [[[[33.047, -23.633], [33.075, -23.648], [33.086, -23.649], [33.102, -23.642], [33.108, -23.64], [33.114, -23.643], [33.119, -23.651], [33.115, -23.673], [33.099, -23.731], [33.039, -23.88], [33.017, -23.919], [33.015, -23.936], [33.008, -23.952], [32.999, -23.95], [32.979, -23.939], [32.911, -24.0], [32.914, -24.003], [32.891, -24.024], [32.836, -24.092], [32.74, -24.191], [32.726, -24.178], [32.721, -24.171], [32.704, -24.16], [32.672, -24.127], [32.651, -24.114], [32.637, -24.11], [32.627, -24.101], [32.614, -24.075], [32.612, -24.067], [32.612, -24.052], [32.606, -24.049], [32.599, -24.048], [32.581, -24.036], [32.559, -24.034], [32.55, -24.028], [32.544, -24.016], [32.522, -24.001], [32.523, -23.998], [32.464, -23.953], [32.421, -23.859], [32.399, -23.79], [32.352, -23.732], [32.331, -23.696], [32.303, -23.658], [32.289, -23.644], [32.275, -23.637], [32.27, -23.63], [32.26, -23.613], [32.251, -23.592], [32.247, -23.573], [32.295, -23.566], [32.391, -23.582], [32.409, -23.577], [32.428, -23.582], [32.45, -23.584], [32.459, -23.573], [32.461, -23.543], [32.466, -23.525], [32.46, -23.494], [32.456, -23.481], [32.449, -23.466], [32.439, -23.46], [32.427, -23.455], [32.413, -23.446], [32.388, -23.416], [32.364, -23.385], [32.336, -23.354], [32.324, -23.347], [32.297, -23.316], [32.289, -23.3], [32.283, -23.282], [32.281, -23.271], [32.281, -23.262], [32.275, -23.259], [32.28, -23.23], [32.283, -23.216], [32.285, -23.191], [32.3, -23.159], [32.334, -23.09], [32.396, -22.999], [32.419, -22.985], [32.905, -22.982], [32.998, -22.966], [33.019, -22.964], [33.247, -23.001], [33.214, -23.043], [33.185, -23.239], [33.141, -23.351], [33.112, -23.368], [33.101, -23.432], [33.024, -23.558], [33.016, -23.627], [33.047, -23.633]]]]}}, {"type": "Feature", "properties": {"id": "Manjacaze", "name": "Mandlakazi", "desert": 0, "offices": 1}, "geometry": {"type": "MultiPolygon", "coordinates": [[[[34.436, -24.806], [34.474, -24.863], [34.463, -24.864], [34.449, -24.871], [34.426, -24.877], [34.417, -24.883], [34.39, -24.892], [34.376, -24.903], [34.362, -24.906], [34.34, -24.916], [34.309, -24.925], [34.304, -24.928], [34.265, -24.938], [34.242, -24.94], [34.207, -24.952], [34.177, -24.965], [34.175, -24.965], [34.168, -24.97], [34.161, -24.97], [34.137, -24.982], [34.109, -24.99], [34.102, -24.995], [34.056, -25.008], [34.049, -25.012], [34.011, -25.025], [34.002, -25.031], [33.986, -25.037], [33.975, -25.038], [33.972, -24.975], [33.874, -24.891], [33.852, -24.834], [33.834, -24.823], [33.806, -24.82], [33.797, -24.824], [33.789, -24.824], [33.78, -24.822], [33.787, -24.814], [33.835, -24.736], [33.823, -24.703], [33.808, -24.702], [33.815, -24.699], [33.819, -24.688], [33.823, -24.683], [33.832, -24.669], [33.83, -24.661], [33.823, -24.653], [33.818, -24.64], [33.817, -24.633], [33.821, -24.63], [33.827, -24.633], [33.834, -24.632], [33.836, -24.629], [33.84, -24.596], [33.842, -24.589], [33.849, -24.579], [33.861, -24.569], [33.857, -24.547], [33.853, -24.541], [33.837, -24.529], [33.829, -24.51], [33.834, -24.495], [33.833, -24.486], [33.837, -24.455], [33.83, -24.404], [33.831, -24.272], [33.837, -24.166], [33.84, -24.146], [33.841, -24.114], [33.843, -24.106], [33.851, -24.096], [33.867, -24.097], [33.884, -24.094], [33.895, -24.1], [33.905, -24.091], [33.909, -24.081], [33.921, -24.082], [33.931, -24.088], [33.938, -24.085], [33.946, -24.078], [33.961, -24.072], [33.973, -24.073], [33.985, -24.079], [33.992, -24.089], [34.001, -24.086], [34.001, -24.352], [34.141, -24.536], [34.181, -24.517], [34.196, -24.518], [34.207, -24.517], [34.218, -24.508], [34.259, -24.488], [34.273, -24.485], [34.288, -24.485], [34.303, -24.479], [34.307, -24.479], [34.315, -24.484], [34.326, -24.479], [34.34, -24.468], [34.396, -24.459], [34.422, -24.449], [34.428, -24.456], [34.354, -24.527], [34.455, -24.636], [34.301, -24.707], [34.302, -24.793], [34.436, -24.806]]]]}}, {"type": "Feature", "properties": {"id": "Massangena", "name": "Massangena", "desert": 1, "offices": 0}, "geometry": {"type": "MultiPolygon", "coordinates": [[[[32.34, -22.168], [32.333, -22.155], [32.321, -22.141], [32.31, -22.134], [32.303, -22.118], [32.31, -22.102], [32.302, -22.093], [32.286, -22.089], [32.271, -22.08], [32.254, -22.079], [32.25, -22.064], [32.241, -22.053], [32.23, -22.042], [32.222, -22.022], [32.221, -22.012], [32.202, -21.998], [32.178, -21.978], [32.146, -21.967], [32.134, -21.96], [32.125, -21.945], [32.11, -21.93], [32.108, -21.936], [32.094, -21.938], [32.082, -21.942], [32.076, -21.952], [31.957, -21.893], [31.866, -21.881], [32.143, -21.593], [32.16, -21.573], [32.4, -21.328], [32.411, -21.318], [32.426, -21.311], [32.44, -21.309], [32.453, -21.311], [32.461, -21.316], [32.468, -21.324], [32.48, -21.328], [32.48, -21.326], [32.502, -21.348], [32.514, -21.365], [32.523, -21.374], [32.544, -21.383], [32.62, -21.39], [32.661, -21.398], [32.691, -21.412], [32.731, -21.437], [32.755, -21.448], [32.769, -21.46], [32.781, -21.475], [32.85, -21.507], [32.872, -21.5], [32.89, -21.487], [32.912, -21.484], [32.932, -21.49], [32.951, -21.505], [32.961, -21.52], [32.962, -21.527], [32.957, -21.555], [32.962, -21.563], [32.97, -21.568], [32.984, -21.57], [33.0, -21.568], [33.019, -21.568], [33.029, -21.577], [33.048, -21.586], [33.068, -21.586], [33.068, -21.568], [33.106, -21.532], [33.164, -21.505], [33.193, -21.486], [33.232, -21.477], [33.27, -21.495], [33.28, -21.495], [33.309, -21.486], [33.27, -21.523], [33.27, -21.532], [33.261, -21.523], [33.251, -21.532], [33.241, -21.532], [33.232, -21.541], [33.232, -21.55], [33.242, -21.559], [33.242, -21.568], [33.232, -21.577], [33.212, -21.577], [33.203, -21.586], [33.203, -21.613], [33.193, -21.613], [33.184, -21.622], [33.164, -21.703], [33.193, -21.758], [33.155, -21.821], [33.252, -21.947], [33.281, -21.965], [33.291, -21.974], [33.282, -21.979], [33.007, -21.976], [32.932, -21.965], [32.863, -21.979], [32.82, -21.966], [32.805, -21.966], [32.74, -22.005], [32.706, -22.013], [32.69, -22.02], [32.632, -22.057], [32.592, -22.068], [32.58, -22.084], [32.567, -22.092], [32.544, -22.098], [32.528, -22.104], [32.502, -22.109], [32.472, -22.121], [32.454, -22.132], [32.414, -22.151], [32.377, -22.173], [32.34, -22.168]]]]}}, {"type": "Feature", "properties": {"id": "Massingir", "name": "Massingir", "desert": 0, "offices": 1}, "geometry": {"type": "MultiPolygon", "coordinates": [[[[32.558, -24.333], [32.545, -24.346], [32.537, -24.346], [32.534, -24.345], [32.528, -24.338], [32.522, -24.334], [32.513, -24.334], [32.507, -24.332], [32.488, -24.33], [32.481, -24.326], [32.481, -24.327], [32.476, -24.325], [32.464, -24.308], [32.449, -24.302], [32.448, -24.294], [32.44, -24.28], [32.433, -24.28], [32.396, -24.267], [32.386, -24.261], [32.357, -24.248], [32.343, -24.246], [32.321, -24.253], [32.312, -24.25], [32.301, -24.25], [32.293, -24.251], [32.276, -24.249], [32.269, -24.243], [32.256, -24.236], [32.233, -24.235], [32.229, -24.24], [32.215, -24.233], [32.208, -24.233], [32.192, -24.216], [32.165, -24.214], [32.127, -24.213], [32.096, -24.206], [32.075, -24.203], [32.045, -24.209], [31.97, -24.246], [31.949, -24.246], [31.908, -24.182], [31.887, -24.001], [31.881, -23.968], [31.881, -23.955], [31.769, -23.888], [31.697, -23.722], [31.691, -23.629], [31.666, -23.591], [31.561, -23.482], [31.551, -23.41], [31.556, -23.269], [31.559, -23.231], [31.561, -23.229], [31.562, -23.222], [31.572, -23.226], [31.6, -23.23], [31.615, -23.301], [31.628, -23.319], [31.633, -23.335], [31.654, -23.37], [31.666, -23.401], [31.681, -23.405], [31.715, -23.421], [31.726, -23.428], [31.738, -23.43], [31.754, -23.426], [31.777, -23.43], [31.79, -23.43], [31.798, -23.438], [31.808, -23.452], [31.817, -23.454], [31.852, -23.465], [31.856, -23.479], [31.865, -23.482], [31.883, -23.476], [31.898, -23.468], [31.91, -23.508], [31.911, -23.518], [31.918, -23.524], [31.919, -23.54], [31.938, -23.559], [31.958, -23.567], [31.976, -23.569], [31.981, -23.574], [31.99, -23.577], [32.247, -23.573], [32.251, -23.592], [32.26, -23.613], [32.27, -23.63], [32.275, -23.637], [32.289, -23.644], [32.303, -23.658], [32.331, -23.696], [32.352, -23.732], [32.399, -23.79], [32.421, -23.859], [32.464, -23.953], [32.523, -23.998], [32.522, -24.001], [32.544, -24.016], [32.55, -24.028], [32.559, -24.034], [32.581, -24.036], [32.599, -24.048], [32.606, -24.049], [32.612, -24.052], [32.612, -24.067], [32.617, -24.083], [32.627, -24.101], [32.637, -24.11], [32.611, -24.127], [32.598, -24.198], [32.572, -24.238], [32.558, -24.333]]]]}}, {"type": "Feature", "properties": {"id": "Zavala", "name": "Zavala", "desert": 0, "offices": 14}, "geometry": {"type": "MultiPolygon", "coordinates": [[[[34.301, -24.707], [34.455, -24.636], [34.354, -24.527], [34.428, -24.456], [34.453, -24.481], [34.459, -24.49], [34.478, -24.506], [34.498, -24.508], [34.516, -24.508], [34.527, -24.503], [34.536, -24.496], [34.547, -24.492], [34.585, -24.495], [34.594, -24.5], [34.6, -24.512], [34.608, -24.539], [34.643, -24.551], [34.639, -24.567], [34.639, -24.577], [34.653, -24.589], [34.667, -24.59], [34.678, -24.58], [34.682, -24.563], [34.691, -24.558], [34.731, -24.55], [34.761, -24.542], [34.778, -24.546], [34.793, -24.542], [34.807, -24.528], [34.818, -24.522], [34.87, -24.503], [34.906, -24.495], [34.968, -24.487], [35.0, -24.494], [35.017, -24.492], [35.032, -24.501], [35.09, -24.55], [35.105, -24.565], [35.102, -24.573], [35.093, -24.585], [35.105, -24.611], [35.095, -24.616], [35.092, -24.62], [35.079, -24.626], [35.065, -24.636], [35.056, -24.639], [35.044, -24.647], [35.003, -24.668], [34.961, -24.685], [34.942, -24.69], [34.932, -24.696], [34.918, -24.7], [34.889, -24.715], [34.86, -24.727], [34.81, -24.75], [34.797, -24.753], [34.783, -24.76], [34.72, -24.781], [34.639, -24.805], [34.549, -24.834], [34.538, -24.838], [34.534, -24.842], [34.516, -24.848], [34.511, -24.853], [34.49, -24.86], [34.474, -24.863], [34.436, -24.806], [34.302, -24.793], [34.301, -24.707]]]]}}, {"type": "Feature", "properties": {"id": "Funhalouro", "name": "Funhalouro", "desert": 0, "offices": 1}, "geometry": {"type": "MultiPolygon", "coordinates": [[[[33.935, -23.581], [33.93, -23.575], [33.934, -23.565], [33.945, -23.556], [33.947, -23.545], [33.94, -23.539], [33.931, -23.508], [33.927, -23.503], [33.927, -23.491], [33.909, -23.482], [33.895, -23.484], [33.888, -23.475], [33.885, -23.467], [33.88, -23.44], [33.874, -23.436], [33.871, -23.437], [33.866, -23.431], [33.863, -23.418], [33.863, -23.398], [33.843, -23.389], [33.846, -23.38], [33.842, -23.358], [33.902, -23.336], [33.901, -23.325], [33.879, -23.322], [33.87, -23.298], [33.871, -23.281], [33.875, -23.27], [33.868, -23.256], [33.856, -23.242], [33.846, -23.234], [33.849, -23.187], [33.844, -23.179], [33.828, -23.176], [33.829, -23.153], [33.82, -23.148], [33.81, -23.144], [33.802, -23.125], [33.793, -23.116], [33.78, -23.111], [33.775, -23.082], [33.755, -23.083], [33.743, -23.087], [33.739, -23.081], [33.736, -23.07], [33.713, -23.031], [33.698, -23.026], [33.687, -23.018], [33.691, -23.002], [33.685, -22.985], [33.684, -22.968], [33.679, -22.959], [33.676, -22.949], [33.669, -22.941], [33.661, -22.935], [33.658, -22.924], [33.648, -22.917], [33.648, -22.904], [33.669, -22.902], [33.708, -22.883], [33.855, -22.791], [33.897, -22.784], [33.94, -22.58], [33.873, -22.518], [33.912, -22.41], [33.944, -22.413], [33.931, -22.399], [33.931, -22.39], [33.998, -22.364], [34.04, -22.339], [34.119, -22.228], [34.231, -22.154], [34.295, -22.179], [34.336, -22.2], [34.346, -22.202], [34.369, -22.211], [34.394, -22.341], [34.501, -22.348], [34.517, -22.596], [34.443, -22.65], [34.373, -22.674], [34.375, -22.69], [34.381, -22.699], [34.381, -22.725], [34.383, -22.738], [34.388, -22.746], [34.45, -22.804], [34.474, -22.807], [34.605, -22.867], [34.773, -22.865], [34.786, -22.864], [34.866, -22.875], [34.864, -22.987], [34.886, -22.999], [34.952, -23.056], [34.894, -23.201], [34.821, -23.467], [34.805, -23.519], [34.791, -23.623], [34.799, -23.702], [34.085, -23.699], [34.03, -23.65], [34.017, -23.659], [34.001, -23.611], [33.991, -23.589], [33.988, -23.579], [33.984, -23.575], [33.972, -23.574], [33.94, -23.584], [33.935, -23.581]]]]}}, {"type": "Feature", "properties": {"id": "Govuro", "name": "Govuro", "desert": 0, "offices": 1}, "geometry": {"type": "MultiPolygon", "coordinates": [[[[34.763, -21.539], [34.761, -21.565], [34.621, -21.592], [34.565, -21.627], [34.497, -21.626], [34.482, -21.62], [34.472, -21.624], [34.372, -21.683], [34.365, -21.669], [34.358, -21.643], [34.352, -21.614], [34.351, -21.605], [34.368, -21.57], [34.368, -21.526], [34.389, -21.463], [34.377, -21.452], [34.362, -21.433], [34.323, -21.41], [34.288, -21.399], [34.279, -21.392], [34.271, -21.381], [34.266, -21.372], [34.258, -21.371], [34.215, -21.378], [34.2, -21.367], [34.16, -21.365], [34.153, -21.359], [34.136, -21.34], [34.126, -21.351], [34.114, -21.37], [34.088, -21.399], [34.071, -21.404], [34.066, -21.402], [34.061, -21.405], [34.037, -21.407], [34.029, -21.399], [34.021, -21.365], [34.022, -21.352], [34.02, -21.338], [34.022, -21.328], [34.028, -21.319], [34.039, -21.307], [34.051, -21.302], [34.081, -21.294], [34.105, -21.29], [34.129, -21.31], [34.143, -21.317], [34.172, -21.314], [34.188, -21.308], [34.203, -21.281], [34.209, -21.267], [34.229, -21.261], [34.245, -21.265], [34.256, -21.273], [34.267, -21.284], [34.293, -21.3], [34.3, -21.307], [34.324, -21.314], [34.336, -21.309], [34.348, -21.294], [34.374, -21.274], [34.386, -21.256], [34.44, -21.214], [34.451, -21.179], [34.467, -21.165], [34.484, -21.164], [34.498, -21.16], [34.513, -21.143], [34.529, -21.139], [34.566, -21.135], [34.578, -21.131], [34.601, -21.118], [34.611, -21.108], [34.621, -21.102], [34.641, -21.093], [34.672, -21.092], [34.694, -21.102], [34.704, -21.113], [34.722, -21.122], [34.752, -21.122], [34.772, -21.113], [34.807, -21.079], [34.869, -21.034], [34.93, -21.004], [34.941, -20.997], [34.964, -20.99], [35.0, -20.985], [35.042, -20.974], [35.051, -20.973], [35.056, -20.975], [35.067, -20.974], [35.072, -20.967], [35.074, -20.967], [35.077, -20.961], [35.079, -20.959], [35.084, -20.96], [35.088, -20.963], [35.095, -20.963], [35.103, -20.964], [35.105, -20.962], [35.111, -20.962], [35.114, -20.965], [35.111, -20.97], [35.108, -20.972], [35.11, -20.972], [35.115, -20.967], [35.116, -20.969], [35.115, -20.978], [35.111, -20.982], [35.107, -20.982], [35.104, -20.982], [35.114, -20.983], [35.114, -20.986], [35.117, -20.988], [35.11, -21.002], [35.108, -21.017], [35.106, -21.019], [35.105, -21.026], [35.103, -21.03], [35.1, -21.03], [35.099, -21.028], [35.101, -21.026], [35.1, -21.023], [35.103, -21.017], [35.103, -21.007], [35.101, -21.005], [35.093, -21.003], [35.091, -20.997], [35.089, -20.998], [35.091, -21.0], [35.086, -20.998], [35.084, -21.001], [35.078, -20.997], [35.082, -21.002], [35.087, -21.001], [35.09, -21.007], [35.095, -21.009], [35.09, -21.017], [35.083, -21.012], [35.076, -21.014], [35.072, -21.01], [35.072, -21.011], [35.074, -21.017], [35.081, -21.015], [35.083, -21.017], [35.075, -21.025], [35.074, -21.029], [35.066, -21.028], [35.061, -21.023], [35.055, -21.026], [35.05, -21.026], [35.048, -21.028], [35.05, -21.026], [35.06, -21.027], [35.063, -21.03], [35.072, -21.035], [35.076, -21.034], [35.08, -21.032], [35.082, -21.029], [35.084, -21.029], [35.084, -21.032], [35.081, -21.035], [35.082, -21.044], [35.078, -21.047], [35.076, -21.056], [35.074, -21.059], [35.077, -21.057], [35.079, -21.064], [35.082, -21.065], [35.083, -21.063], [35.08, -21.064], [35.078, -21.058], [35.08, -21.049], [35.084, -21.048], [35.088, -21.051], [35.093, -21.052], [35.093, -21.057], [35.091, -21.064], [35.091, -21.074], [35.089, -21.084], [35.086, -21.087], [35.077, -21.086], [35.077, -21.08], [35.079, -21.079], [35.075, -21.077], [35.072, -21.079], [35.069, -21.083], [35.056, -21.086], [35.055, -21.091], [35.047, -21.091], [35.047, -21.089], [35.05, -21.087], [35.051, -21.085], [35.047, -21.076], [35.049, -21.07], [35.044, -21.074], [35.042, -21.079], [35.046, -21.083], [35.042, -21.086], [35.033, -21.082], [35.031, -21.079], [35.032, -21.076], [35.03, -21.075], [35.029, -21.077], [35.026, -21.077], [35.026, -21.073], [35.024, -21.071], [35.016, -21.069], [35.016, -21.066], [35.014, -21.067], [35.015, -21.07], [35.007, -21.073], [35.002, -21.069], [34.999, -21.069], [34.995, -21.072], [34.992, -21.072], [34.992, -21.073], [34.996, -21.073], [35.001, -21.07], [35.003, -21.073], [35.008, -21.074], [35.014, -21.071], [35.019, -21.075], [35.023, -21.084], [35.029, -21.089], [35.029, -21.091], [35.024, -21.092], [35.027, -21.1], [35.025, -21.1], [35.024, -21.105], [35.021, -21.107], [35.016, -21.107], [35.014, -21.106], [35.014, -21.11], [35.009, -21.114], [35.026, -21.113], [35.033, -21.116], [35.033, -21.119], [35.036, -21.12], [35.044, -21.13], [35.04, -21.137], [35.042, -21.142], [35.041, -21.144], [35.044, -21.143], [35.042, -21.139], [35.043, -21.137], [35.044, -21.135], [35.047, -21.136], [35.05, -21.131], [35.052, -21.131], [35.049, -21.125], [35.054, -21.125], [35.054, -21.122], [35.06, -21.125], [35.064, -21.131], [35.066, -21.133], [35.067, -21.139], [35.066, -21.14], [35.065, -21.153], [35.06, -21.157], [35.058, -21.158], [35.056, -21.156], [35.054, -21.163], [35.049, -21.164], [35.044, -21.166], [35.044, -21.162], [35.043, -21.162], [35.043, -21.167], [35.041, -21.168], [35.05, -21.168], [35.049, -21.172], [35.052, -21.175], [35.048, -21.178], [35.048, -21.18], [35.051, -21.182], [35.051, -21.184], [35.052, -21.182], [35.05, -21.178], [35.063, -21.172], [35.063, -21.174], [35.065, -21.174], [35.065, -21.176], [35.07, -21.178], [35.071, -21.181], [35.08, -21.183], [35.08, -21.192], [35.078, -21.192], [35.077, -21.19], [35.074, -21.19], [35.071, -21.192], [35.071, -21.194], [35.074, -21.192], [35.075, -21.195], [35.082, -21.198], [35.083, -21.203], [35.079, -21.205], [35.086, -21.205], [35.087, -21.211], [35.085, -21.211], [35.084, -21.213], [35.085, -21.217], [35.087, -21.216], [35.087, -21.213], [35.09, -21.213], [35.092, -21.21], [35.092, -21.202], [35.094, -21.203], [35.095, -21.2], [35.097, -21.201], [35.097, -21.202], [35.096, -21.201], [35.096, -21.205], [35.105, -21.21], [35.103, -21.225], [35.099, -21.225], [35.101, -21.227], [35.103, -21.226], [35.104, -21.227], [35.098, -21.234], [35.096, -21.244], [35.095, -21.244], [35.092, -21.246], [35.089, -21.238], [35.085, -21.236], [35.063, -21.241], [35.068, -21.243], [35.068, -21.245], [35.061, -21.244], [35.056, -21.242], [35.056, -21.239], [35.06, -21.24], [35.058, -21.239], [35.06, -21.237], [35.054, -21.237], [35.053, -21.23], [35.049, -21.229], [35.05, -21.226], [35.046, -21.225], [35.048, -21.223], [35.047, -21.221], [35.044, -21.225], [35.046, -21.227], [35.049, -21.232], [35.05, -21.238], [35.048, -21.24], [35.051, -21.246], [35.042, -21.252], [35.043, -21.254], [35.041, -21.259], [35.037, -21.253], [35.035, -21.253], [35.04, -21.259], [35.041, -21.259], [35.044, -21.256], [35.044, -21.251], [35.048, -21.25], [35.049, -21.25], [35.049, -21.253], [35.053, -21.25], [35.054, -21.252], [35.058, -21.254], [35.074, -21.253], [35.079, -21.256], [35.077, -21.264], [35.07, -21.269], [35.077, -21.271], [35.073, -21.273], [35.069, -21.273], [35.06, -21.271], [35.057, -21.273], [35.056, -21.278], [35.053, -21.279], [35.056, -21.279], [35.058, -21.278], [35.059, -21.273], [35.062, -21.272], [35.066, -21.274], [35.066, -21.275], [35.065, -21.276], [35.068, -21.278], [35.079, -21.282], [35.077, -21.285], [35.079, -21.294], [35.076, -21.3], [35.058, -21.302], [35.054, -21.307], [35.055, -21.309], [35.056, -21.31], [35.055, -21.307], [35.06, -21.303], [35.075, -21.305], [35.078, -21.317], [35.076, -21.317], [35.075, -21.315], [35.072, -21.315], [35.069, -21.317], [35.069, -21.319], [35.072, -21.322], [35.079, -21.323], [35.08, -21.325], [35.077, -21.325], [35.077, -21.327], [35.081, -21.324], [35.081, -21.322], [35.077, -21.322], [35.071, -21.321], [35.069, -21.318], [35.072, -21.316], [35.081, -21.32], [35.093, -21.322], [35.088, -21.328], [35.088, -21.33], [35.092, -21.335], [35.087, -21.339], [35.087, -21.341], [35.091, -21.344], [35.087, -21.349], [35.081, -21.369], [35.073, -21.382], [35.074, -21.393], [35.071, -21.403], [35.002, -21.398], [34.986, -21.405], [34.984, -21.445], [34.931, -21.459], [34.919, -21.464], [34.906, -21.466], [34.885, -21.476], [34.85, -21.469], [34.819, -21.458], [34.797, -21.477], [34.782, -21.479], [34.695, -21.503], [34.763, -21.539]]], [[[35.092, -21.327], [35.091, -21.33], [35.089, -21.33], [35.09, -21.325], [35.092, -21.325], [35.092, -21.327]]], [[[35.083, -21.255], [35.085, -21.258], [35.08, -21.26], [35.081, -21.255], [35.083, -21.255]]], [[[35.073, -21.245], [35.072, -21.247], [35.07, -21.245], [35.071, -21.244], [35.073, -21.245]]], [[[35.092, -21.341], [35.092, -21.343], [35.09, -21.341], [35.092, -21.34], [35.092, -21.341]]], [[[35.093, -21.344], [35.093, -21.341], [35.091, -21.339], [35.094, -21.334], [35.091, -21.332], [35.092, -21.33], [35.096, -21.325], [35.096, -21.32], [35.093, -21.316], [35.089, -21.318], [35.085, -21.317], [35.083, -21.314], [35.083, -21.31], [35.092, -21.304], [35.094, -21.299], [35.098, -21.297], [35.098, -21.295], [35.106, -21.285], [35.108, -21.272], [35.11, -21.272], [35.11, -21.263], [35.113, -21.255], [35.115, -21.254], [35.115, -21.262], [35.111, -21.298], [35.111, -21.323], [35.113, -21.341], [35.093, -21.344]]], [[[35.103, -21.189], [35.106, -21.199], [35.105, -21.205], [35.102, -21.203], [35.103, -21.197], [35.101, -21.193], [35.101, -21.188], [35.102, -21.187], [35.103, -21.189]]], [[[35.114, -21.132], [35.118, -21.135], [35.122, -21.148], [35.125, -21.148], [35.124, -21.15], [35.121, -21.149], [35.124, -21.164], [35.123, -21.168], [35.119, -21.163], [35.121, -21.158], [35.12, -21.154], [35.116, -21.152], [35.116, -21.15], [35.119, -21.149], [35.118, -21.145], [35.113, -21.145], [35.117, -21.143], [35.117, -21.142], [35.113, -21.142], [35.116, -21.14], [35.115, -21.137], [35.111, -21.134], [35.114, -21.132]]], [[[35.087, -21.021], [35.088, -21.022], [35.085, -21.025], [35.079, -21.024], [35.081, -21.021], [35.087, -21.021]]], [[[35.075, -21.014], [35.076, -21.016], [35.073, -21.015], [35.074, -21.014], [35.075, -21.014]]], [[[35.124, -20.966], [35.124, -20.97], [35.122, -20.968], [35.121, -20.972], [35.117, -20.971], [35.117, -20.97], [35.119, -20.97], [35.119, -20.964], [35.126, -20.957], [35.129, -20.957], [35.128, -20.961], [35.125, -20.963], [35.124, -20.966]]], [[[35.099, -20.962], [35.098, -20.963], [35.096, -20.963], [35.096, -20.962], [35.099, -20.962]]]]}}, {"type": "Feature", "properties": {"id": "Homoine", "name": "Homoine", "desert": 0, "offices": 1}, "geometry": {"type": "MultiPolygon", "coordinates": [[[[35.166, -24.091], [35.072, -24.163], [35.077, -24.167], [35.043, -24.189], [35.022, -24.196], [35.014, -24.201], [35.009, -24.213], [35.003, -24.216], [34.977, -24.221], [34.959, -24.221], [34.946, -24.216], [34.937, -24.208], [35.0, -24.0], [34.999, -23.94], [34.906, -23.906], [34.817, -23.856], [34.791, -23.623], [35.0, -23.601], [35.008, -23.597], [35.101, -23.684], [35.153, -23.744], [35.157, -23.782], [35.172, -23.779], [35.213, -23.789], [35.243, -23.792], [35.273, -23.799], [35.273, -23.791], [35.284, -23.779], [35.294, -23.777], [35.306, -23.767], [35.309, -23.758], [35.317, -23.757], [35.318, -23.75], [35.325, -23.749], [35.328, -23.712], [35.329, -23.715], [35.333, -23.716], [35.338, -23.71], [35.343, -23.706], [35.345, -23.699], [35.344, -23.694], [35.358, -23.692], [35.36, -23.689], [35.367, -23.688], [35.373, -23.69], [35.378, -23.698], [35.371, -23.714], [35.368, -23.725], [35.367, -23.739], [35.365, -23.745], [35.366, -23.747], [35.362, -23.75], [35.365, -23.765], [35.364, -23.78], [35.361, -23.782], [35.362, -23.785], [35.36, -23.788], [35.359, -23.794], [35.352, -23.803], [35.349, -23.811], [35.35, -23.823], [35.352, -23.832], [35.35, -23.837], [35.351, -23.843], [35.349, -23.843], [35.349, -23.846], [35.35, -23.85], [35.35, -23.858], [35.351, -23.864], [35.349, -23.869], [35.345, -23.871], [35.339, -23.878], [35.337, -23.886], [35.338, -23.893], [35.342, -23.904], [35.346, -23.908], [35.346, -23.911], [35.343, -23.916], [35.343, -23.92], [35.34, -23.92], [35.34, -23.925], [35.335, -23.931], [35.336, -23.942], [35.334, -23.942], [35.329, -23.945], [35.324, -23.95], [35.323, -23.955], [35.333, -23.975], [35.334, -23.981], [35.332, -23.983], [35.333, -23.991], [35.331, -23.993], [35.329, -24.005], [35.333, -23.998], [35.335, -23.997], [35.332, -24.004], [35.331, -24.01], [35.326, -24.015], [35.328, -24.021], [35.318, -24.036], [35.318, -24.042], [35.314, -24.046], [35.244, -24.053], [35.239, -24.052], [35.166, -24.091]]]]}}, {"type": "Feature", "properties": {"id": "Inharrime", "name": "Inharrime", "desert": 0, "offices": 2}, "geometry": {"type": "MultiPolygon", "coordinates": [[[[34.422, -24.449], [34.396, -24.459], [34.34, -24.468], [34.326, -24.479], [34.315, -24.484], [34.307, -24.479], [34.303, -24.479], [34.288, -24.485], [34.273, -24.485], [34.259, -24.488], [34.218, -24.508], [34.207, -24.517], [34.196, -24.518], [34.181, -24.517], [34.183, -24.511], [34.183, -24.506], [34.179, -24.504], [34.178, -24.499], [34.181, -24.491], [34.172, -24.48], [34.152, -24.469], [34.158, -24.458], [34.155, -24.445], [34.149, -24.433], [34.152, -24.414], [34.143, -24.387], [34.134, -24.377], [34.131, -24.364], [34.166, -24.373], [34.201, -24.369], [34.291, -24.339], [34.308, -24.338], [34.314, -24.335], [34.358, -24.298], [34.423, -24.262], [34.49, -24.339], [34.5, -24.338], [34.513, -24.331], [34.53, -24.327], [34.538, -24.331], [34.552, -24.329], [34.569, -24.33], [34.597, -24.323], [34.651, -24.3], [34.665, -24.297], [34.67, -24.289], [34.683, -24.279], [34.712, -24.262], [34.724, -24.238], [34.74, -24.236], [34.743, -24.241], [34.754, -24.247], [34.776, -24.247], [34.797, -24.246], [34.806, -24.241], [34.827, -24.234], [34.84, -24.237], [34.852, -24.242], [34.863, -24.237], [34.88, -24.211], [34.907, -24.203], [34.937, -24.208], [34.946, -24.216], [34.959, -24.221], [34.977, -24.221], [35.003, -24.216], [35.017, -24.266], [35.005, -24.334], [35.044, -24.352], [35.044, -24.363], [35.056, -24.356], [35.101, -24.372], [35.11, -24.363], [35.129, -24.352], [35.149, -24.334], [35.168, -24.325], [35.178, -24.317], [35.188, -24.306], [35.212, -24.278], [35.389, -24.277], [35.386, -24.281], [35.375, -24.291], [35.376, -24.293], [35.373, -24.294], [35.365, -24.303], [35.365, -24.304], [35.353, -24.317], [35.353, -24.319], [35.354, -24.32], [35.345, -24.326], [35.343, -24.331], [35.341, -24.331], [35.342, -24.334], [35.335, -24.34], [35.336, -24.341], [35.33, -24.347], [35.327, -24.353], [35.323, -24.354], [35.318, -24.361], [35.314, -24.364], [35.308, -24.372], [35.306, -24.372], [35.306, -24.375], [35.298, -24.382], [35.296, -24.387], [35.293, -24.388], [35.286, -24.398], [35.279, -24.405], [35.276, -24.41], [35.276, -24.413], [35.268, -24.42], [35.262, -24.428], [35.225, -24.462], [35.221, -24.471], [35.206, -24.487], [35.202, -24.496], [35.202, -24.498], [35.201, -24.499], [35.2, -24.511], [35.203, -24.522], [35.2, -24.527], [35.186, -24.538], [35.178, -24.547], [35.165, -24.555], [35.156, -24.567], [35.152, -24.58], [35.147, -24.585], [35.14, -24.587], [35.134, -24.594], [35.131, -24.594], [35.127, -24.598], [35.124, -24.598], [35.112, -24.608], [35.105, -24.611], [35.093, -24.585], [35.102, -24.573], [35.105, -24.565], [35.09, -24.55], [35.032, -24.501], [35.017, -24.492], [35.0, -24.494], [34.968, -24.487], [34.906, -24.495], [34.87, -24.503], [34.818, -24.522], [34.807, -24.528], [34.793, -24.542], [34.778, -24.546], [34.761, -24.542], [34.731, -24.55], [34.691, -24.558], [34.682, -24.563], [34.678, -24.58], [34.667, -24.59], [34.653, -24.589], [34.639, -24.577], [34.639, -24.567], [34.643, -24.551], [34.608, -24.539], [34.6, -24.512], [34.594, -24.5], [34.585, -24.495], [34.547, -24.492], [34.536, -24.496], [34.527, -24.503], [34.516, -24.508], [34.498, -24.508], [34.478, -24.506], [34.459, -24.49], [34.453, -24.481], [34.422, -24.449]]]]}}, {"type": "Feature", "properties": {"id": "Inhassoro", "name": "Inhassoro", "desert": 0, "offices": 2}, "geometry": {"type": "MultiPolygon", "coordinates": [[[[35.109, -21.342], [35.113, -21.341], [35.117, -21.36], [35.126, -21.39], [35.147, -21.437], [35.192, -21.51], [35.198, -21.524], [35.211, -21.545], [35.225, -21.561], [35.25, -21.583], [35.256, -21.594], [35.258, -21.611], [35.259, -21.612], [35.262, -21.623], [35.265, -21.629], [35.272, -21.637], [35.274, -21.667], [35.273, -21.677], [35.27, -21.689], [35.271, -21.69], [35.269, -21.708], [35.27, -21.709], [35.27, -21.712], [35.272, -21.713], [35.272, -21.716], [35.274, -21.718], [35.274, -21.72], [35.283, -21.725], [35.285, -21.734], [35.28, -21.744], [35.278, -21.767], [35.28, -21.782], [35.282, -21.785], [35.285, -21.785], [35.283, -21.795], [35.286, -21.799], [35.285, -21.806], [35.161, -21.805], [35.171, -21.841], [35.167, -21.853], [35.157, -21.859], [35.145, -21.872], [35.131, -21.869], [35.127, -21.874], [35.13, -21.892], [35.129, -21.903], [35.121, -21.909], [35.102, -21.908], [35.105, -21.919], [35.028, -21.999], [34.961, -22.047], [34.636, -22.039], [34.625, -22.095], [34.466, -22.001], [34.399, -21.942], [34.396, -21.923], [34.41, -21.902], [34.427, -21.883], [34.437, -21.853], [34.473, -21.783], [34.372, -21.683], [34.472, -21.624], [34.482, -21.62], [34.497, -21.626], [34.565, -21.627], [34.621, -21.592], [34.761, -21.565], [34.763, -21.539], [34.695, -21.503], [34.782, -21.479], [34.797, -21.477], [34.819, -21.458], [34.85, -21.469], [34.885, -21.476], [34.906, -21.466], [34.919, -21.464], [34.931, -21.459], [34.984, -21.445], [34.986, -21.405], [35.002, -21.398], [35.071, -21.403], [35.074, -21.393], [35.073, -21.382], [35.081, -21.369], [35.087, -21.349], [35.092, -21.344], [35.092, -21.349], [35.09, -21.351], [35.091, -21.352], [35.093, -21.344], [35.109, -21.342]]], [[[35.482, -21.514], [35.488, -21.528], [35.493, -21.533], [35.492, -21.553], [35.496, -21.565], [35.491, -21.593], [35.493, -21.611], [35.487, -21.63], [35.493, -21.641], [35.495, -21.642], [35.498, -21.639], [35.499, -21.642], [35.496, -21.645], [35.496, -21.648], [35.486, -21.675], [35.483, -21.69], [35.483, -21.701], [35.466, -21.731], [35.462, -21.741], [35.459, -21.764], [35.462, -21.785], [35.457, -21.793], [35.454, -21.795], [35.451, -21.791], [35.451, -21.787], [35.449, -21.785], [35.448, -21.781], [35.445, -21.78], [35.443, -21.778], [35.444, -21.776], [35.436, -21.77], [35.437, -21.768], [35.434, -21.766], [35.434, -21.762], [35.438, -21.76], [35.437, -21.751], [35.435, -21.747], [35.435, -21.741], [35.433, -21.735], [35.424, -21.726], [35.426, -21.723], [35.43, -21.723], [35.437, -21.718], [35.447, -21.706], [35.447, -21.699], [35.444, -21.692], [35.443, -21.682], [35.434, -21.665], [35.434, -21.662], [35.431, -21.658], [35.452, -21.644], [35.454, -21.642], [35.458, -21.632], [35.464, -21.63], [35.464, -21.627], [35.462, -21.627], [35.463, -21.612], [35.464, -21.608], [35.466, -21.606], [35.467, -21.59], [35.461, -21.565], [35.472, -21.549], [35.472, -21.534], [35.48, -21.525], [35.479, -21.52], [35.475, -21.515], [35.482, -21.514]]], [[[35.334, -21.61], [35.344, -21.617], [35.342, -21.628], [35.34, -21.625], [35.337, -21.626], [35.34, -21.618], [35.335, -21.614], [35.332, -21.61], [35.334, -21.61]]]]}}, {"type": "Feature", "properties": {"id": "Jangamo", "name": "Jangamo", "desert": 0, "offices": 1}, "geometry": {"type": "MultiPolygon", "coordinates": [[[[35.022, -24.196], [35.043, -24.189], [35.077, -24.167], [35.072, -24.163], [35.166, -24.091], [35.239, -24.052], [35.244, -24.053], [35.314, -24.046], [35.318, -24.042], [35.318, -24.036], [35.328, -24.021], [35.326, -24.015], [35.331, -24.01], [35.332, -24.004], [35.335, -23.997], [35.34, -23.995], [35.343, -23.991], [35.343, -23.988], [35.355, -23.982], [35.355, -23.975], [35.349, -23.968], [35.356, -23.965], [35.361, -23.955], [35.376, -23.947], [35.373, -23.939], [35.37, -23.938], [35.37, -23.936], [35.38, -23.933], [35.384, -23.931], [35.387, -23.928], [35.388, -23.92], [35.39, -23.92], [35.393, -23.916], [35.394, -23.904], [35.38, -23.881], [35.381, -23.872], [35.378, -23.862], [35.39, -23.862], [35.39, -23.866], [35.394, -23.868], [35.398, -23.866], [35.399, -23.864], [35.394, -23.865], [35.395, -23.852], [35.393, -23.852], [35.392, -23.855], [35.391, -23.855], [35.387, -23.854], [35.383, -23.843], [35.384, -23.841], [35.39, -23.84], [35.391, -23.835], [35.402, -23.837], [35.407, -23.843], [35.41, -23.843], [35.41, -23.841], [35.413, -23.848], [35.419, -23.85], [35.435, -23.866], [35.44, -23.867], [35.446, -23.865], [35.446, -23.862], [35.444, -23.863], [35.443, -23.861], [35.44, -23.862], [35.437, -23.859], [35.438, -23.857], [35.435, -23.85], [35.433, -23.85], [35.433, -23.845], [35.435, -23.847], [35.438, -23.846], [35.443, -23.851], [35.443, -23.854], [35.447, -23.853], [35.446, -23.858], [35.448, -23.858], [35.45, -23.867], [35.449, -23.873], [35.459, -23.875], [35.458, -23.879], [35.46, -23.881], [35.47, -23.883], [35.474, -23.88], [35.476, -23.875], [35.474, -23.872], [35.471, -23.86], [35.468, -23.86], [35.467, -23.858], [35.468, -23.855], [35.474, -23.849], [35.489, -23.849], [35.493, -23.846], [35.493, -23.842], [35.49, -23.835], [35.491, -23.83], [35.493, -23.83], [35.493, -23.825], [35.492, -23.823], [35.488, -23.821], [35.485, -23.808], [35.495, -23.797], [35.493, -23.795], [35.49, -23.797], [35.49, -23.795], [35.498, -23.794], [35.501, -23.797], [35.504, -23.795], [35.499, -23.79], [35.492, -23.79], [35.493, -23.784], [35.505, -23.786], [35.511, -23.791], [35.514, -23.791], [35.519, -23.794], [35.539, -23.793], [35.54, -23.797], [35.537, -23.803], [35.537, -23.822], [35.536, -23.825], [35.538, -23.84], [35.543, -23.85], [35.548, -23.855], [35.551, -23.854], [35.552, -23.857], [35.551, -23.863], [35.552, -23.865], [35.555, -23.866], [35.555, -23.869], [35.551, -23.873], [35.551, -23.878], [35.534, -23.901], [35.526, -23.916], [35.526, -23.924], [35.53, -23.927], [35.527, -23.929], [35.517, -23.948], [35.516, -23.953], [35.506, -23.972], [35.5, -23.992], [35.498, -24.009], [35.502, -24.02], [35.496, -24.034], [35.493, -24.061], [35.495, -24.072], [35.501, -24.075], [35.499, -24.076], [35.497, -24.089], [35.497, -24.095], [35.5, -24.101], [35.5, -24.106], [35.496, -24.116], [35.488, -24.127], [35.481, -24.145], [35.479, -24.145], [35.48, -24.147], [35.478, -24.154], [35.468, -24.17], [35.462, -24.178], [35.453, -24.185], [35.431, -24.208], [35.426, -24.216], [35.425, -24.229], [35.419, -24.24], [35.416, -24.244], [35.415, -24.242], [35.407, -24.255], [35.4, -24.261], [35.39, -24.277], [35.212, -24.278], [35.188, -24.306], [35.178, -24.317], [35.168, -24.325], [35.149, -24.334], [35.129, -24.352], [35.11, -24.363], [35.101, -24.372], [35.056, -24.356], [35.044, -24.363], [35.044, -24.352], [35.005, -24.334], [35.017, -24.266], [35.003, -24.216], [35.009, -24.213], [35.014, -24.201], [35.022, -24.196]]], [[[35.421, -23.824], [35.422, -23.825], [35.418, -23.823], [35.419, -23.823], [35.421, -23.824]]], [[[35.448, -23.821], [35.448, -23.823], [35.446, -23.823], [35.447, -23.822], [35.446, -23.822], [35.446, -23.823], [35.443, -23.825], [35.445, -23.821], [35.448, -23.821]]], [[[35.455, -23.868], [35.456, -23.868], [35.453, -23.87], [35.451, -23.867], [35.455, -23.866], [35.455, -23.868]]], [[[35.455, -23.862], [35.454, -23.862], [35.453, -23.861], [35.453, -23.858], [35.456, -23.857], [35.455, -23.862]]], [[[35.451, -23.837], [35.451, -23.838], [35.447, -23.838], [35.45, -23.837], [35.451, -23.837]]], [[[35.447, -23.832], [35.446, -23.831], [35.449, -23.831], [35.449, -23.831], [35.447, -23.832]]], [[[35.485, -23.782], [35.489, -23.783], [35.491, -23.786], [35.487, -23.785], [35.483, -23.782], [35.485, -23.782]]], [[[35.499, -23.782], [35.5, -23.785], [35.494, -23.784], [35.497, -23.782], [35.499, -23.782]]], [[[35.449, -23.818], [35.447, -23.819], [35.445, -23.819], [35.448, -23.812], [35.449, -23.812], [35.449, -23.818]]], [[[35.423, -23.81], [35.429, -23.814], [35.429, -23.819], [35.427, -23.822], [35.422, -23.82], [35.421, -23.818], [35.422, -23.815], [35.42, -23.817], [35.419, -23.81], [35.421, -23.808], [35.423, -23.81]]], [[[35.43, -23.791], [35.433, -23.795], [35.434, -23.8], [35.43, -23.803], [35.427, -23.803], [35.426, -23.799], [35.422, -23.797], [35.426, -23.791], [35.43, -23.791]]]]}}, {"type": "Feature", "properties": {"id": "Mabote", "name": "Mabote", "desert": 0, "offices": 1}, "geometry": {"type": "MultiPolygon", "coordinates": [[[[33.647, -22.894], [33.639, -22.895], [33.615, -22.902], [33.608, -22.898], [33.601, -22.893], [33.577, -22.864], [33.571, -22.851], [33.564, -22.843], [33.544, -22.827], [33.533, -22.82], [33.513, -22.813], [33.502, -22.8], [33.498, -22.781], [33.487, -22.777], [33.49, -22.761], [33.486, -22.754], [33.471, -22.746], [33.46, -22.735], [33.458, -22.725], [33.454, -22.715], [33.446, -22.708], [33.425, -22.702], [33.413, -22.697], [33.398, -22.687], [33.387, -22.676], [33.373, -22.671], [33.364, -22.664], [33.341, -22.663], [33.322, -22.659], [33.322, -22.645], [33.314, -22.632], [33.303, -22.621], [33.296, -22.608], [33.294, -22.595], [33.289, -22.592], [33.282, -22.582], [33.284, -22.572], [33.272, -22.564], [33.274, -22.549], [33.28, -22.543], [33.279, -22.538], [33.287, -22.528], [33.288, -22.518], [33.295, -22.504], [33.293, -22.497], [33.298, -22.488], [33.307, -22.462], [33.312, -22.441], [33.312, -22.435], [33.306, -22.416], [33.308, -22.407], [33.315, -22.399], [33.321, -22.385], [33.336, -22.386], [33.359, -22.38], [33.38, -22.388], [33.386, -22.386], [33.378, -22.371], [33.37, -22.364], [33.367, -22.354], [33.359, -22.315], [33.363, -22.298], [33.372, -22.286], [33.367, -22.262], [33.355, -22.259], [33.347, -22.252], [33.332, -22.237], [33.33, -22.225], [33.341, -22.201], [33.344, -22.178], [33.343, -22.163], [33.362, -22.151], [33.365, -22.129], [33.358, -22.108], [33.352, -22.1], [33.343, -22.095], [33.335, -22.087], [33.33, -22.056], [33.335, -22.034], [33.349, -22.001], [33.32, -21.992], [33.31, -21.983], [33.291, -21.974], [33.281, -21.965], [33.252, -21.947], [33.155, -21.821], [33.193, -21.758], [33.164, -21.703], [33.184, -21.622], [33.193, -21.613], [33.203, -21.613], [33.203, -21.586], [33.212, -21.577], [33.232, -21.577], [33.242, -21.568], [33.242, -21.559], [33.232, -21.55], [33.232, -21.541], [33.241, -21.532], [33.251, -21.532], [33.261, -21.523], [33.27, -21.532], [33.27, -21.523], [33.309, -21.486], [33.328, -21.486], [33.347, -21.477], [33.367, -21.477], [33.396, -21.468], [33.415, -21.459], [33.473, -21.423], [33.492, -21.395], [33.55, -21.377], [33.569, -21.377], [33.579, -21.386], [33.608, -21.395], [33.637, -21.386], [33.656, -21.386], [33.675, -21.395], [33.724, -21.422], [33.762, -21.404], [33.82, -21.385], [33.849, -21.412], [33.897, -21.412], [33.907, -21.403], [33.926, -21.367], [33.926, -21.349], [33.955, -21.312], [33.993, -21.303], [34.006, -21.311], [34.039, -21.307], [34.028, -21.319], [34.022, -21.328], [34.02, -21.338], [34.022, -21.352], [34.021, -21.365], [34.029, -21.399], [34.037, -21.407], [34.061, -21.405], [34.066, -21.402], [34.071, -21.404], [34.088, -21.399], [34.114, -21.37], [34.126, -21.351], [34.136, -21.34], [34.153, -21.359], [34.16, -21.365], [34.2, -21.367], [34.215, -21.378], [34.258, -21.371], [34.266, -21.372], [34.271, -21.381], [34.279, -21.392], [34.288, -21.399], [34.323, -21.41], [34.362, -21.433], [34.377, -21.452], [34.389, -21.463], [34.368, -21.526], [34.368, -21.57], [34.351, -21.605], [34.352, -21.614], [34.358, -21.643], [34.365, -21.669], [34.372, -21.683], [34.473, -21.783], [34.437, -21.853], [34.427, -21.883], [34.41, -21.902], [34.396, -21.923], [34.399, -21.942], [34.466, -22.001], [34.625, -22.095], [34.546, -22.203], [34.508, -22.231], [34.394, -22.229], [34.379, -22.215], [34.346, -22.202], [34.336, -22.2], [34.295, -22.179], [34.231, -22.154], [34.119, -22.228], [34.04, -22.339], [33.998, -22.364], [33.931, -22.39], [33.931, -22.399], [33.944, -22.413], [33.912, -22.41], [33.873, -22.518], [33.94, -22.58], [33.897, -22.784], [33.855, -22.791], [33.708, -22.883], [33.676, -22.899], [33.669, -22.902], [33.648, -22.904], [33.647, -22.894]]]]}}, {"type": "Feature", "properties": {"id": "Massinga", "name": "Massinga", "desert": 0, "offices": 2}, "geometry": {"type": "MultiPolygon", "coordinates": [[[[35.571, -23.005], [35.539, -23.052], [35.535, -23.061], [35.517, -23.083], [35.504, -23.114], [35.502, -23.126], [35.496, -23.142], [35.498, -23.145], [35.496, -23.146], [35.493, -23.158], [35.485, -23.177], [35.489, -23.213], [35.488, -23.221], [35.491, -23.23], [35.496, -23.237], [35.495, -23.245], [35.496, -23.249], [35.493, -23.273], [35.495, -23.276], [35.493, -23.302], [35.488, -23.32], [35.488, -23.327], [35.485, -23.337], [35.471, -23.363], [35.463, -23.389], [35.452, -23.415], [35.451, -23.421], [35.448, -23.43], [35.449, -23.438], [35.444, -23.45], [35.444, -23.456], [35.438, -23.471], [35.433, -23.479], [35.427, -23.48], [35.422, -23.484], [35.415, -23.485], [35.388, -23.484], [35.377, -23.481], [35.344, -23.482], [35.344, -23.459], [35.334, -23.457], [35.273, -23.437], [35.264, -23.422], [35.258, -23.407], [35.178, -23.303], [35.162, -23.299], [35.161, -23.312], [35.139, -23.321], [35.097, -23.375], [35.103, -23.384], [35.114, -23.394], [35.131, -23.43], [35.134, -23.446], [35.129, -23.449], [35.123, -23.476], [35.115, -23.48], [35.106, -23.468], [35.097, -23.462], [35.072, -23.461], [35.051, -23.45], [35.024, -23.447], [35.075, -23.34], [35.114, -23.305], [35.114, -23.3], [35.11, -23.293], [35.098, -23.245], [35.09, -23.239], [35.084, -23.23], [35.094, -23.188], [35.093, -23.183], [35.075, -23.173], [35.068, -23.164], [35.063, -23.145], [35.054, -23.127], [35.036, -23.1], [35.007, -23.063], [34.952, -23.056], [34.886, -22.999], [34.864, -22.987], [34.866, -22.875], [34.786, -22.864], [34.773, -22.865], [34.605, -22.867], [34.474, -22.807], [34.45, -22.804], [34.388, -22.746], [34.383, -22.738], [34.381, -22.725], [34.381, -22.699], [34.375, -22.69], [34.373, -22.674], [34.443, -22.65], [34.517, -22.596], [34.501, -22.348], [34.394, -22.341], [34.369, -22.211], [34.379, -22.215], [34.394, -22.229], [34.508, -22.231], [34.538, -22.315], [34.525, -22.33], [34.545, -22.346], [34.924, -22.346], [34.933, -22.352], [34.938, -22.357], [34.95, -22.352], [34.96, -22.356], [34.999, -22.358], [35.1, -22.791], [35.336, -22.788], [35.333, -22.767], [35.337, -22.733], [35.349, -22.708], [35.359, -22.694], [35.4, -22.663], [35.43, -22.662], [35.446, -22.657], [35.461, -22.651], [35.471, -22.645], [35.486, -22.626], [35.493, -22.621], [35.501, -22.618], [35.502, -22.63], [35.504, -22.633], [35.502, -22.64], [35.505, -22.646], [35.505, -22.648], [35.509, -22.654], [35.508, -22.65], [35.507, -22.628], [35.504, -22.621], [35.504, -22.611], [35.511, -22.65], [35.511, -22.663], [35.515, -22.691], [35.512, -22.743], [35.511, -22.761], [35.514, -22.768], [35.513, -22.79], [35.514, -22.794], [35.512, -22.8], [35.514, -22.803], [35.512, -22.806], [35.515, -22.814], [35.516, -22.812], [35.513, -22.806], [35.516, -22.807], [35.518, -22.819], [35.517, -22.829], [35.522, -22.843], [35.523, -22.854], [35.528, -22.863], [35.527, -22.866], [35.538, -22.882], [35.539, -22.888], [35.539, -22.893], [35.545, -22.899], [35.543, -22.903], [35.543, -22.907], [35.545, -22.91], [35.547, -22.915], [35.545, -22.917], [35.545, -22.92], [35.547, -22.92], [35.548, -22.922], [35.55, -22.922], [35.541, -22.927], [35.539, -22.936], [35.542, -22.934], [35.544, -22.928], [35.553, -22.925], [35.568, -22.932], [35.573, -22.931], [35.577, -22.937], [35.578, -22.936], [35.577, -22.929], [35.57, -22.924], [35.564, -22.916], [35.557, -22.909], [35.551, -22.897], [35.567, -22.916], [35.576, -22.92], [35.593, -22.924], [35.6, -22.925], [35.601, -22.922], [35.604, -22.924], [35.601, -22.936], [35.601, -22.945], [35.595, -22.964], [35.587, -22.981], [35.571, -23.005]]]]}}, {"type": "Feature", "properties": {"id": "Morrumbene", "name": "Morrumbene", "desert": 0, "offices": 2}, "geometry": {"type": "MultiPolygon", "coordinates": [[[[35.327, -23.71], [35.328, -23.711], [35.324, -23.71], [35.325, -23.71], [35.327, -23.71]]], [[[35.325, -23.749], [35.318, -23.75], [35.317, -23.757], [35.309, -23.758], [35.306, -23.767], [35.294, -23.777], [35.284, -23.779], [35.273, -23.791], [35.273, -23.799], [35.243, -23.792], [35.213, -23.789], [35.172, -23.779], [35.157, -23.782], [35.153, -23.744], [35.101, -23.684], [35.008, -23.597], [35.0, -23.601], [34.791, -23.623], [34.805, -23.519], [34.821, -23.467], [34.894, -23.201], [34.952, -23.056], [35.007, -23.063], [35.036, -23.1], [35.054, -23.127], [35.063, -23.145], [35.068, -23.164], [35.075, -23.173], [35.093, -23.183], [35.094, -23.188], [35.084, -23.23], [35.09, -23.239], [35.098, -23.245], [35.11, -23.293], [35.114, -23.3], [35.114, -23.305], [35.075, -23.34], [35.024, -23.447], [35.051, -23.45], [35.072, -23.461], [35.097, -23.462], [35.106, -23.468], [35.115, -23.48], [35.123, -23.476], [35.129, -23.449], [35.134, -23.446], [35.131, -23.43], [35.114, -23.394], [35.103, -23.384], [35.097, -23.375], [35.139, -23.321], [35.161, -23.312], [35.162, -23.299], [35.178, -23.303], [35.258, -23.407], [35.264, -23.422], [35.273, -23.437], [35.334, -23.457], [35.344, -23.459], [35.344, -23.482], [35.377, -23.481], [35.388, -23.484], [35.415, -23.485], [35.422, -23.484], [35.427, -23.48], [35.434, -23.479], [35.432, -23.48], [35.429, -23.486], [35.424, -23.509], [35.425, -23.519], [35.423, -23.526], [35.423, -23.548], [35.421, -23.569], [35.422, -23.575], [35.421, -23.578], [35.422, -23.582], [35.421, -23.601], [35.423, -23.623], [35.423, -23.63], [35.426, -23.649], [35.423, -23.658], [35.421, -23.68], [35.415, -23.698], [35.413, -23.715], [35.408, -23.73], [35.401, -23.738], [35.395, -23.736], [35.395, -23.732], [35.397, -23.73], [35.395, -23.727], [35.394, -23.72], [35.394, -23.708], [35.397, -23.701], [35.395, -23.69], [35.396, -23.688], [35.391, -23.678], [35.395, -23.676], [35.396, -23.672], [35.395, -23.668], [35.39, -23.665], [35.392, -23.663], [35.39, -23.664], [35.39, -23.666], [35.394, -23.67], [35.394, -23.674], [35.39, -23.673], [35.384, -23.675], [35.375, -23.672], [35.367, -23.673], [35.362, -23.668], [35.355, -23.665], [35.356, -23.667], [35.361, -23.669], [35.364, -23.673], [35.363, -23.675], [35.358, -23.675], [35.354, -23.673], [35.352, -23.673], [35.352, -23.675], [35.35, -23.677], [35.352, -23.683], [35.349, -23.686], [35.343, -23.685], [35.341, -23.683], [35.336, -23.684], [35.335, -23.683], [35.33, -23.685], [35.338, -23.686], [35.338, -23.696], [35.34, -23.697], [35.342, -23.702], [35.332, -23.714], [35.329, -23.713], [35.329, -23.71], [35.327, -23.709], [35.324, -23.71], [35.322, -23.712], [35.323, -23.715], [35.324, -23.711], [35.328, -23.712], [35.325, -23.749]]]]}}, {"type": "Feature", "properties": {"id": "Panda", "name": "Panda", "desert": 0, "offices": 1}, "geometry": {"type": "MultiPolygon", "coordinates": [[[[34.937, -24.208], [34.907, -24.203], [34.88, -24.211], [34.863, -24.237], [34.852, -24.242], [34.84, -24.237], [34.827, -24.234], [34.806, -24.241], [34.797, -24.246], [34.776, -24.247], [34.754, -24.247], [34.743, -24.241], [34.74, -24.236], [34.724, -24.238], [34.712, -24.262], [34.683, -24.279], [34.67, -24.289], [34.665, -24.297], [34.651, -24.3], [34.597, -24.323], [34.569, -24.33], [34.552, -24.329], [34.538, -24.331], [34.53, -24.327], [34.513, -24.331], [34.5, -24.338], [34.49, -24.339], [34.423, -24.262], [34.358, -24.298], [34.314, -24.335], [34.308, -24.338], [34.291, -24.339], [34.201, -24.369], [34.166, -24.373], [34.131, -24.364], [34.134, -24.377], [34.143, -24.387], [34.152, -24.414], [34.149, -24.433], [34.155, -24.445], [34.158, -24.458], [34.152, -24.469], [34.172, -24.48], [34.181, -24.491], [34.178, -24.499], [34.179, -24.504], [34.183, -24.506], [34.183, -24.511], [34.181, -24.517], [34.141, -24.536], [34.001, -24.352], [34.001, -24.086], [33.992, -24.089], [33.985, -24.079], [33.973, -24.073], [33.961, -24.072], [33.946, -24.078], [33.942, -24.072], [33.931, -24.042], [33.928, -24.024], [33.932, -24.021], [33.934, -24.014], [33.928, -24.007], [33.928, -24.003], [33.934, -23.998], [33.938, -23.991], [33.935, -23.986], [33.926, -23.985], [33.925, -23.979], [33.932, -23.963], [33.933, -23.953], [33.927, -23.937], [33.92, -23.907], [33.92, -23.898], [33.917, -23.892], [33.916, -23.88], [33.92, -23.881], [33.938, -23.871], [33.94, -23.862], [33.936, -23.857], [33.926, -23.852], [33.926, -23.844], [33.915, -23.837], [33.929, -23.823], [33.928, -23.813], [33.931, -23.804], [33.929, -23.792], [33.918, -23.774], [33.924, -23.77], [33.928, -23.763], [33.929, -23.751], [33.936, -23.727], [33.934, -23.719], [33.958, -23.709], [33.948, -23.686], [33.942, -23.685], [33.942, -23.677], [33.938, -23.663], [33.929, -23.655], [33.922, -23.66], [33.904, -23.669], [33.896, -23.667], [33.894, -23.663], [33.901, -23.653], [33.91, -23.647], [33.912, -23.64], [33.916, -23.63], [33.926, -23.623], [33.928, -23.609], [33.945, -23.586], [33.94, -23.584], [33.972, -23.574], [33.984, -23.575], [33.988, -23.579], [33.991, -23.589], [34.001, -23.611], [34.017, -23.659], [34.03, -23.65], [34.085, -23.699], [34.799, -23.702], [34.817, -23.856], [34.906, -23.906], [34.999, -23.94], [35.0, -24.0], [34.937, -24.208]]]]}}, {"type": "Feature", "properties": {"id": "Vilankulo", "name": "Vilanculos", "desert": 0, "offices": 4}, "geometry": {"type": "MultiPolygon", "coordinates": [[[[34.852, -22.044], [34.961, -22.047], [35.028, -21.999], [35.105, -21.919], [35.102, -21.908], [35.121, -21.909], [35.129, -21.903], [35.13, -21.892], [35.127, -21.874], [35.131, -21.869], [35.145, -21.872], [35.157, -21.859], [35.167, -21.853], [35.171, -21.841], [35.161, -21.805], [35.285, -21.806], [35.283, -21.814], [35.285, -21.822], [35.289, -21.828], [35.29, -21.833], [35.293, -21.835], [35.295, -21.845], [35.298, -21.848], [35.299, -21.848], [35.302, -21.855], [35.301, -21.869], [35.305, -21.887], [35.308, -21.892], [35.31, -21.899], [35.313, -21.9], [35.32, -21.908], [35.321, -21.913], [35.316, -21.933], [35.317, -21.939], [35.32, -21.939], [35.321, -21.941], [35.313, -21.957], [35.312, -21.974], [35.318, -21.982], [35.321, -21.983], [35.323, -21.981], [35.324, -21.985], [35.325, -21.998], [35.321, -22.023], [35.323, -22.035], [35.325, -22.036], [35.324, -22.048], [35.326, -22.064], [35.328, -22.076], [35.333, -22.084], [35.334, -22.091], [35.334, -22.1], [35.335, -22.105], [35.334, -22.126], [35.333, -22.13], [35.333, -22.135], [35.335, -22.139], [35.332, -22.146], [35.334, -22.154], [35.33, -22.169], [35.33, -22.185], [35.334, -22.187], [35.338, -22.193], [35.34, -22.194], [35.34, -22.201], [35.336, -22.207], [35.339, -22.21], [35.339, -22.214], [35.349, -22.21], [35.35, -22.207], [35.356, -22.203], [35.359, -22.199], [35.36, -22.202], [35.356, -22.206], [35.353, -22.207], [35.352, -22.212], [35.357, -22.212], [35.358, -22.208], [35.362, -22.207], [35.364, -22.21], [35.368, -22.209], [35.368, -22.212], [35.374, -22.213], [35.373, -22.22], [35.374, -22.219], [35.375, -22.22], [35.373, -22.226], [35.376, -22.225], [35.379, -22.217], [35.381, -22.218], [35.381, -22.215], [35.384, -22.212], [35.386, -22.212], [35.385, -22.209], [35.386, -22.207], [35.388, -22.207], [35.389, -22.21], [35.391, -22.21], [35.391, -22.207], [35.395, -22.209], [35.397, -22.215], [35.398, -22.215], [35.399, -22.206], [35.4, -22.203], [35.404, -22.201], [35.404, -22.198], [35.406, -22.2], [35.41, -22.197], [35.417, -22.199], [35.417, -22.197], [35.413, -22.193], [35.412, -22.189], [35.413, -22.187], [35.418, -22.187], [35.418, -22.185], [35.41, -22.182], [35.413, -22.174], [35.416, -22.174], [35.42, -22.169], [35.429, -22.162], [35.445, -22.155], [35.447, -22.154], [35.446, -22.152], [35.449, -22.15], [35.448, -22.146], [35.45, -22.147], [35.45, -22.146], [35.442, -22.13], [35.443, -22.125], [35.446, -22.122], [35.446, -22.116], [35.448, -22.119], [35.45, -22.117], [35.449, -22.114], [35.452, -22.116], [35.455, -22.115], [35.454, -22.111], [35.459, -22.107], [35.46, -22.1], [35.462, -22.097], [35.474, -22.097], [35.484, -22.1], [35.489, -22.106], [35.489, -22.109], [35.492, -22.116], [35.49, -22.13], [35.494, -22.135], [35.498, -22.146], [35.498, -22.151], [35.503, -22.159], [35.513, -22.183], [35.516, -22.202], [35.519, -22.208], [35.518, -22.213], [35.52, -22.217], [35.522, -22.231], [35.52, -22.234], [35.52, -22.238], [35.515, -22.244], [35.515, -22.248], [35.516, -22.258], [35.521, -22.268], [35.519, -22.276], [35.519, -22.288], [35.521, -22.291], [35.521, -22.295], [35.518, -22.308], [35.52, -22.312], [35.523, -22.312], [35.532, -22.299], [35.53, -22.291], [35.524, -22.281], [35.523, -22.276], [35.525, -22.263], [35.523, -22.26], [35.525, -22.255], [35.522, -22.244], [35.524, -22.24], [35.523, -22.235], [35.525, -22.23], [35.526, -22.23], [35.526, -22.218], [35.525, -22.214], [35.527, -22.212], [35.526, -22.208], [35.528, -22.201], [35.527, -22.197], [35.53, -22.19], [35.533, -22.19], [35.536, -22.186], [35.538, -22.178], [35.537, -22.175], [35.539, -22.174], [35.541, -22.161], [35.544, -22.16], [35.533, -22.203], [35.528, -22.248], [35.529, -22.262], [35.533, -22.27], [35.533, -22.286], [35.535, -22.294], [35.537, -22.299], [35.539, -22.315], [35.543, -22.324], [35.539, -22.43], [35.533, -22.469], [35.508, -22.555], [35.502, -22.594], [35.5, -22.598], [35.502, -22.618], [35.493, -22.621], [35.486, -22.626], [35.471, -22.645], [35.461, -22.651], [35.446, -22.657], [35.43, -22.662], [35.4, -22.663], [35.359, -22.694], [35.349, -22.708], [35.337, -22.733], [35.333, -22.767], [35.336, -22.788], [35.1, -22.791], [34.999, -22.358], [34.96, -22.356], [34.95, -22.352], [34.938, -22.357], [34.933, -22.352], [34.924, -22.346], [34.545, -22.346], [34.525, -22.33], [34.538, -22.315], [34.508, -22.231], [34.546, -22.203], [34.625, -22.095], [34.636, -22.039], [34.852, -22.044]]], [[[35.349, -22.204], [35.347, -22.207], [35.345, -22.206], [35.345, -22.2], [35.347, -22.199], [35.349, -22.204]]], [[[35.354, -22.203], [35.351, -22.203], [35.351, -22.201], [35.356, -22.199], [35.356, -22.201], [35.354, -22.203]]], [[[35.353, -22.187], [35.353, -22.19], [35.348, -22.188], [35.348, -22.186], [35.353, -22.187]]], [[[35.348, -22.182], [35.346, -22.184], [35.342, -22.184], [35.346, -22.181], [35.348, -22.182]]], [[[35.334, -22.132], [35.335, -22.131], [35.334, -22.135], [35.334, -22.135], [35.334, -22.132]]], [[[35.359, -22.192], [35.358, -22.194], [35.356, -22.194], [35.358, -22.19], [35.36, -22.19], [35.359, -22.192]]], [[[35.452, -22.113], [35.45, -22.114], [35.45, -22.111], [35.452, -22.111], [35.452, -22.113]]], [[[35.46, -22.043], [35.461, -22.045], [35.459, -22.044], [35.457, -22.041], [35.46, -22.043]]], [[[35.454, -22.042], [35.452, -22.043], [35.452, -22.041], [35.456, -22.041], [35.454, -22.042]]], [[[35.523, -22.172], [35.525, -22.175], [35.525, -22.181], [35.519, -22.185], [35.517, -22.184], [35.519, -22.174], [35.521, -22.172], [35.523, -22.172]]], [[[35.527, -22.134], [35.53, -22.138], [35.532, -22.147], [35.529, -22.154], [35.53, -22.161], [35.52, -22.158], [35.519, -22.156], [35.519, -22.142], [35.52, -22.139], [35.524, -22.134], [35.527, -22.134]]], [[[35.505, -22.144], [35.507, -22.146], [35.506, -22.148], [35.504, -22.147], [35.504, -22.143], [35.505, -22.144]]], [[[35.512, -22.143], [35.511, -22.145], [35.511, -22.142], [35.511, -22.142], [35.512, -22.143]]], [[[35.5, -22.139], [35.501, -22.14], [35.5, -22.143], [35.497, -22.138], [35.5, -22.139]]], [[[35.463, -21.809], [35.468, -21.814], [35.464, -21.826], [35.464, -21.822], [35.467, -21.815], [35.461, -21.809], [35.463, -21.809]]], [[[35.43, -21.959], [35.43, -21.96], [35.435, -21.96], [35.433, -21.961], [35.433, -21.971], [35.43, -21.972], [35.428, -21.975], [35.42, -21.98], [35.42, -21.97], [35.426, -21.965], [35.428, -21.959], [35.43, -21.959]]], [[[35.45, -21.845], [35.459, -21.845], [35.45, -21.903], [35.447, -21.909], [35.445, -21.909], [35.443, -21.908], [35.426, -21.905], [35.421, -21.895], [35.424, -21.89], [35.423, -21.884], [35.423, -21.881], [35.419, -21.873], [35.411, -21.868], [35.411, -21.864], [35.419, -21.862], [35.425, -21.853], [35.433, -21.848], [35.438, -21.847], [35.44, -21.844], [35.45, -21.845]]], [[[35.462, -21.832], [35.461, -21.838], [35.458, -21.844], [35.457, -21.838], [35.46, -21.832], [35.461, -21.833], [35.462, -21.83], [35.462, -21.832]]]]}}, {"type": "Feature", "properties": {"id": "Buzi", "name": "Buzi", "desert": 0, "offices": 1}, "geometry": {"type": "MultiPolygon", "coordinates": [[[[34.7, -20.433], [34.702, -20.435], [34.705, -20.435], [34.71, -20.442], [34.712, -20.447], [34.71, -20.449], [34.712, -20.45], [34.713, -20.454], [34.711, -20.457], [34.713, -20.458], [34.719, -20.475], [34.7, -20.503], [34.698, -20.503], [34.698, -20.498], [34.697, -20.499], [34.696, -20.497], [34.698, -20.494], [34.699, -20.495], [34.699, -20.493], [34.703, -20.488], [34.703, -20.483], [34.702, -20.483], [34.699, -20.479], [34.703, -20.473], [34.703, -20.472], [34.702, -20.474], [34.698, -20.477], [34.701, -20.483], [34.701, -20.488], [34.698, -20.489], [34.697, -20.491], [34.694, -20.494], [34.695, -20.499], [34.691, -20.495], [34.694, -20.504], [34.693, -20.506], [34.69, -20.507], [34.687, -20.506], [34.685, -20.498], [34.68, -20.491], [34.682, -20.495], [34.676, -20.496], [34.672, -20.498], [34.681, -20.496], [34.683, -20.497], [34.685, -20.506], [34.69, -20.51], [34.687, -20.515], [34.684, -20.516], [34.682, -20.513], [34.677, -20.51], [34.659, -20.513], [34.66, -20.5], [34.654, -20.489], [34.654, -20.484], [34.658, -20.478], [34.659, -20.474], [34.653, -20.468], [34.653, -20.466], [34.662, -20.456], [34.661, -20.451], [34.663, -20.448], [34.678, -20.442], [34.686, -20.447], [34.684, -20.444], [34.688, -20.438], [34.695, -20.433], [34.7, -20.433]]], [[[34.691, -20.387], [34.69, -20.389], [34.688, -20.389], [34.69, -20.385], [34.691, -20.387]]], [[[34.678, -20.34], [34.677, -20.343], [34.674, -20.341], [34.675, -20.339], [34.678, -20.34]]], [[[34.702, -20.311], [34.702, -20.309], [34.704, -20.309], [34.704, -20.31], [34.702, -20.311]]], [[[34.629, -20.522], [34.629, -20.521], [34.63, -20.521], [34.63, -20.523], [34.629, -20.522]]], [[[34.663, -20.39], [34.661, -20.394], [34.66, -20.395], [34.662, -20.39], [34.663, -20.39]]], [[[34.746, -20.026], [34.75, -20.031], [34.748, -20.022], [34.749, -20.021], [34.752, -20.022], [34.755, -20.065], [34.757, -20.07], [34.754, -20.072], [34.754, -20.075], [34.758, -20.078], [34.761, -20.09], [34.764, -20.091], [34.772, -20.105], [34.78, -20.139], [34.78, -20.142], [34.775, -20.144], [34.78, -20.147], [34.778, -20.153], [34.776, -20.156], [34.771, -20.159], [34.77, -20.162], [34.768, -20.161], [34.77, -20.164], [34.767, -20.169], [34.762, -20.173], [34.755, -20.171], [34.751, -20.168], [34.746, -20.159], [34.741, -20.157], [34.733, -20.159], [34.727, -20.157], [34.721, -20.16], [34.717, -20.159], [34.715, -20.158], [34.716, -20.156], [34.724, -20.154], [34.724, -20.151], [34.721, -20.147], [34.724, -20.144], [34.724, -20.144], [34.72, -20.147], [34.721, -20.152], [34.715, -20.152], [34.709, -20.16], [34.7, -20.161], [34.7, -20.159], [34.699, -20.159], [34.698, -20.162], [34.7, -20.163], [34.699, -20.165], [34.691, -20.166], [34.683, -20.175], [34.679, -20.177], [34.673, -20.172], [34.668, -20.171], [34.665, -20.168], [34.665, -20.163], [34.669, -20.155], [34.671, -20.148], [34.667, -20.148], [34.669, -20.144], [34.668, -20.142], [34.663, -20.141], [34.667, -20.143], [34.667, -20.151], [34.663, -20.164], [34.663, -20.171], [34.667, -20.173], [34.669, -20.176], [34.67, -20.176], [34.67, -20.174], [34.673, -20.174], [34.675, -20.178], [34.686, -20.179], [34.684, -20.182], [34.695, -20.173], [34.699, -20.173], [34.703, -20.175], [34.709, -20.183], [34.708, -20.186], [34.699, -20.183], [34.695, -20.183], [34.698, -20.184], [34.705, -20.189], [34.707, -20.193], [34.705, -20.197], [34.708, -20.195], [34.709, -20.201], [34.712, -20.205], [34.719, -20.208], [34.72, -20.21], [34.725, -20.21], [34.728, -20.212], [34.726, -20.219], [34.724, -20.223], [34.722, -20.22], [34.721, -20.222], [34.717, -20.224], [34.717, -20.227], [34.72, -20.228], [34.718, -20.226], [34.718, -20.224], [34.724, -20.224], [34.727, -20.22], [34.728, -20.215], [34.731, -20.218], [34.734, -20.218], [34.734, -20.215], [34.738, -20.215], [34.74, -20.215], [34.742, -20.216], [34.74, -20.221], [34.735, -20.222], [34.731, -20.225], [34.729, -20.231], [34.729, -20.238], [34.728, -20.244], [34.724, -20.247], [34.725, -20.251], [34.725, -20.247], [34.73, -20.245], [34.732, -20.234], [34.735, -20.23], [34.74, -20.229], [34.74, -20.232], [34.737, -20.24], [34.734, -20.243], [34.734, -20.246], [34.729, -20.257], [34.725, -20.259], [34.725, -20.264], [34.721, -20.268], [34.722, -20.269], [34.721, -20.269], [34.721, -20.272], [34.72, -20.272], [34.72, -20.276], [34.714, -20.283], [34.717, -20.283], [34.717, -20.284], [34.711, -20.304], [34.703, -20.307], [34.701, -20.309], [34.7, -20.312], [34.698, -20.31], [34.694, -20.316], [34.69, -20.317], [34.685, -20.323], [34.682, -20.323], [34.679, -20.33], [34.676, -20.332], [34.673, -20.332], [34.666, -20.329], [34.658, -20.332], [34.655, -20.331], [34.654, -20.326], [34.653, -20.326], [34.654, -20.33], [34.659, -20.335], [34.666, -20.334], [34.672, -20.335], [34.673, -20.338], [34.67, -20.34], [34.67, -20.344], [34.671, -20.34], [34.673, -20.34], [34.678, -20.346], [34.681, -20.339], [34.686, -20.336], [34.691, -20.337], [34.698, -20.348], [34.699, -20.354], [34.701, -20.356], [34.702, -20.358], [34.7, -20.359], [34.7, -20.363], [34.704, -20.365], [34.706, -20.371], [34.711, -20.375], [34.71, -20.376], [34.707, -20.375], [34.703, -20.378], [34.698, -20.377], [34.694, -20.382], [34.69, -20.383], [34.688, -20.387], [34.683, -20.381], [34.683, -20.38], [34.685, -20.381], [34.684, -20.38], [34.682, -20.379], [34.68, -20.382], [34.683, -20.385], [34.683, -20.39], [34.677, -20.395], [34.676, -20.401], [34.668, -20.4], [34.666, -20.402], [34.663, -20.402], [34.662, -20.4], [34.666, -20.392], [34.665, -20.385], [34.653, -20.378], [34.653, -20.376], [34.655, -20.373], [34.651, -20.375], [34.651, -20.378], [34.66, -20.384], [34.662, -20.388], [34.656, -20.397], [34.65, -20.399], [34.646, -20.403], [34.654, -20.4], [34.657, -20.401], [34.657, -20.418], [34.66, -20.424], [34.658, -20.427], [34.659, -20.433], [34.656, -20.435], [34.645, -20.438], [34.641, -20.439], [34.64, -20.441], [34.659, -20.435], [34.663, -20.427], [34.662, -20.416], [34.664, -20.415], [34.674, -20.421], [34.676, -20.425], [34.677, -20.435], [34.671, -20.439], [34.67, -20.444], [34.66, -20.45], [34.661, -20.455], [34.651, -20.466], [34.639, -20.46], [34.64, -20.45], [34.638, -20.45], [34.639, -20.452], [34.637, -20.461], [34.646, -20.464], [34.649, -20.469], [34.657, -20.474], [34.651, -20.487], [34.647, -20.485], [34.642, -20.477], [34.638, -20.477], [34.637, -20.48], [34.639, -20.492], [34.638, -20.493], [34.635, -20.49], [34.629, -20.487], [34.626, -20.478], [34.616, -20.474], [34.615, -20.475], [34.625, -20.48], [34.628, -20.488], [34.638, -20.494], [34.64, -20.493], [34.639, -20.48], [34.639, -20.478], [34.642, -20.479], [34.645, -20.485], [34.65, -20.489], [34.657, -20.502], [34.655, -20.51], [34.656, -20.515], [34.648, -20.518], [34.637, -20.517], [34.635, -20.515], [34.634, -20.511], [34.635, -20.509], [34.635, -20.509], [34.633, -20.511], [34.633, -20.517], [34.63, -20.518], [34.623, -20.525], [34.611, -20.52], [34.606, -20.524], [34.606, -20.528], [34.604, -20.529], [34.602, -20.523], [34.6, -20.523], [34.599, -20.526], [34.602, -20.524], [34.603, -20.53], [34.59, -20.539], [34.573, -20.541], [34.562, -20.544], [34.52, -20.561], [34.502, -20.565], [34.482, -20.561], [34.47, -20.556], [34.441, -20.553], [34.421, -20.544], [34.41, -20.536], [34.397, -20.534], [34.378, -20.532], [34.333, -20.547], [34.301, -20.526], [34.298, -20.509], [34.285, -20.502], [34.281, -20.495], [34.277, -20.477], [34.277, -20.47], [34.279, -20.464], [34.273, -20.425], [34.268, -20.407], [34.237, -20.397], [34.231, -20.397], [34.219, -20.391], [34.197, -20.391], [34.179, -20.388], [34.168, -20.382], [34.142, -20.365], [34.129, -20.358], [33.964, -20.153], [33.936, -20.115], [33.936, -20.104], [33.947, -20.086], [33.965, -20.069], [33.977, -20.06], [33.986, -20.045], [33.998, -20.032], [33.999, -20.024], [34.006, -20.006], [34.011, -20.0], [34.017, -19.998], [34.024, -19.962], [34.044, -19.941], [34.043, -19.932], [34.059, -19.879], [34.066, -19.868], [34.059, -19.86], [34.046, -19.827], [34.042, -19.822], [34.039, -19.82], [34.033, -19.82], [34.026, -19.823], [33.999, -19.816], [33.984, -19.83], [33.973, -19.832], [33.965, -19.822], [33.962, -19.808], [33.954, -19.799], [33.938, -19.796], [33.92, -19.789], [33.908, -19.769], [33.892, -19.763], [33.868, -19.777], [33.859, -19.776], [33.852, -19.771], [33.848, -19.77], [33.833, -19.743], [33.83, -19.729], [33.769, -19.655], [33.764, -19.645], [33.749, -19.631], [33.742, -19.618], [33.743, -19.609], [33.741, -19.599], [33.945, -19.597], [33.955, -19.599], [33.964, -19.597], [33.97, -19.6], [33.993, -19.599], [34.002, -19.598], [34.009, -19.595], [34.02, -19.587], [34.036, -19.591], [34.045, -19.587], [34.05, -19.59], [34.072, -19.58], [34.08, -19.593], [34.092, -19.591], [34.115, -19.594], [34.125, -19.607], [34.129, -19.622], [34.148, -19.65], [34.153, -19.663], [34.362, -19.64], [34.41, -19.637], [34.451, -19.622], [34.458, -19.606], [34.501, -19.602], [34.518, -19.604], [34.526, -19.601], [34.534, -19.614], [34.588, -19.659], [34.639, -19.66], [34.651, -19.65], [34.656, -19.654], [34.666, -19.672], [34.689, -19.691], [34.693, -19.699], [34.696, -19.717], [34.699, -19.719], [34.699, -19.726], [34.709, -19.734], [34.73, -19.733], [34.747, -19.739], [34.771, -19.752], [34.784, -19.762], [34.789, -19.769], [34.795, -19.781], [34.809, -19.798], [34.834, -19.807], [34.834, -19.814], [34.827, -19.839], [34.828, -19.842], [34.834, -19.849], [34.774, -19.856], [34.758, -19.891], [34.762, -19.903], [34.761, -19.923], [34.764, -19.927], [34.765, -19.935], [34.763, -19.947], [34.763, -19.955], [34.761, -19.965], [34.76, -19.972], [34.757, -19.975], [34.757, -19.998], [34.755, -20.002], [34.755, -20.007], [34.751, -20.014], [34.75, -20.012], [34.752, -20.006], [34.75, -20.005], [34.749, -20.018], [34.746, -20.019], [34.746, -20.022], [34.746, -20.026]]]]}}, {"type": "Feature", "properties": {"id": "Caia", "name": "Caia", "desert": 0, "offices": 1}, "geometry": {"type": "MultiPolygon", "coordinates": [[[[35.348, -17.749], [35.352, -17.757], [35.365, -17.758], [35.39, -17.802], [35.42, -17.836], [35.447, -17.874], [35.464, -17.908], [35.447, -17.913], [35.434, -17.913], [35.414, -17.907], [35.384, -17.862], [35.368, -17.861], [35.361, -17.856], [35.35, -17.856], [35.345, -17.85], [35.323, -17.863], [35.311, -17.875], [35.308, -17.889], [35.285, -17.913], [35.276, -17.916], [35.263, -17.924], [35.246, -17.918], [35.22, -17.898], [35.207, -17.903], [35.196, -17.911], [35.16, -17.951], [35.149, -17.95], [35.131, -17.965], [35.097, -17.974], [35.084, -17.989], [35.071, -18.0], [35.07, -18.013], [35.072, -18.023], [35.076, -18.033], [35.07, -18.058], [35.072, -18.064], [35.065, -18.065], [35.057, -18.073], [35.051, -18.075], [35.021, -18.096], [35.017, -18.095], [35.013, -18.099], [35.004, -18.104], [34.997, -18.097], [34.982, -18.105], [34.975, -18.116], [34.973, -18.129], [34.957, -18.145], [34.958, -18.157], [34.938, -18.177], [34.912, -18.199], [34.866, -18.233], [34.832, -18.122], [34.821, -18.123], [34.819, -18.121], [34.776, -17.999], [34.769, -17.962], [34.769, -17.951], [34.763, -17.946], [34.76, -17.939], [34.753, -17.903], [34.748, -17.9], [34.742, -17.9], [34.745, -17.892], [34.763, -17.88], [34.769, -17.864], [34.783, -17.847], [34.798, -17.833], [34.801, -17.824], [34.791, -17.807], [34.759, -17.768], [34.737, -17.729], [34.728, -17.708], [34.728, -17.7], [34.739, -17.696], [34.749, -17.696], [34.763, -17.693], [34.769, -17.688], [34.781, -17.682], [34.773, -17.671], [34.757, -17.669], [34.756, -17.663], [34.751, -17.656], [34.738, -17.65], [34.752, -17.625], [34.758, -17.607], [34.767, -17.592], [34.789, -17.55], [34.825, -17.496], [34.852, -17.47], [34.875, -17.451], [34.908, -17.439], [34.921, -17.424], [34.923, -17.406], [34.942, -17.39], [34.965, -17.374], [34.978, -17.375], [35.026, -17.372], [35.057, -17.435], [35.063, -17.454], [35.083, -17.497], [35.095, -17.513], [35.141, -17.566], [35.159, -17.609], [35.171, -17.629], [35.189, -17.65], [35.21, -17.666], [35.229, -17.676], [35.284, -17.701], [35.33, -17.715], [35.344, -17.726], [35.35, -17.737], [35.348, -17.749]]]]}}, {"type": "Feature", "properties": {"id": "Chemba", "name": "Chemba", "desert": 0, "offices": 1}, "geometry": {"type": "MultiPolygon", "coordinates": [[[[34.921, -17.424], [34.908, -17.439], [34.875, -17.451], [34.852, -17.47], [34.825, -17.496], [34.789, -17.55], [34.767, -17.592], [34.758, -17.607], [34.752, -17.625], [34.738, -17.65], [34.727, -17.642], [34.722, -17.636], [34.723, -17.623], [34.718, -17.613], [34.725, -17.605], [34.721, -17.597], [34.715, -17.591], [34.71, -17.584], [34.704, -17.561], [34.698, -17.531], [34.701, -17.504], [34.692, -17.485], [34.685, -17.485], [34.675, -17.49], [34.641, -17.488], [34.571, -17.482], [34.539, -17.475], [34.508, -17.465], [34.483, -17.471], [34.456, -17.462], [34.444, -17.456], [34.437, -17.45], [34.43, -17.44], [34.422, -17.385], [34.412, -17.356], [34.401, -17.347], [34.387, -17.344], [34.396, -17.326], [34.41, -17.303], [34.411, -17.296], [34.397, -17.271], [34.395, -17.262], [34.389, -17.254], [34.381, -17.249], [34.361, -17.244], [34.358, -17.238], [34.36, -17.224], [34.357, -17.218], [34.353, -17.215], [34.334, -17.212], [34.291, -17.222], [34.251, -17.24], [34.225, -17.243], [34.207, -17.239], [34.175, -17.223], [34.263, -17.06], [34.304, -17.032], [34.45, -16.999], [34.466, -16.993], [34.535, -16.866], [34.507, -16.864], [34.507, -16.853], [34.514, -16.837], [34.531, -16.819], [34.534, -16.808], [34.533, -16.783], [34.566, -16.807], [34.587, -16.828], [34.601, -16.84], [34.629, -16.86], [34.661, -16.877], [34.692, -16.884], [34.73, -16.891], [34.751, -16.9], [34.765, -16.911], [34.797, -16.944], [34.819, -16.976], [34.826, -16.997], [34.838, -17.011], [34.865, -17.03], [34.889, -17.068], [34.895, -17.087], [34.904, -17.106], [34.916, -17.155], [34.922, -17.172], [34.958, -17.239], [34.955, -17.247], [34.96, -17.259], [34.971, -17.267], [34.976, -17.282], [34.978, -17.314], [34.999, -17.352], [35.008, -17.352], [35.015, -17.355], [35.026, -17.372], [34.978, -17.375], [34.965, -17.374], [34.942, -17.39], [34.923, -17.406], [34.921, -17.424]]]]}}, {"type": "Feature", "properties": {"id": "Cheringoma", "name": "Cheringoma", "desert": 0, "offices": 1}, "geometry": {"type": "MultiPolygon", "coordinates": [[[[35.721, -19.087], [35.722, -19.09], [35.72, -19.091], [35.72, -19.087], [35.721, -19.087]]], [[[35.897, -18.96], [35.899, -18.96], [35.9, -18.961], [35.898, -18.962], [35.895, -18.96], [35.897, -18.96]]], [[[35.889, -18.956], [35.89, -18.957], [35.886, -18.96], [35.888, -18.956], [35.889, -18.956]]], [[[35.695, -19.114], [35.697, -19.115], [35.695, -19.121], [35.69, -19.122], [35.69, -19.119], [35.695, -19.114]]], [[[34.928, -18.185], [34.958, -18.157], [34.957, -18.145], [34.973, -18.129], [34.975, -18.116], [34.982, -18.105], [34.997, -18.097], [35.004, -18.104], [35.013, -18.099], [35.017, -18.095], [35.021, -18.096], [35.051, -18.075], [35.057, -18.073], [35.065, -18.065], [35.072, -18.064], [35.07, -18.058], [35.076, -18.033], [35.072, -18.023], [35.07, -18.013], [35.071, -18.0], [35.084, -17.989], [35.097, -17.974], [35.131, -17.965], [35.149, -17.95], [35.16, -17.951], [35.196, -17.911], [35.207, -17.903], [35.22, -17.898], [35.246, -17.918], [35.263, -17.924], [35.276, -17.916], [35.285, -17.913], [35.308, -17.889], [35.311, -17.875], [35.323, -17.863], [35.324, -17.912], [35.316, -17.922], [35.308, -17.949], [35.309, -17.968], [35.293, -17.986], [35.291, -17.999], [35.448, -18.49], [35.886, -18.926], [35.889, -18.944], [35.884, -18.949], [35.874, -18.949], [35.867, -18.952], [35.867, -18.954], [35.868, -18.954], [35.869, -18.958], [35.876, -18.953], [35.882, -18.958], [35.884, -18.958], [35.871, -18.968], [35.865, -18.969], [35.871, -18.969], [35.877, -18.965], [35.891, -18.96], [35.899, -18.967], [35.908, -18.967], [35.907, -18.971], [35.895, -18.98], [35.84, -19.006], [35.79, -19.037], [35.755, -19.061], [35.746, -19.07], [35.742, -19.077], [35.741, -19.073], [35.737, -19.074], [35.726, -19.084], [35.718, -19.083], [35.722, -19.078], [35.717, -19.081], [35.715, -19.087], [35.719, -19.086], [35.718, -19.095], [35.717, -19.1], [35.715, -19.099], [35.713, -19.1], [35.717, -19.1], [35.72, -19.099], [35.72, -19.096], [35.728, -19.095], [35.734, -19.089], [35.734, -19.09], [35.718, -19.102], [35.707, -19.115], [35.7, -19.116], [35.7, -19.111], [35.699, -19.11], [35.695, -19.112], [35.692, -19.117], [35.689, -19.117], [35.685, -19.108], [35.69, -19.1], [35.688, -19.096], [35.688, -19.09], [35.684, -19.086], [35.682, -19.077], [35.665, -19.062], [35.647, -19.049], [35.643, -19.044], [35.634, -19.029], [35.617, -19.02], [35.61, -19.014], [35.601, -19.009], [35.588, -19.005], [35.572, -18.985], [35.552, -18.972], [35.535, -18.964], [35.506, -18.964], [35.483, -18.959], [35.468, -18.966], [35.451, -18.959], [35.433, -18.936], [35.423, -18.919], [35.407, -18.913], [35.369, -18.908], [35.36, -18.895], [35.339, -18.879], [35.334, -18.873], [35.322, -18.848], [35.314, -18.835], [35.266, -18.779], [35.257, -18.771], [35.247, -18.767], [35.229, -18.767], [35.219, -18.768], [35.203, -18.777], [35.193, -18.778], [35.138, -18.775], [35.11, -18.77], [35.1, -18.767], [35.074, -18.751], [35.072, -18.743], [35.063, -18.745], [35.05, -18.737], [35.04, -18.726], [35.004, -18.734], [34.996, -18.732], [34.958, -18.74], [34.944, -18.731], [34.927, -18.715], [34.909, -18.703], [34.903, -18.7], [34.893, -18.706], [34.854, -18.709], [34.839, -18.716], [34.83, -18.713], [34.818, -18.712], [34.797, -18.704], [34.763, -18.681], [34.717, -18.67], [34.707, -18.663], [34.695, -18.659], [34.69, -18.651], [34.644, -18.643], [34.635, -18.648], [34.632, -18.639], [34.634, -18.632], [34.641, -18.627], [34.643, -18.615], [34.639, -18.601], [34.65, -18.535], [34.646, -18.512], [34.647, -18.5], [34.651, -18.491], [34.654, -18.474], [34.665, -18.455], [34.685, -18.434], [34.718, -18.407], [34.741, -18.382], [34.761, -18.355], [34.774, -18.344], [34.786, -18.336], [34.805, -18.315], [34.812, -18.304], [34.866, -18.233], [34.912, -18.199], [34.928, -18.185]]]]}}, {"type": "Feature", "properties": {"id": "Chibabava", "name": "Chibabava", "desert": 0, "offices": 2}, "geometry": {"type": "MultiPolygon", "coordinates": [[[[33.897, -21.002], [33.911, -20.805], [33.867, -20.761], [33.855, -20.751], [33.846, -20.738], [33.833, -20.738], [33.82, -20.74], [33.797, -20.729], [33.78, -20.728], [33.753, -20.719], [33.73, -20.709], [33.724, -20.702], [33.718, -20.645], [33.682, -20.627], [33.667, -20.618], [33.658, -20.604], [33.647, -20.597], [33.649, -20.582], [33.655, -20.554], [33.661, -20.54], [33.661, -20.529], [33.645, -20.538], [33.634, -20.539], [33.62, -20.537], [33.609, -20.542], [33.477, -20.417], [33.493, -20.355], [33.496, -20.353], [33.496, -20.348], [33.493, -20.341], [33.476, -20.318], [33.474, -20.308], [33.476, -20.3], [33.478, -20.293], [33.495, -20.278], [33.511, -20.271], [33.507, -20.264], [33.498, -20.255], [33.491, -20.233], [33.483, -20.218], [33.479, -20.206], [33.463, -20.18], [33.459, -20.167], [33.443, -20.148], [33.406, -20.114], [33.389, -20.089], [33.391, -20.079], [33.399, -20.076], [33.41, -20.073], [33.416, -20.07], [33.419, -20.061], [33.426, -20.055], [33.438, -20.05], [33.449, -20.052], [33.457, -20.05], [33.469, -20.034], [33.477, -20.004], [33.48, -19.998], [33.485, -19.994], [33.504, -20.009], [33.51, -19.989], [33.518, -19.985], [33.53, -19.988], [33.537, -19.983], [33.555, -19.959], [33.598, -19.936], [33.601, -19.919], [33.612, -19.936], [33.631, -19.945], [33.665, -19.933], [33.685, -19.947], [33.732, -19.988], [33.761, -19.989], [33.772, -19.97], [33.786, -19.951], [33.829, -19.927], [33.827, -19.812], [33.848, -19.77], [33.852, -19.771], [33.859, -19.776], [33.868, -19.777], [33.892, -19.763], [33.908, -19.769], [33.92, -19.789], [33.938, -19.796], [33.954, -19.799], [33.962, -19.808], [33.965, -19.822], [33.973, -19.832], [33.984, -19.83], [33.999, -19.816], [34.026, -19.823], [34.033, -19.82], [34.042, -19.822], [34.046, -19.827], [34.059, -19.86], [34.066, -19.868], [34.059, -19.879], [34.043, -19.932], [34.044, -19.941], [34.024, -19.962], [34.017, -19.998], [34.011, -20.0], [34.006, -20.006], [33.999, -20.024], [33.998, -20.032], [33.986, -20.045], [33.977, -20.06], [33.965, -20.069], [33.947, -20.086], [33.938, -20.1], [33.936, -20.104], [33.935, -20.113], [33.943, -20.125], [33.964, -20.153], [34.129, -20.358], [34.142, -20.365], [34.168, -20.382], [34.179, -20.388], [34.197, -20.391], [34.219, -20.391], [34.231, -20.397], [34.237, -20.397], [34.268, -20.407], [34.273, -20.425], [34.279, -20.464], [34.277, -20.47], [34.277, -20.477], [34.281, -20.495], [34.285, -20.502], [34.298, -20.509], [34.301, -20.526], [34.333, -20.547], [34.378, -20.532], [34.41, -20.536], [34.42, -20.543], [34.361, -20.666], [34.277, -20.789], [34.27, -20.785], [34.26, -20.787], [34.255, -20.786], [34.246, -20.797], [34.239, -20.813], [34.23, -20.82], [34.225, -20.826], [34.211, -20.828], [34.198, -20.828], [34.193, -20.819], [34.189, -20.815], [34.173, -20.815], [34.166, -20.819], [34.155, -20.828], [34.149, -20.848], [34.142, -20.85], [34.13, -20.852], [34.121, -20.856], [34.113, -20.863], [34.105, -20.872], [34.098, -20.887], [34.091, -20.892], [34.073, -20.898], [34.064, -20.908], [34.058, -20.919], [34.048, -20.955], [34.041, -20.968], [34.028, -20.976], [34.016, -20.979], [34.003, -20.991], [33.998, -20.992], [33.987, -20.997], [33.977, -21.006], [33.897, -21.002]]]]}}, {"type": "Feature", "properties": {"id": "Dondo", "name": "Dondo", "desert": 0, "offices": 6}, "geometry": {"type": "MultiPolygon", "coordinates": [[[[34.987, -19.786], [34.986, -19.787], [34.986, -19.787], [34.986, -19.785], [34.987, -19.786]]], [[[35.1, -19.713], [35.093, -19.717], [35.089, -19.717], [35.089, -19.716], [35.1, -19.713]]], [[[34.691, -19.694], [34.689, -19.691], [34.666, -19.672], [34.656, -19.654], [34.651, -19.65], [34.639, -19.66], [34.588, -19.659], [34.534, -19.614], [34.524, -19.599], [34.522, -19.562], [34.527, -19.556], [34.538, -19.554], [34.539, -19.544], [34.545, -19.536], [34.555, -19.528], [34.553, -19.517], [34.547, -19.515], [34.537, -19.524], [34.523, -19.507], [34.524, -19.503], [34.536, -19.511], [34.539, -19.507], [34.536, -19.5], [34.529, -19.494], [34.523, -19.486], [34.527, -19.48], [34.528, -19.472], [34.532, -19.466], [34.542, -19.459], [34.545, -19.453], [34.531, -19.46], [34.526, -19.46], [34.523, -19.453], [34.54, -19.448], [34.539, -19.443], [34.531, -19.443], [34.523, -19.439], [34.526, -19.434], [34.536, -19.432], [34.536, -19.423], [34.53, -19.424], [34.528, -19.422], [34.531, -19.413], [34.534, -19.409], [34.546, -19.4], [34.554, -19.404], [34.555, -19.377], [34.557, -19.358], [34.555, -19.33], [34.558, -19.325], [34.55, -19.325], [34.55, -19.316], [34.554, -19.309], [34.559, -19.303], [34.549, -19.281], [34.55, -19.276], [34.558, -19.279], [34.543, -19.262], [34.553, -19.251], [34.55, -19.246], [34.528, -19.243], [34.527, -19.239], [34.529, -19.234], [34.526, -19.215], [34.522, -19.207], [34.516, -19.2], [34.523, -19.188], [34.534, -19.176], [34.534, -19.17], [34.551, -19.168], [34.556, -19.168], [34.562, -19.171], [34.568, -19.172], [34.573, -19.17], [34.577, -19.174], [34.587, -19.175], [34.595, -19.182], [34.605, -19.185], [34.645, -19.238], [34.67, -19.255], [34.686, -19.28], [34.691, -19.293], [34.69, -19.326], [34.707, -19.361], [34.719, -19.365], [34.75, -19.37], [34.768, -19.379], [34.816, -19.376], [34.831, -19.379], [34.836, -19.382], [34.857, -19.381], [34.87, -19.379], [34.909, -19.387], [34.927, -19.381], [34.94, -19.385], [34.948, -19.39], [34.96, -19.386], [34.976, -19.387], [34.99, -19.385], [35.0, -19.386], [35.017, -19.398], [35.026, -19.396], [35.028, -19.4], [35.039, -19.404], [35.044, -19.403], [35.059, -19.406], [35.064, -19.402], [35.069, -19.405], [35.075, -19.404], [35.08, -19.406], [35.083, -19.412], [35.083, -19.421], [35.088, -19.431], [35.115, -19.458], [35.116, -19.475], [35.114, -19.48], [35.136, -19.491], [35.149, -19.494], [35.157, -19.49], [35.159, -19.483], [35.163, -19.48], [35.18, -19.493], [35.196, -19.496], [35.216, -19.492], [35.224, -19.491], [35.244, -19.508], [35.256, -19.515], [35.261, -19.525], [35.279, -19.53], [35.296, -19.527], [35.31, -19.527], [35.313, -19.53], [35.319, -19.525], [35.329, -19.52], [35.326, -19.524], [35.319, -19.526], [35.322, -19.528], [35.327, -19.526], [35.327, -19.527], [35.3, -19.549], [35.264, -19.583], [35.262, -19.584], [35.267, -19.578], [35.276, -19.57], [35.278, -19.568], [35.278, -19.566], [35.277, -19.569], [35.271, -19.572], [35.269, -19.572], [35.269, -19.574], [35.26, -19.58], [35.257, -19.585], [35.252, -19.588], [35.25, -19.588], [35.251, -19.591], [35.236, -19.605], [35.231, -19.604], [35.235, -19.6], [35.231, -19.6], [35.23, -19.604], [35.232, -19.605], [35.227, -19.609], [35.226, -19.612], [35.199, -19.632], [35.182, -19.648], [35.179, -19.648], [35.179, -19.65], [35.139, -19.686], [35.127, -19.69], [35.122, -19.697], [35.106, -19.709], [35.105, -19.709], [35.106, -19.707], [35.105, -19.705], [35.104, -19.709], [35.096, -19.713], [35.094, -19.71], [35.088, -19.713], [35.084, -19.712], [35.082, -19.718], [35.079, -19.721], [35.062, -19.729], [35.059, -19.734], [35.044, -19.746], [35.041, -19.745], [35.04, -19.748], [35.035, -19.752], [35.003, -19.781], [35.0, -19.782], [35.002, -19.78], [35.0, -19.776], [34.995, -19.781], [34.989, -19.781], [34.983, -19.785], [34.981, -19.789], [34.983, -19.79], [34.981, -19.792], [34.98, -19.792], [34.981, -19.789], [34.968, -19.791], [34.965, -19.797], [34.964, -19.8], [34.96, -19.8], [34.945, -19.81], [34.933, -19.816], [34.902, -19.843], [34.884, -19.852], [34.877, -19.852], [34.855, -19.849], [34.834, -19.849], [34.828, -19.842], [34.827, -19.839], [34.834, -19.814], [34.834, -19.807], [34.809, -19.798], [34.795, -19.781], [34.789, -19.769], [34.784, -19.762], [34.771, -19.752], [34.747, -19.739], [34.73, -19.733], [34.709, -19.734], [34.699, -19.726], [34.699, -19.719], [34.696, -19.717], [34.693, -19.699], [34.691, -19.694]]], [[[35.327, -19.525], [35.329, -19.523], [35.334, -19.52], [35.329, -19.525], [35.327, -19.525]]], [[[34.804, -19.947], [34.808, -19.949], [34.812, -19.955], [34.805, -19.948], [34.802, -19.948], [34.803, -19.946], [34.804, -19.947]]], [[[34.99, -19.786], [34.992, -19.789], [34.992, -19.791], [34.982, -19.8], [34.972, -19.805], [34.971, -19.801], [34.975, -19.8], [34.977, -19.797], [34.985, -19.794], [34.987, -19.787], [34.99, -19.786]]]]}}, {"type": "Feature", "properties": {"id": "Gorongoza", "name": "Gorongosa", "desert": 0, "offices": 1}, "geometry": {"type": "MultiPolygon", "coordinates": [[[[34.039, -18.921], [34.028, -18.921], [34.023, -18.917], [34.016, -18.917], [34.014, -18.922], [34.01, -18.926], [34.006, -18.92], [33.988, -18.909], [33.951, -18.886], [33.929, -18.868], [33.922, -18.848], [33.92, -18.835], [33.89, -18.787], [33.872, -18.785], [33.847, -18.785], [33.836, -18.783], [33.816, -18.766], [33.804, -18.744], [33.762, -18.715], [33.752, -18.717], [33.746, -18.719], [33.741, -18.715], [33.722, -18.696], [33.72, -18.684], [33.722, -18.676], [33.728, -18.666], [33.73, -18.638], [33.772, -18.601], [33.774, -18.522], [33.785, -18.526], [33.81, -18.53], [33.836, -18.527], [33.838, -18.523], [33.846, -18.515], [33.863, -18.514], [33.874, -18.522], [33.882, -18.517], [33.871, -18.5], [33.868, -18.491], [33.867, -18.47], [33.87, -18.462], [33.858, -18.452], [33.856, -18.444], [33.859, -18.406], [33.85, -18.408], [33.841, -18.42], [33.833, -18.417], [33.831, -18.407], [33.843, -18.375], [33.824, -18.344], [33.82, -18.326], [33.824, -18.317], [33.826, -18.306], [33.824, -18.292], [33.812, -18.293], [33.806, -18.29], [33.806, -18.282], [33.814, -18.277], [33.827, -18.271], [33.837, -18.262], [33.847, -18.237], [33.858, -18.232], [33.867, -18.225], [33.923, -18.168], [33.952, -18.126], [33.999, -18.132], [34.008, -18.123], [34.014, -18.121], [34.026, -18.127], [34.028, -18.131], [34.026, -18.139], [34.027, -18.154], [34.032, -18.16], [34.044, -18.166], [34.049, -18.171], [34.046, -18.178], [34.045, -18.186], [34.05, -18.197], [34.057, -18.205], [34.058, -18.214], [34.064, -18.219], [34.069, -18.215], [34.072, -18.215], [34.103, -18.243], [34.112, -18.252], [34.124, -18.258], [34.137, -18.259], [34.15, -18.253], [34.256, -18.257], [34.268, -18.259], [34.295, -18.287], [34.312, -18.289], [34.329, -18.286], [34.355, -18.303], [34.364, -18.311], [34.38, -18.342], [34.381, -18.326], [34.396, -18.313], [34.428, -18.303], [34.453, -18.303], [34.474, -18.293], [34.524, -18.305], [34.541, -18.302], [34.553, -18.318], [34.556, -18.327], [34.556, -18.341], [34.706, -18.417], [34.685, -18.434], [34.665, -18.455], [34.654, -18.474], [34.651, -18.491], [34.647, -18.5], [34.646, -18.512], [34.65, -18.535], [34.639, -18.601], [34.643, -18.615], [34.641, -18.627], [34.634, -18.632], [34.632, -18.639], [34.635, -18.648], [34.635, -18.654], [34.625, -18.665], [34.618, -18.669], [34.621, -18.68], [34.621, -18.691], [34.61, -18.699], [34.603, -18.708], [34.605, -18.72], [34.602, -18.73], [34.602, -18.75], [34.594, -18.759], [34.58, -18.768], [34.543, -18.787], [34.537, -18.809], [34.525, -18.82], [34.516, -18.82], [34.503, -18.824], [34.491, -18.837], [34.478, -18.84], [34.469, -18.864], [34.47, -18.871], [34.477, -18.877], [34.495, -18.881], [34.501, -18.887], [34.509, -18.898], [34.515, -18.903], [34.545, -18.912], [34.546, -18.938], [34.542, -18.947], [34.557, -18.975], [34.566, -18.982], [34.568, -18.985], [34.566, -18.993], [34.56, -19.009], [34.555, -19.017], [34.559, -19.028], [34.552, -19.037], [34.554, -19.05], [34.55, -19.061], [34.556, -19.076], [34.547, -19.084], [34.554, -19.093], [34.548, -19.099], [34.557, -19.113], [34.555, -19.129], [34.534, -19.153], [34.534, -19.164], [34.53, -19.162], [34.528, -19.16], [34.531, -19.146], [34.528, -19.136], [34.5, -19.114], [34.493, -19.101], [34.484, -19.093], [34.477, -19.095], [34.474, -19.082], [34.408, -19.056], [34.394, -19.037], [34.38, -19.014], [34.374, -18.998], [34.371, -18.995], [34.367, -18.997], [34.361, -18.998], [34.357, -18.995], [34.337, -18.991], [34.331, -18.998], [34.323, -19.003], [34.303, -19.006], [34.296, -19.014], [34.282, -19.023], [34.265, -19.063], [34.251, -19.072], [34.209, -19.048], [34.153, -19.014], [34.096, -18.999], [34.089, -18.992], [34.079, -18.965], [34.073, -18.957], [34.054, -18.947], [34.039, -18.921]]]]}}, {"type": "Feature", "properties": {"id": "Machanga", "name": "Machanga", "desert": 1, "offices": 0}, "geometry": {"type": "MultiPolygon", "coordinates": [[[[35.055, -20.956], [35.054, -20.959], [35.053, -20.959], [35.053, -20.957], [35.054, -20.955], [35.055, -20.956]]], [[[35.095, -20.953], [35.094, -20.954], [35.092, -20.954], [35.092, -20.952], [35.095, -20.953]]], [[[35.105, -20.901], [35.114, -20.917], [35.112, -20.919], [35.116, -20.921], [35.125, -20.935], [35.129, -20.938], [35.128, -20.945], [35.126, -20.945], [35.123, -20.941], [35.117, -20.94], [35.116, -20.936], [35.112, -20.935], [35.11, -20.937], [35.115, -20.936], [35.115, -20.942], [35.121, -20.945], [35.106, -20.952], [35.1, -20.953], [35.093, -20.949], [35.086, -20.955], [35.081, -20.951], [35.086, -20.955], [35.095, -20.955], [35.097, -20.956], [35.091, -20.958], [35.093, -20.959], [35.092, -20.962], [35.087, -20.961], [35.083, -20.957], [35.078, -20.958], [35.073, -20.963], [35.075, -20.963], [35.074, -20.966], [35.07, -20.968], [35.067, -20.973], [35.056, -20.974], [35.053, -20.973], [35.052, -20.97], [35.055, -20.968], [35.059, -20.961], [35.059, -20.944], [35.055, -20.942], [35.045, -20.944], [35.043, -20.942], [35.044, -20.939], [35.046, -20.937], [35.055, -20.936], [35.059, -20.934], [35.07, -20.923], [35.072, -20.915], [35.069, -20.91], [35.075, -20.909], [35.08, -20.907], [35.087, -20.907], [35.09, -20.908], [35.093, -20.913], [35.096, -20.915], [35.094, -20.912], [35.098, -20.91], [35.1, -20.906], [35.102, -20.905], [35.102, -20.902], [35.104, -20.903], [35.103, -20.9], [35.105, -20.901]]], [[[35.102, -20.89], [35.102, -20.892], [35.102, -20.893], [35.1, -20.89], [35.102, -20.89]]], [[[35.028, -20.978], [35.0, -20.985], [34.951, -20.993], [34.941, -20.997], [34.93, -21.004], [34.869, -21.034], [34.807, -21.079], [34.772, -21.113], [34.752, -21.122], [34.722, -21.122], [34.704, -21.113], [34.694, -21.102], [34.672, -21.092], [34.641, -21.093], [34.621, -21.102], [34.611, -21.108], [34.601, -21.118], [34.578, -21.131], [34.566, -21.135], [34.529, -21.139], [34.513, -21.143], [34.498, -21.16], [34.484, -21.164], [34.467, -21.165], [34.451, -21.179], [34.44, -21.214], [34.386, -21.256], [34.374, -21.274], [34.348, -21.294], [34.336, -21.309], [34.324, -21.314], [34.3, -21.307], [34.293, -21.3], [34.267, -21.284], [34.256, -21.273], [34.245, -21.265], [34.229, -21.261], [34.209, -21.267], [34.203, -21.281], [34.188, -21.308], [34.172, -21.314], [34.143, -21.317], [34.129, -21.31], [34.105, -21.29], [34.081, -21.294], [34.051, -21.302], [34.039, -21.307], [34.006, -21.311], [34.005, -21.269], [34.012, -21.244], [34.032, -21.223], [34.04, -21.167], [34.094, -21.13], [34.108, -21.075], [33.995, -21.007], [33.977, -21.006], [33.987, -20.997], [33.998, -20.992], [34.003, -20.991], [34.016, -20.979], [34.028, -20.976], [34.041, -20.968], [34.048, -20.955], [34.058, -20.919], [34.064, -20.908], [34.073, -20.898], [34.091, -20.892], [34.098, -20.887], [34.105, -20.872], [34.113, -20.863], [34.121, -20.856], [34.13, -20.852], [34.142, -20.85], [34.149, -20.848], [34.155, -20.828], [34.166, -20.819], [34.173, -20.815], [34.189, -20.815], [34.193, -20.819], [34.198, -20.828], [34.211, -20.828], [34.225, -20.826], [34.23, -20.82], [34.239, -20.813], [34.246, -20.797], [34.255, -20.786], [34.26, -20.787], [34.27, -20.785], [34.277, -20.789], [34.361, -20.666], [34.42, -20.543], [34.441, -20.553], [34.47, -20.556], [34.482, -20.561], [34.502, -20.565], [34.52, -20.561], [34.562, -20.544], [34.573, -20.541], [34.59, -20.539], [34.603, -20.53], [34.608, -20.528], [34.608, -20.532], [34.602, -20.532], [34.601, -20.538], [34.599, -20.539], [34.601, -20.539], [34.602, -20.537], [34.603, -20.532], [34.609, -20.532], [34.609, -20.527], [34.612, -20.523], [34.619, -20.528], [34.627, -20.529], [34.628, -20.527], [34.636, -20.523], [34.653, -20.524], [34.662, -20.518], [34.673, -20.516], [34.675, -20.518], [34.669, -20.52], [34.667, -20.524], [34.667, -20.542], [34.663, -20.549], [34.66, -20.56], [34.662, -20.561], [34.663, -20.565], [34.667, -20.568], [34.668, -20.572], [34.667, -20.577], [34.669, -20.584], [34.673, -20.582], [34.674, -20.571], [34.673, -20.568], [34.678, -20.569], [34.682, -20.567], [34.685, -20.572], [34.691, -20.571], [34.685, -20.57], [34.684, -20.567], [34.681, -20.565], [34.677, -20.567], [34.673, -20.563], [34.674, -20.553], [34.68, -20.548], [34.681, -20.545], [34.681, -20.543], [34.676, -20.535], [34.679, -20.528], [34.683, -20.53], [34.683, -20.534], [34.685, -20.536], [34.693, -20.539], [34.693, -20.543], [34.689, -20.547], [34.692, -20.553], [34.689, -20.556], [34.689, -20.559], [34.692, -20.561], [34.7, -20.562], [34.702, -20.565], [34.707, -20.576], [34.712, -20.58], [34.71, -20.576], [34.708, -20.575], [34.702, -20.563], [34.692, -20.559], [34.694, -20.552], [34.692, -20.548], [34.694, -20.542], [34.694, -20.538], [34.687, -20.535], [34.683, -20.522], [34.684, -20.52], [34.688, -20.522], [34.695, -20.521], [34.694, -20.524], [34.697, -20.524], [34.697, -20.526], [34.7, -20.526], [34.699, -20.531], [34.701, -20.535], [34.7, -20.537], [34.704, -20.544], [34.705, -20.544], [34.704, -20.54], [34.702, -20.538], [34.702, -20.536], [34.705, -20.536], [34.708, -20.538], [34.717, -20.541], [34.722, -20.547], [34.724, -20.555], [34.724, -20.563], [34.728, -20.564], [34.731, -20.566], [34.733, -20.57], [34.731, -20.574], [34.734, -20.576], [34.733, -20.573], [34.735, -20.571], [34.735, -20.569], [34.732, -20.565], [34.728, -20.562], [34.724, -20.562], [34.726, -20.558], [34.724, -20.548], [34.717, -20.539], [34.709, -20.537], [34.702, -20.531], [34.704, -20.526], [34.706, -20.526], [34.705, -20.524], [34.709, -20.519], [34.725, -20.518], [34.733, -20.514], [34.736, -20.515], [34.736, -20.512], [34.742, -20.514], [34.748, -20.52], [34.75, -20.533], [34.749, -20.538], [34.736, -20.541], [34.74, -20.55], [34.741, -20.547], [34.738, -20.544], [34.74, -20.541], [34.743, -20.541], [34.75, -20.546], [34.754, -20.545], [34.755, -20.551], [34.758, -20.549], [34.767, -20.547], [34.769, -20.55], [34.768, -20.553], [34.773, -20.551], [34.774, -20.556], [34.779, -20.56], [34.779, -20.561], [34.782, -20.56], [34.785, -20.564], [34.789, -20.578], [34.784, -20.575], [34.781, -20.575], [34.779, -20.579], [34.783, -20.585], [34.782, -20.586], [34.772, -20.585], [34.774, -20.586], [34.773, -20.59], [34.775, -20.59], [34.776, -20.587], [34.783, -20.587], [34.785, -20.584], [34.793, -20.585], [34.795, -20.581], [34.798, -20.581], [34.8, -20.583], [34.798, -20.584], [34.8, -20.587], [34.801, -20.585], [34.809, -20.584], [34.819, -20.599], [34.824, -20.601], [34.828, -20.605], [34.83, -20.613], [34.835, -20.621], [34.839, -20.622], [34.841, -20.626], [34.847, -20.628], [34.85, -20.635], [34.849, -20.638], [34.845, -20.636], [34.84, -20.637], [34.836, -20.642], [34.832, -20.64], [34.83, -20.635], [34.826, -20.635], [34.824, -20.638], [34.821, -20.635], [34.815, -20.635], [34.82, -20.636], [34.822, -20.639], [34.828, -20.637], [34.829, -20.642], [34.833, -20.644], [34.838, -20.644], [34.843, -20.639], [34.849, -20.642], [34.848, -20.657], [34.846, -20.659], [34.84, -20.652], [34.838, -20.651], [34.836, -20.648], [34.83, -20.65], [34.827, -20.646], [34.823, -20.646], [34.824, -20.647], [34.827, -20.648], [34.83, -20.65], [34.835, -20.649], [34.842, -20.661], [34.846, -20.662], [34.846, -20.67], [34.841, -20.674], [34.836, -20.675], [34.832, -20.675], [34.831, -20.671], [34.832, -20.675], [34.83, -20.676], [34.822, -20.674], [34.818, -20.672], [34.812, -20.67], [34.814, -20.673], [34.818, -20.673], [34.823, -20.678], [34.82, -20.679], [34.812, -20.678], [34.81, -20.678], [34.822, -20.681], [34.811, -20.687], [34.799, -20.689], [34.789, -20.687], [34.788, -20.695], [34.791, -20.7], [34.786, -20.702], [34.791, -20.701], [34.792, -20.698], [34.789, -20.693], [34.791, -20.688], [34.796, -20.69], [34.797, -20.695], [34.799, -20.695], [34.8, -20.695], [34.798, -20.694], [34.799, -20.691], [34.811, -20.691], [34.809, -20.696], [34.809, -20.696], [34.813, -20.69], [34.816, -20.689], [34.818, -20.686], [34.82, -20.686], [34.818, -20.69], [34.819, -20.692], [34.822, -20.687], [34.825, -20.684], [34.83, -20.684], [34.836, -20.678], [34.849, -20.679], [34.85, -20.688], [34.851, -20.686], [34.854, -20.687], [34.852, -20.696], [34.85, -20.697], [34.85, -20.703], [34.853, -20.706], [34.852, -20.709], [34.854, -20.707], [34.854, -20.709], [34.85, -20.714], [34.852, -20.718], [34.847, -20.72], [34.846, -20.722], [34.849, -20.725], [34.848, -20.728], [34.849, -20.729], [34.85, -20.725], [34.847, -20.722], [34.852, -20.719], [34.852, -20.714], [34.856, -20.71], [34.854, -20.7], [34.86, -20.686], [34.858, -20.682], [34.854, -20.68], [34.854, -20.676], [34.861, -20.672], [34.865, -20.666], [34.869, -20.663], [34.871, -20.663], [34.875, -20.658], [34.877, -20.658], [34.884, -20.648], [34.89, -20.645], [34.901, -20.649], [34.904, -20.653], [34.906, -20.659], [34.892, -20.681], [34.883, -20.683], [34.877, -20.687], [34.873, -20.69], [34.872, -20.697], [34.873, -20.703], [34.876, -20.709], [34.883, -20.712], [34.884, -20.721], [34.89, -20.73], [34.889, -20.735], [34.881, -20.741], [34.877, -20.746], [34.872, -20.747], [34.871, -20.749], [34.873, -20.753], [34.871, -20.755], [34.866, -20.756], [34.864, -20.758], [34.86, -20.757], [34.859, -20.758], [34.863, -20.759], [34.866, -20.756], [34.872, -20.756], [34.876, -20.748], [34.881, -20.747], [34.886, -20.75], [34.886, -20.756], [34.89, -20.76], [34.887, -20.755], [34.886, -20.749], [34.882, -20.746], [34.883, -20.744], [34.892, -20.742], [34.896, -20.731], [34.895, -20.727], [34.892, -20.721], [34.893, -20.709], [34.889, -20.703], [34.888, -20.7], [34.891, -20.696], [34.901, -20.692], [34.904, -20.693], [34.904, -20.691], [34.915, -20.691], [34.927, -20.686], [34.922, -20.702], [34.923, -20.71], [34.926, -20.713], [34.932, -20.713], [34.942, -20.706], [34.946, -20.707], [34.952, -20.72], [34.949, -20.723], [34.941, -20.722], [34.944, -20.724], [34.94, -20.725], [34.939, -20.727], [34.94, -20.729], [34.944, -20.729], [34.943, -20.733], [34.945, -20.731], [34.945, -20.729], [34.94, -20.728], [34.94, -20.726], [34.944, -20.724], [34.952, -20.723], [34.953, -20.717], [34.949, -20.707], [34.944, -20.703], [34.935, -20.706], [34.932, -20.71], [34.926, -20.711], [34.925, -20.701], [34.93, -20.69], [34.933, -20.688], [34.94, -20.686], [34.942, -20.689], [34.948, -20.689], [34.949, -20.692], [34.958, -20.693], [34.96, -20.697], [34.965, -20.698], [34.969, -20.703], [34.973, -20.702], [34.972, -20.701], [34.973, -20.7], [34.978, -20.704], [34.983, -20.714], [34.987, -20.718], [34.988, -20.722], [34.985, -20.73], [34.979, -20.731], [34.978, -20.734], [34.974, -20.735], [34.974, -20.737], [34.975, -20.735], [34.978, -20.735], [34.981, -20.732], [34.985, -20.731], [34.988, -20.729], [34.989, -20.724], [34.991, -20.721], [34.991, -20.713], [34.995, -20.714], [34.998, -20.716], [35.0, -20.724], [35.009, -20.739], [35.011, -20.746], [35.009, -20.747], [35.008, -20.751], [35.002, -20.757], [34.996, -20.758], [34.989, -20.755], [34.977, -20.762], [34.975, -20.762], [34.97, -20.767], [34.967, -20.765], [34.965, -20.759], [34.962, -20.757], [34.953, -20.76], [34.945, -20.757], [34.947, -20.758], [34.946, -20.762], [34.949, -20.759], [34.952, -20.76], [34.96, -20.759], [34.964, -20.761], [34.965, -20.767], [34.969, -20.769], [34.972, -20.769], [34.975, -20.766], [34.984, -20.761], [34.99, -20.76], [34.994, -20.763], [34.998, -20.762], [34.998, -20.764], [34.992, -20.766], [34.995, -20.767], [34.997, -20.765], [35.0, -20.767], [35.004, -20.764], [35.008, -20.764], [35.011, -20.767], [35.011, -20.771], [35.007, -20.774], [35.01, -20.775], [35.014, -20.768], [35.01, -20.762], [35.011, -20.761], [35.017, -20.768], [35.022, -20.78], [35.024, -20.79], [35.02, -20.797], [35.019, -20.797], [35.014, -20.79], [35.009, -20.788], [35.006, -20.789], [35.012, -20.791], [35.013, -20.793], [35.003, -20.792], [34.985, -20.795], [34.979, -20.8], [34.975, -20.808], [34.964, -20.81], [34.961, -20.814], [34.96, -20.82], [34.963, -20.824], [34.963, -20.828], [34.96, -20.829], [34.957, -20.825], [34.955, -20.825], [34.949, -20.829], [34.955, -20.826], [34.96, -20.83], [34.964, -20.828], [34.964, -20.824], [34.962, -20.818], [34.964, -20.812], [34.976, -20.812], [34.986, -20.801], [35.002, -20.8], [35.004, -20.803], [35.005, -20.812], [34.999, -20.814], [34.998, -20.816], [35.0, -20.816], [35.001, -20.814], [35.007, -20.816], [35.006, -20.819], [35.01, -20.819], [35.015, -20.826], [35.014, -20.828], [35.016, -20.83], [35.018, -20.842], [35.016, -20.846], [35.012, -20.847], [35.011, -20.849], [35.012, -20.849], [35.018, -20.848], [35.021, -20.844], [35.022, -20.84], [35.019, -20.837], [35.021, -20.835], [35.03, -20.841], [35.024, -20.836], [35.025, -20.827], [35.023, -20.822], [35.026, -20.817], [35.029, -20.819], [35.034, -20.839], [35.047, -20.863], [35.044, -20.86], [35.043, -20.86], [35.046, -20.864], [35.047, -20.868], [35.052, -20.87], [35.056, -20.874], [35.056, -20.876], [35.061, -20.887], [35.055, -20.895], [35.054, -20.893], [35.056, -20.891], [35.056, -20.889], [35.053, -20.892], [35.054, -20.897], [35.051, -20.904], [35.049, -20.903], [35.05, -20.905], [35.044, -20.908], [35.057, -20.905], [35.058, -20.909], [35.06, -20.909], [35.069, -20.919], [35.058, -20.931], [35.044, -20.935], [35.04, -20.939], [35.041, -20.943], [35.044, -20.946], [35.055, -20.947], [35.054, -20.953], [35.052, -20.957], [35.052, -20.965], [35.048, -20.969], [35.05, -20.973], [35.028, -20.978]]], [[[34.855, -20.691], [34.855, -20.692], [34.853, -20.693], [34.854, -20.691], [34.855, -20.691]]], [[[34.784, -20.578], [34.786, -20.58], [34.785, -20.581], [34.782, -20.579], [34.782, -20.578], [34.784, -20.578]]], [[[35.013, -20.794], [35.012, -20.796], [35.009, -20.795], [35.01, -20.794], [35.013, -20.794]]], [[[34.853, -20.681], [34.858, -20.685], [34.859, -20.686], [34.854, -20.685], [34.852, -20.682], [34.853, -20.681]]], [[[34.947, -20.678], [34.948, -20.679], [34.946, -20.683], [34.931, -20.685], [34.94, -20.678], [34.947, -20.678]]], [[[34.89, -20.618], [34.912, -20.631], [34.919, -20.63], [34.922, -20.627], [34.93, -20.629], [34.935, -20.638], [34.934, -20.641], [34.936, -20.637], [34.943, -20.642], [34.947, -20.646], [34.947, -20.648], [34.944, -20.648], [34.944, -20.651], [34.948, -20.651], [34.95, -20.654], [34.945, -20.66], [34.938, -20.66], [34.936, -20.661], [34.947, -20.662], [34.95, -20.657], [34.953, -20.657], [34.953, -20.655], [34.956, -20.654], [34.965, -20.668], [34.956, -20.67], [34.954, -20.667], [34.952, -20.669], [34.942, -20.667], [34.92, -20.677], [34.908, -20.676], [34.908, -20.672], [34.913, -20.66], [34.912, -20.652], [34.906, -20.643], [34.893, -20.637], [34.886, -20.62], [34.887, -20.617], [34.89, -20.618]]], [[[34.672, -20.576], [34.671, -20.579], [34.67, -20.58], [34.669, -20.576], [34.671, -20.573], [34.672, -20.576]]], [[[34.69, -20.558], [34.69, -20.556], [34.692, -20.556], [34.691, -20.558], [34.69, -20.558]]], [[[34.676, -20.541], [34.678, -20.546], [34.673, -20.553], [34.673, -20.559], [34.67, -20.56], [34.669, -20.559], [34.668, -20.551], [34.675, -20.541], [34.676, -20.541]]], [[[34.673, -20.528], [34.672, -20.526], [34.674, -20.525], [34.673, -20.528], [34.673, -20.528]]]]}}, {"type": "Feature", "properties": {"id": "Maringue", "name": "Maringue", "desert": 1, "offices": 0}, "geometry": {"type": "MultiPolygon", "coordinates": [[[[34.19, -18.184], [34.196, -18.184], [34.23, -18.21], [34.246, -18.211], [34.282, -18.079], [34.289, -18.072], [34.29, -18.067], [34.279, -17.999], [34.265, -17.977], [34.274, -17.96], [34.279, -17.954], [34.288, -17.933], [34.279, -17.921], [34.277, -17.915], [34.272, -17.908], [34.263, -17.904], [34.254, -17.897], [34.239, -17.878], [34.232, -17.877], [34.214, -17.87], [34.194, -17.872], [34.193, -17.845], [34.2, -17.822], [34.209, -17.745], [34.203, -17.714], [34.172, -17.7], [34.161, -17.69], [34.163, -17.629], [34.14, -17.593], [34.177, -17.516], [34.204, -17.422], [34.202, -17.412], [34.188, -17.385], [34.208, -17.291], [34.225, -17.275], [34.229, -17.269], [34.23, -17.261], [34.225, -17.243], [34.251, -17.24], [34.291, -17.222], [34.334, -17.212], [34.353, -17.215], [34.357, -17.218], [34.36, -17.224], [34.358, -17.238], [34.361, -17.244], [34.381, -17.249], [34.389, -17.254], [34.395, -17.262], [34.397, -17.271], [34.411, -17.296], [34.41, -17.303], [34.396, -17.326], [34.387, -17.344], [34.401, -17.347], [34.412, -17.356], [34.422, -17.385], [34.43, -17.44], [34.437, -17.45], [34.444, -17.456], [34.456, -17.462], [34.483, -17.471], [34.508, -17.465], [34.539, -17.475], [34.571, -17.482], [34.641, -17.488], [34.675, -17.49], [34.685, -17.485], [34.692, -17.485], [34.701, -17.504], [34.698, -17.531], [34.704, -17.561], [34.71, -17.584], [34.715, -17.591], [34.721, -17.597], [34.725, -17.605], [34.718, -17.613], [34.723, -17.623], [34.722, -17.636], [34.727, -17.642], [34.733, -17.648], [34.751, -17.656], [34.756, -17.663], [34.757, -17.669], [34.773, -17.671], [34.781, -17.682], [34.769, -17.688], [34.763, -17.693], [34.749, -17.696], [34.739, -17.696], [34.728, -17.7], [34.728, -17.708], [34.737, -17.729], [34.759, -17.768], [34.791, -17.807], [34.801, -17.824], [34.798, -17.833], [34.783, -17.847], [34.769, -17.864], [34.763, -17.88], [34.745, -17.892], [34.742, -17.9], [34.748, -17.9], [34.753, -17.903], [34.76, -17.939], [34.763, -17.946], [34.769, -17.951], [34.769, -17.962], [34.776, -17.999], [34.819, -18.121], [34.821, -18.123], [34.832, -18.122], [34.866, -18.233], [34.812, -18.304], [34.805, -18.315], [34.786, -18.336], [34.774, -18.344], [34.761, -18.355], [34.741, -18.382], [34.706, -18.417], [34.556, -18.341], [34.556, -18.327], [34.553, -18.318], [34.541, -18.302], [34.524, -18.305], [34.474, -18.293], [34.453, -18.303], [34.428, -18.303], [34.396, -18.313], [34.381, -18.326], [34.38, -18.342], [34.364, -18.311], [34.355, -18.303], [34.329, -18.286], [34.312, -18.289], [34.295, -18.287], [34.268, -18.259], [34.256, -18.257], [34.15, -18.253], [34.19, -18.184]]]]}}, {"type": "Feature", "properties": {"id": "Marromeu", "name": "Marromeu", "desert": 0, "offices": 1}, "geometry": {"type": "MultiPolygon", "coordinates": [[[[35.984, -18.921], [35.983, -18.922], [35.981, -18.921], [35.983, -18.921], [35.984, -18.921]]], [[[36.002, -18.91], [36.004, -18.913], [35.999, -18.916], [35.996, -18.916], [35.996, -18.912], [35.992, -18.912], [35.995, -18.91], [36.002, -18.91]]], [[[35.876, -18.953], [35.869, -18.958], [35.868, -18.954], [35.867, -18.954], [35.867, -18.952], [35.874, -18.949], [35.884, -18.949], [35.889, -18.944], [35.886, -18.926], [35.448, -18.49], [35.291, -17.999], [35.293, -17.986], [35.309, -17.968], [35.308, -17.949], [35.316, -17.922], [35.324, -17.912], [35.323, -17.863], [35.341, -17.851], [35.345, -17.85], [35.35, -17.856], [35.361, -17.856], [35.368, -17.861], [35.384, -17.862], [35.414, -17.907], [35.434, -17.913], [35.447, -17.913], [35.464, -17.908], [35.477, -17.93], [35.491, -17.949], [35.503, -17.958], [35.511, -17.966], [35.521, -17.984], [35.537, -17.991], [35.556, -17.996], [35.56, -18.004], [35.566, -18.01], [35.584, -18.018], [35.677, -18.034], [35.691, -18.042], [35.705, -18.048], [35.73, -18.064], [35.755, -18.075], [35.781, -18.091], [35.794, -18.098], [35.816, -18.104], [35.828, -18.11], [35.837, -18.122], [35.841, -18.151], [35.861, -18.174], [35.887, -18.225], [35.893, -18.247], [35.903, -18.262], [35.909, -18.266], [35.933, -18.266], [35.949, -18.269], [35.97, -18.291], [35.985, -18.3], [35.998, -18.307], [36.014, -18.305], [36.026, -18.325], [36.026, -18.334], [36.027, -18.335], [36.033, -18.339], [36.059, -18.342], [36.074, -18.355], [36.081, -18.368], [36.119, -18.464], [36.128, -18.483], [36.141, -18.529], [36.142, -18.546], [36.139, -18.566], [36.139, -18.581], [36.146, -18.593], [36.133, -18.591], [36.127, -18.609], [36.104, -18.623], [36.112, -18.652], [36.107, -18.666], [36.107, -18.68], [36.148, -18.714], [36.149, -18.72], [36.256, -18.812], [36.262, -18.825], [36.281, -18.851], [36.281, -18.853], [36.274, -18.855], [36.268, -18.855], [36.264, -18.846], [36.257, -18.845], [36.252, -18.837], [36.248, -18.833], [36.248, -18.835], [36.251, -18.837], [36.256, -18.845], [36.263, -18.848], [36.265, -18.857], [36.271, -18.858], [36.277, -18.855], [36.288, -18.855], [36.291, -18.857], [36.294, -18.857], [36.294, -18.863], [36.288, -18.869], [36.289, -18.87], [36.287, -18.87], [36.287, -18.873], [36.285, -18.873], [36.283, -18.871], [36.282, -18.875], [36.278, -18.875], [36.282, -18.878], [36.286, -18.878], [36.287, -18.88], [36.283, -18.88], [36.276, -18.884], [36.225, -18.89], [36.158, -18.902], [36.148, -18.901], [36.147, -18.898], [36.15, -18.894], [36.163, -18.893], [36.194, -18.881], [36.205, -18.876], [36.215, -18.866], [36.221, -18.864], [36.224, -18.861], [36.212, -18.867], [36.205, -18.874], [36.195, -18.88], [36.158, -18.891], [36.153, -18.889], [36.145, -18.877], [36.14, -18.872], [36.14, -18.868], [36.131, -18.869], [36.129, -18.874], [36.13, -18.879], [36.13, -18.883], [36.123, -18.887], [36.124, -18.889], [36.117, -18.893], [36.117, -18.899], [36.119, -18.899], [36.12, -18.894], [36.121, -18.893], [36.118, -18.911], [36.11, -18.916], [36.09, -18.917], [36.068, -18.922], [36.061, -18.922], [36.059, -18.92], [36.057, -18.919], [36.065, -18.915], [36.067, -18.911], [36.077, -18.91], [36.081, -18.913], [36.092, -18.903], [36.093, -18.9], [36.083, -18.909], [36.077, -18.909], [36.069, -18.905], [36.069, -18.903], [36.077, -18.899], [36.08, -18.895], [36.077, -18.894], [36.069, -18.901], [36.065, -18.902], [36.056, -18.908], [36.043, -18.91], [36.041, -18.912], [36.039, -18.917], [36.04, -18.92], [36.043, -18.922], [36.043, -18.924], [36.04, -18.927], [36.011, -18.935], [35.991, -18.936], [35.986, -18.934], [35.984, -18.931], [35.992, -18.927], [35.998, -18.92], [36.008, -18.915], [36.004, -18.905], [35.991, -18.905], [35.987, -18.903], [35.97, -18.907], [35.968, -18.909], [35.962, -18.91], [35.955, -18.915], [35.951, -18.924], [35.951, -18.933], [35.958, -18.939], [35.958, -18.945], [35.955, -18.952], [35.949, -18.956], [35.932, -18.962], [35.925, -18.957], [35.926, -18.956], [35.92, -18.953], [35.913, -18.953], [35.906, -18.956], [35.904, -18.956], [35.902, -18.954], [35.898, -18.954], [35.893, -18.952], [35.888, -18.953], [35.884, -18.958], [35.882, -18.958], [35.876, -18.953]]]]}}, {"type": "Feature", "properties": {"id": "Muanza", "name": "Muanza", "desert": 1, "offices": 0}, "geometry": {"type": "MultiPolygon", "coordinates": [[[[35.466, -19.37], [35.465, -19.371], [35.463, -19.371], [35.466, -19.368], [35.466, -19.37]]], [[[35.492, -19.343], [35.49, -19.345], [35.487, -19.344], [35.487, -19.342], [35.491, -19.341], [35.492, -19.343]]], [[[35.498, -19.34], [35.496, -19.343], [35.495, -19.344], [35.494, -19.344], [35.495, -19.34], [35.498, -19.339], [35.498, -19.34]]], [[[35.52, -19.311], [35.521, -19.313], [35.52, -19.314], [35.519, -19.313], [35.519, -19.311], [35.52, -19.311]]], [[[35.676, -19.142], [35.673, -19.143], [35.672, -19.14], [35.676, -19.139], [35.676, -19.142]]], [[[35.684, -19.142], [35.685, -19.138], [35.687, -19.137], [35.687, -19.14], [35.684, -19.142]]], [[[35.682, -19.124], [35.684, -19.129], [35.688, -19.13], [35.686, -19.133], [35.681, -19.132], [35.675, -19.137], [35.669, -19.136], [35.675, -19.124], [35.682, -19.124]]], [[[35.688, -19.089], [35.687, -19.089], [35.687, -19.089], [35.688, -19.089]]], [[[35.687, -19.089], [35.687, -19.088], [35.687, -19.089], [35.687, -19.089]]], [[[34.851, -18.711], [34.854, -18.709], [34.893, -18.706], [34.903, -18.7], [34.909, -18.703], [34.927, -18.715], [34.944, -18.731], [34.958, -18.74], [34.996, -18.732], [35.004, -18.734], [35.04, -18.726], [35.05, -18.737], [35.063, -18.745], [35.072, -18.743], [35.074, -18.751], [35.1, -18.767], [35.11, -18.77], [35.138, -18.775], [35.193, -18.778], [35.203, -18.777], [35.219, -18.768], [35.229, -18.767], [35.247, -18.767], [35.257, -18.771], [35.266, -18.779], [35.314, -18.835], [35.322, -18.848], [35.334, -18.873], [35.339, -18.879], [35.36, -18.895], [35.369, -18.908], [35.407, -18.913], [35.423, -18.919], [35.433, -18.936], [35.451, -18.959], [35.468, -18.966], [35.483, -18.959], [35.506, -18.964], [35.535, -18.964], [35.552, -18.972], [35.572, -18.985], [35.588, -19.005], [35.601, -19.009], [35.61, -19.014], [35.617, -19.02], [35.634, -19.029], [35.643, -19.044], [35.647, -19.049], [35.665, -19.062], [35.682, -19.077], [35.684, -19.086], [35.687, -19.088], [35.684, -19.09], [35.687, -19.09], [35.686, -19.095], [35.688, -19.1], [35.681, -19.11], [35.685, -19.117], [35.684, -19.119], [35.679, -19.121], [35.674, -19.12], [35.674, -19.124], [35.671, -19.127], [35.671, -19.131], [35.668, -19.136], [35.663, -19.139], [35.661, -19.143], [35.657, -19.145], [35.66, -19.145], [35.662, -19.152], [35.663, -19.146], [35.665, -19.143], [35.67, -19.147], [35.677, -19.147], [35.677, -19.149], [35.651, -19.171], [35.621, -19.2], [35.613, -19.216], [35.606, -19.225], [35.605, -19.224], [35.611, -19.216], [35.613, -19.211], [35.607, -19.215], [35.605, -19.22], [35.601, -19.224], [35.599, -19.223], [35.592, -19.232], [35.59, -19.232], [35.589, -19.231], [35.587, -19.236], [35.585, -19.235], [35.585, -19.238], [35.588, -19.236], [35.589, -19.236], [35.587, -19.241], [35.581, -19.242], [35.581, -19.247], [35.583, -19.244], [35.59, -19.244], [35.593, -19.236], [35.596, -19.236], [35.597, -19.237], [35.59, -19.245], [35.577, -19.257], [35.574, -19.258], [35.573, -19.26], [35.551, -19.28], [35.53, -19.304], [35.529, -19.305], [35.528, -19.3], [35.526, -19.299], [35.528, -19.296], [35.527, -19.295], [35.524, -19.299], [35.524, -19.303], [35.517, -19.305], [35.519, -19.306], [35.519, -19.308], [35.515, -19.315], [35.516, -19.316], [35.518, -19.313], [35.516, -19.322], [35.506, -19.33], [35.499, -19.339], [35.499, -19.335], [35.502, -19.334], [35.501, -19.332], [35.495, -19.339], [35.492, -19.336], [35.492, -19.34], [35.489, -19.341], [35.487, -19.34], [35.485, -19.344], [35.487, -19.348], [35.483, -19.354], [35.488, -19.351], [35.487, -19.355], [35.476, -19.366], [35.467, -19.382], [35.464, -19.382], [35.459, -19.384], [35.46, -19.377], [35.459, -19.375], [35.461, -19.372], [35.467, -19.372], [35.468, -19.369], [35.465, -19.362], [35.468, -19.359], [35.467, -19.358], [35.464, -19.361], [35.465, -19.367], [35.454, -19.373], [35.454, -19.38], [35.449, -19.385], [35.449, -19.387], [35.447, -19.389], [35.449, -19.395], [35.449, -19.39], [35.451, -19.388], [35.454, -19.391], [35.459, -19.391], [35.459, -19.393], [35.444, -19.407], [35.432, -19.423], [35.428, -19.419], [35.426, -19.419], [35.428, -19.421], [35.427, -19.424], [35.421, -19.428], [35.419, -19.433], [35.416, -19.435], [35.415, -19.44], [35.409, -19.445], [35.402, -19.449], [35.401, -19.454], [35.396, -19.459], [35.393, -19.46], [35.39, -19.464], [35.402, -19.456], [35.403, -19.45], [35.407, -19.45], [35.405, -19.455], [35.355, -19.502], [35.353, -19.503], [35.352, -19.502], [35.349, -19.507], [35.343, -19.508], [35.34, -19.513], [35.336, -19.514], [35.333, -19.518], [35.329, -19.518], [35.33, -19.519], [35.326, -19.522], [35.319, -19.525], [35.313, -19.53], [35.31, -19.527], [35.296, -19.527], [35.279, -19.53], [35.261, -19.525], [35.256, -19.515], [35.244, -19.508], [35.224, -19.491], [35.216, -19.492], [35.196, -19.496], [35.18, -19.493], [35.163, -19.48], [35.159, -19.483], [35.157, -19.49], [35.149, -19.494], [35.136, -19.491], [35.114, -19.48], [35.116, -19.475], [35.115, -19.458], [35.088, -19.431], [35.083, -19.421], [35.083, -19.412], [35.08, -19.406], [35.075, -19.404], [35.069, -19.405], [35.064, -19.402], [35.059, -19.406], [35.044, -19.403], [35.039, -19.404], [35.028, -19.4], [35.026, -19.396], [35.017, -19.398], [35.0, -19.386], [34.99, -19.385], [34.976, -19.387], [34.96, -19.386], [34.948, -19.39], [34.94, -19.385], [34.927, -19.381], [34.909, -19.387], [34.87, -19.379], [34.857, -19.381], [34.836, -19.382], [34.831, -19.379], [34.816, -19.376], [34.768, -19.379], [34.75, -19.37], [34.719, -19.365], [34.707, -19.361], [34.69, -19.326], [34.691, -19.293], [34.686, -19.28], [34.67, -19.255], [34.645, -19.238], [34.605, -19.185], [34.595, -19.182], [34.587, -19.175], [34.577, -19.174], [34.573, -19.17], [34.568, -19.172], [34.562, -19.171], [34.556, -19.168], [34.551, -19.168], [34.534, -19.17], [34.534, -19.153], [34.555, -19.129], [34.557, -19.113], [34.548, -19.099], [34.554, -19.093], [34.547, -19.084], [34.556, -19.076], [34.55, -19.061], [34.554, -19.05], [34.552, -19.037], [34.559, -19.028], [34.555, -19.017], [34.56, -19.009], [34.566, -18.993], [34.568, -18.985], [34.566, -18.982], [34.557, -18.975], [34.542, -18.947], [34.546, -18.938], [34.545, -18.912], [34.515, -18.903], [34.509, -18.898], [34.501, -18.887], [34.495, -18.881], [34.477, -18.877], [34.47, -18.871], [34.469, -18.864], [34.478, -18.84], [34.491, -18.837], [34.503, -18.824], [34.516, -18.82], [34.525, -18.82], [34.537, -18.809], [34.543, -18.787], [34.58, -18.768], [34.594, -18.759], [34.602, -18.75], [34.602, -18.73], [34.605, -18.72], [34.603, -18.708], [34.61, -18.699], [34.621, -18.691], [34.621, -18.68], [34.618, -18.669], [34.625, -18.665], [34.635, -18.654], [34.635, -18.648], [34.644, -18.643], [34.69, -18.651], [34.695, -18.659], [34.707, -18.663], [34.717, -18.67], [34.763, -18.681], [34.797, -18.704], [34.818, -18.712], [34.83, -18.713], [34.839, -18.716], [34.851, -18.711]]]]}}, {"type": "Feature", "properties": {"id": "Nhamatanda", "name": "Nhamatanda", "desert": 0, "offices": 1}, "geometry": {"type": "MultiPolygon", "coordinates": [[[[34.518, -19.604], [34.501, -19.602], [34.458, -19.606], [34.451, -19.622], [34.41, -19.637], [34.362, -19.64], [34.153, -19.663], [34.148, -19.65], [34.129, -19.622], [34.125, -19.607], [34.115, -19.594], [34.092, -19.591], [34.08, -19.593], [34.072, -19.58], [34.05, -19.59], [34.045, -19.587], [34.036, -19.591], [34.02, -19.587], [34.009, -19.595], [34.002, -19.598], [33.97, -19.6], [33.964, -19.597], [33.955, -19.599], [33.936, -19.597], [33.938, -19.243], [34.032, -19.0], [34.044, -18.963], [34.054, -18.947], [34.073, -18.957], [34.079, -18.965], [34.089, -18.992], [34.096, -18.999], [34.153, -19.014], [34.209, -19.048], [34.251, -19.072], [34.265, -19.063], [34.282, -19.023], [34.296, -19.014], [34.303, -19.006], [34.323, -19.003], [34.331, -18.998], [34.337, -18.991], [34.357, -18.995], [34.361, -18.998], [34.367, -18.997], [34.371, -18.995], [34.374, -18.998], [34.38, -19.014], [34.394, -19.037], [34.408, -19.056], [34.474, -19.082], [34.477, -19.095], [34.484, -19.093], [34.493, -19.101], [34.5, -19.114], [34.528, -19.136], [34.531, -19.146], [34.528, -19.16], [34.53, -19.162], [34.534, -19.164], [34.534, -19.176], [34.523, -19.188], [34.516, -19.2], [34.522, -19.207], [34.526, -19.215], [34.529, -19.234], [34.527, -19.239], [34.528, -19.243], [34.55, -19.246], [34.553, -19.251], [34.543, -19.262], [34.558, -19.279], [34.55, -19.276], [34.549, -19.281], [34.559, -19.303], [34.554, -19.309], [34.55, -19.316], [34.55, -19.325], [34.558, -19.325], [34.555, -19.33], [34.557, -19.358], [34.555, -19.377], [34.554, -19.404], [34.546, -19.4], [34.534, -19.409], [34.531, -19.413], [34.528, -19.422], [34.53, -19.424], [34.536, -19.423], [34.536, -19.432], [34.526, -19.434], [34.523, -19.439], [34.531, -19.443], [34.539, -19.443], [34.54, -19.448], [34.523, -19.453], [34.526, -19.46], [34.531, -19.46], [34.545, -19.453], [34.542, -19.459], [34.532, -19.466], [34.528, -19.472], [34.527, -19.48], [34.523, -19.486], [34.529, -19.494], [34.536, -19.5], [34.539, -19.507], [34.536, -19.511], [34.524, -19.503], [34.523, -19.507], [34.537, -19.524], [34.547, -19.515], [34.553, -19.517], [34.555, -19.528], [34.545, -19.536], [34.539, -19.544], [34.538, -19.554], [34.527, -19.556], [34.522, -19.562], [34.524, -19.599], [34.526, -19.601], [34.518, -19.604]]]]}}, {"type": "Feature", "properties": {"id": "Manica", "name": "Manica", "desert": 0, "offices": 20}, "geometry": {"type": "MultiPolygon", "coordinates": [[[[33.206, -19.211], [33.164, -19.193], [33.13, -19.139], [33.108, -19.12], [33.086, -19.11], [33.045, -19.14], [33.029, -19.148], [33.014, -19.149], [32.986, -19.156], [32.967, -19.155], [32.962, -19.157], [32.948, -19.156], [32.942, -19.157], [32.931, -19.153], [32.895, -19.161], [32.883, -19.167], [32.881, -19.173], [32.864, -19.169], [32.867, -19.148], [32.872, -19.126], [32.877, -19.113], [32.877, -19.098], [32.871, -19.082], [32.858, -19.077], [32.851, -19.065], [32.849, -19.055], [32.845, -19.025], [32.833, -19.016], [32.801, -19.017], [32.78, -19.021], [32.765, -19.028], [32.74, -19.029], [32.723, -19.025], [32.716, -19.019], [32.71, -19.002], [32.708, -18.979], [32.7, -18.941], [32.702, -18.936], [32.73, -18.929], [32.731, -18.925], [32.724, -18.891], [32.719, -18.877], [32.705, -18.857], [32.704, -18.844], [32.712, -18.834], [32.734, -18.818], [32.74, -18.816], [32.748, -18.817], [32.759, -18.814], [32.777, -18.8], [32.789, -18.797], [32.797, -18.79], [32.814, -18.781], [32.827, -18.777], [32.836, -18.778], [32.843, -18.779], [32.878, -18.797], [32.892, -18.796], [32.909, -18.787], [32.921, -18.776], [32.928, -18.766], [32.932, -18.753], [32.933, -18.744], [32.949, -18.714], [32.955, -18.698], [32.954, -18.69], [32.937, -18.662], [32.909, -18.622], [32.903, -18.606], [32.903, -18.601], [32.899, -18.591], [32.886, -18.579], [32.893, -18.568], [32.896, -18.558], [32.895, -18.543], [32.885, -18.522], [32.888, -18.512], [32.892, -18.507], [32.899, -18.506], [32.904, -18.499], [32.915, -18.503], [32.92, -18.502], [32.931, -18.494], [32.936, -18.494], [32.945, -18.491], [32.96, -18.478], [32.964, -18.478], [32.974, -18.489], [32.979, -18.49], [32.998, -18.483], [33.014, -18.474], [33.021, -18.465], [33.023, -18.457], [33.023, -18.444], [33.016, -18.431], [33.017, -18.417], [33.024, -18.391], [33.034, -18.384], [33.042, -18.383], [33.047, -18.38], [33.055, -18.362], [33.054, -18.358], [33.039, -18.343], [33.039, -18.338], [33.087, -18.35], [33.087, -18.362], [33.095, -18.387], [33.105, -18.389], [33.105, -18.401], [33.113, -18.41], [33.123, -18.412], [33.138, -18.452], [33.176, -18.505], [33.226, -18.495], [33.259, -18.527], [33.264, -18.544], [33.284, -18.555], [33.3, -18.552], [33.307, -18.54], [33.364, -18.572], [33.371, -18.59], [33.382, -18.6], [33.401, -18.649], [33.415, -18.66], [33.438, -18.668], [33.452, -18.666], [33.441, -18.688], [33.44, -18.715], [33.432, -18.741], [33.433, -18.764], [33.429, -18.789], [33.432, -18.829], [33.434, -18.84], [33.432, -18.857], [33.409, -18.947], [33.405, -18.957], [33.401, -18.976], [33.395, -18.982], [33.388, -18.998], [33.37, -19.03], [33.358, -19.059], [33.337, -19.076], [33.332, -19.089], [33.324, -19.096], [33.313, -19.101], [33.299, -19.11], [33.291, -19.119], [33.286, -19.134], [33.276, -19.145], [33.267, -19.194], [33.273, -19.206], [33.278, -19.211], [33.288, -19.216], [33.291, -19.222], [33.286, -19.234], [33.29, -19.244], [33.289, -19.251], [33.293, -19.269], [33.284, -19.251], [33.276, -19.249], [33.242, -19.248], [33.227, -19.243], [33.22, -19.229], [33.207, -19.228], [33.208, -19.217], [33.206, -19.211]]]]}}, {"type": "Feature", "properties": {"id": "B\u00e1rue", "name": "Barue", "desert": 0, "offices": 1}, "geometry": {"type": "MultiPolygon", "coordinates": [[[[33.376, -17.93], [33.417, -18.015], [33.417, -18.031], [33.414, -18.042], [33.42, -18.055], [33.429, -18.067], [33.431, -18.085], [33.429, -18.107], [33.434, -18.117], [33.436, -18.14], [33.435, -18.154], [33.468, -18.21], [33.458, -18.265], [33.472, -18.305], [33.477, -18.334], [33.488, -18.358], [33.49, -18.372], [33.499, -18.386], [33.513, -18.394], [33.508, -18.401], [33.53, -18.457], [33.538, -18.466], [33.542, -18.478], [33.537, -18.483], [33.542, -18.486], [33.544, -18.501], [33.533, -18.516], [33.532, -18.531], [33.532, -18.537], [33.54, -18.543], [33.541, -18.567], [33.546, -18.573], [33.545, -18.594], [33.548, -18.617], [33.546, -18.623], [33.543, -18.644], [33.544, -18.65], [33.55, -18.653], [33.551, -18.658], [33.551, -18.672], [33.488, -18.663], [33.438, -18.668], [33.415, -18.66], [33.401, -18.649], [33.382, -18.6], [33.371, -18.59], [33.364, -18.572], [33.307, -18.54], [33.3, -18.552], [33.284, -18.555], [33.264, -18.544], [33.259, -18.527], [33.226, -18.495], [33.176, -18.505], [33.138, -18.452], [33.123, -18.412], [33.113, -18.41], [33.105, -18.401], [33.105, -18.389], [33.095, -18.387], [33.087, -18.362], [33.087, -18.35], [33.039, -18.338], [33.04, -18.334], [33.031, -18.325], [33.013, -18.318], [33.002, -18.305], [32.998, -18.273], [33.001, -18.259], [33.009, -18.24], [33.008, -18.229], [33.002, -18.217], [32.996, -18.192], [32.998, -18.169], [32.993, -18.162], [32.987, -18.157], [32.978, -18.155], [32.972, -18.142], [32.97, -18.128], [32.974, -18.117], [32.974, -18.108], [32.959, -18.072], [32.959, -18.052], [32.955, -18.043], [32.949, -18.032], [32.948, -18.016], [32.949, -18.011], [32.942, -17.989], [32.943, -17.974], [32.948, -17.963], [32.952, -17.96], [32.962, -17.963], [32.969, -17.953], [32.971, -17.933], [32.977, -17.923], [32.977, -17.917], [32.972, -17.914], [32.956, -17.911], [32.954, -17.907], [32.953, -17.878], [32.961, -17.855], [32.96, -17.817], [32.969, -17.802], [32.975, -17.802], [32.99, -17.805], [33.01, -17.802], [33.01, -17.795], [33.016, -17.781], [33.014, -17.769], [33.027, -17.763], [33.026, -17.758], [33.016, -17.75], [33.007, -17.746], [33.002, -17.738], [33.002, -17.725], [33.003, -17.72], [33.013, -17.724], [33.02, -17.72], [33.014, -17.714], [33.012, -17.702], [33.018, -17.671], [33.026, -17.647], [33.039, -17.636], [33.042, -17.627], [33.041, -17.613], [33.043, -17.603], [33.034, -17.591], [33.009, -17.569], [32.99, -17.567], [32.981, -17.563], [32.976, -17.552], [32.974, -17.542], [32.963, -17.527], [32.96, -17.516], [32.959, -17.494], [32.962, -17.481], [32.973, -17.472], [32.984, -17.456], [32.998, -17.453], [32.997, -17.445], [33.002, -17.415], [33.007, -17.401], [33.02, -17.377], [33.03, -17.367], [33.034, -17.358], [33.045, -17.347], [33.041, -17.343], [33.051, -17.338], [33.049, -17.314], [33.05, -17.301], [33.065, -17.279], [33.076, -17.247], [33.087, -17.237], [33.108, -17.261], [33.123, -17.267], [33.129, -17.267], [33.135, -17.272], [33.137, -17.28], [33.131, -17.286], [33.127, -17.302], [33.127, -17.307], [33.145, -17.313], [33.165, -17.338], [33.166, -17.346], [33.178, -17.349], [33.184, -17.356], [33.206, -17.361], [33.227, -17.359], [33.258, -17.43], [33.267, -17.44], [33.295, -17.459], [33.304, -17.459], [33.338, -17.49], [33.344, -17.498], [33.34, -17.518], [33.36, -17.517], [33.363, -17.532], [33.381, -17.555], [33.383, -17.565], [33.382, -17.586], [33.386, -17.615], [33.386, -17.628], [33.378, -17.663], [33.378, -17.676], [33.364, -17.686], [33.357, -17.7], [33.375, -17.735], [33.396, -17.826], [33.4, -17.836], [33.398, -17.862], [33.395, -17.87], [33.386, -17.88], [33.38, -17.893], [33.376, -17.93]]]]}}, {"type": "Feature", "properties": {"id": "Gondola", "name": "Gondola", "desert": 0, "offices": 2}, "geometry": {"type": "MultiPolygon", "coordinates": [[[[33.741, -19.599], [33.743, -19.609], [33.742, -19.618], [33.736, -19.62], [33.721, -19.619], [33.702, -19.605], [33.671, -19.606], [33.66, -19.602], [33.649, -19.58], [33.631, -19.582], [33.624, -19.594], [33.616, -19.599], [33.607, -19.596], [33.6, -19.585], [33.589, -19.577], [33.553, -19.579], [33.542, -19.583], [33.528, -19.579], [33.526, -19.561], [33.519, -19.558], [33.512, -19.55], [33.513, -19.533], [33.507, -19.527], [33.492, -19.522], [33.478, -19.521], [33.456, -19.527], [33.449, -19.523], [33.443, -19.512], [33.438, -19.468], [33.432, -19.456], [33.419, -19.446], [33.406, -19.443], [33.404, -19.429], [33.394, -19.427], [33.388, -19.421], [33.369, -19.396], [33.362, -19.382], [33.346, -19.379], [33.337, -19.366], [33.329, -19.36], [33.3, -19.345], [33.3, -19.334], [33.292, -19.301], [33.279, -19.291], [33.288, -19.278], [33.279, -19.274], [33.282, -19.269], [33.293, -19.269], [33.289, -19.251], [33.29, -19.244], [33.286, -19.234], [33.291, -19.222], [33.288, -19.216], [33.278, -19.211], [33.273, -19.206], [33.267, -19.194], [33.276, -19.145], [33.286, -19.134], [33.291, -19.119], [33.299, -19.11], [33.313, -19.101], [33.324, -19.096], [33.332, -19.089], [33.337, -19.076], [33.358, -19.059], [33.37, -19.03], [33.388, -18.998], [33.395, -18.982], [33.401, -18.976], [33.405, -18.957], [33.409, -18.947], [33.432, -18.857], [33.434, -18.84], [33.432, -18.829], [33.429, -18.789], [33.433, -18.764], [33.432, -18.741], [33.44, -18.715], [33.441, -18.688], [33.452, -18.666], [33.488, -18.663], [33.51, -18.666], [33.568, -18.675], [33.584, -18.687], [33.614, -18.678], [33.636, -18.669], [33.648, -18.675], [33.673, -18.707], [33.697, -18.722], [33.716, -18.731], [33.738, -18.734], [33.752, -18.717], [33.762, -18.715], [33.804, -18.744], [33.816, -18.766], [33.836, -18.783], [33.847, -18.785], [33.872, -18.785], [33.89, -18.787], [33.92, -18.835], [33.922, -18.848], [33.926, -18.86], [33.929, -18.868], [33.936, -18.874], [33.951, -18.886], [34.006, -18.92], [34.01, -18.926], [34.014, -18.922], [34.016, -18.917], [34.023, -18.917], [34.028, -18.921], [34.039, -18.921], [34.054, -18.947], [34.044, -18.963], [34.032, -19.0], [33.938, -19.243], [33.936, -19.597], [33.741, -19.599]]]]}}, {"type": "Feature", "properties": {"id": "Guro", "name": "Guro", "desert": 0, "offices": 1}, "geometry": {"type": "MultiPolygon", "coordinates": [[[[33.344, -17.498], [33.338, -17.49], [33.304, -17.459], [33.295, -17.459], [33.267, -17.44], [33.258, -17.43], [33.227, -17.359], [33.206, -17.361], [33.184, -17.356], [33.178, -17.349], [33.166, -17.346], [33.165, -17.338], [33.145, -17.313], [33.127, -17.307], [33.127, -17.302], [33.131, -17.286], [33.137, -17.28], [33.135, -17.272], [33.129, -17.267], [33.123, -17.267], [33.108, -17.261], [33.087, -17.237], [33.089, -17.233], [33.091, -17.22], [33.09, -17.195], [33.093, -17.18], [33.095, -17.175], [33.103, -17.168], [33.106, -17.163], [33.107, -17.156], [33.111, -17.15], [33.123, -17.137], [33.123, -17.132], [33.116, -17.129], [33.112, -17.124], [33.105, -17.11], [33.106, -17.104], [33.113, -17.101], [33.125, -17.092], [33.127, -17.083], [33.131, -17.075], [33.14, -17.071], [33.143, -17.039], [33.151, -17.031], [33.2, -16.996], [33.213, -16.984], [33.217, -16.976], [33.215, -16.966], [33.217, -16.956], [33.224, -16.947], [33.226, -16.934], [33.24, -16.902], [33.248, -16.888], [33.254, -16.881], [33.279, -16.857], [33.284, -16.831], [33.284, -16.807], [33.292, -16.787], [33.297, -16.761], [33.314, -16.739], [33.327, -16.712], [33.336, -16.7], [33.36, -16.694], [33.368, -16.69], [33.375, -16.681], [33.381, -16.667], [33.389, -16.662], [33.393, -16.655], [33.393, -16.64], [33.396, -16.634], [33.42, -16.612], [33.44, -16.59], [33.443, -16.58], [33.439, -16.549], [33.435, -16.538], [33.437, -16.527], [33.451, -16.516], [33.461, -16.505], [33.472, -16.485], [33.501, -16.47], [33.52, -16.447], [33.529, -16.439], [33.542, -16.432], [33.569, -16.426], [33.594, -16.425], [33.605, -16.429], [33.617, -16.429], [33.685, -16.42], [33.709, -16.431], [33.717, -16.427], [33.725, -16.412], [33.756, -16.396], [33.785, -16.385], [33.792, -16.387], [33.805, -16.396], [33.812, -16.407], [33.832, -16.431], [33.849, -16.461], [33.867, -16.478], [33.887, -16.499], [33.903, -16.528], [33.921, -16.545], [33.946, -16.562], [33.962, -16.578], [33.941, -16.586], [33.931, -16.595], [33.911, -16.607], [33.899, -16.617], [33.878, -16.658], [33.85, -16.682], [33.827, -16.713], [33.825, -16.725], [33.819, -16.737], [33.82, -16.743], [33.813, -16.751], [33.81, -16.761], [33.817, -16.776], [33.816, -16.787], [33.813, -16.797], [33.827, -16.823], [33.822, -16.842], [33.825, -16.852], [33.846, -16.871], [33.828, -16.99], [33.823, -16.99], [33.825, -16.994], [33.833, -17.0], [33.835, -17.011], [33.848, -17.036], [33.846, -17.041], [33.838, -17.043], [33.839, -17.057], [33.844, -17.059], [33.849, -17.064], [33.857, -17.093], [33.857, -17.103], [33.865, -17.111], [33.864, -17.119], [33.872, -17.133], [33.878, -17.155], [33.883, -17.192], [33.876, -17.218], [33.869, -17.237], [33.866, -17.242], [33.84, -17.27], [33.82, -17.307], [33.818, -17.316], [33.819, -17.326], [33.803, -17.332], [33.774, -17.34], [33.765, -17.343], [33.761, -17.348], [33.757, -17.35], [33.742, -17.351], [33.712, -17.345], [33.671, -17.358], [33.655, -17.369], [33.651, -17.367], [33.643, -17.369], [33.604, -17.383], [33.599, -17.39], [33.597, -17.41], [33.551, -17.439], [33.49, -17.425], [33.483, -17.431], [33.475, -17.445], [33.464, -17.457], [33.465, -17.469], [33.461, -17.475], [33.46, -17.482], [33.425, -17.475], [33.416, -17.477], [33.41, -17.474], [33.4, -17.475], [33.383, -17.489], [33.364, -17.518], [33.34, -17.518], [33.344, -17.498]]]]}}, {"type": "Feature", "properties": {"id": "Machaze", "name": "Machaze", "desert": 1, "offices": 0}, "geometry": {"type": "MultiPolygon", "coordinates": [[[[33.28, -21.495], [33.27, -21.495], [33.232, -21.477], [33.193, -21.486], [33.164, -21.505], [33.106, -21.532], [33.068, -21.568], [33.068, -21.586], [33.048, -21.586], [33.029, -21.577], [33.019, -21.568], [33.0, -21.568], [32.984, -21.57], [32.97, -21.568], [32.962, -21.563], [32.957, -21.555], [32.962, -21.527], [32.961, -21.52], [32.951, -21.505], [32.932, -21.49], [32.912, -21.484], [32.89, -21.487], [32.872, -21.5], [32.85, -21.507], [32.781, -21.475], [32.769, -21.46], [32.755, -21.448], [32.731, -21.437], [32.691, -21.412], [32.661, -21.398], [32.62, -21.39], [32.544, -21.383], [32.523, -21.374], [32.514, -21.365], [32.502, -21.348], [32.48, -21.326], [32.48, -21.321], [32.476, -21.311], [32.458, -21.282], [32.431, -21.251], [32.427, -21.235], [32.422, -21.227], [32.399, -21.207], [32.395, -21.193], [32.396, -21.189], [32.406, -21.176], [32.406, -21.17], [32.4, -21.163], [32.385, -21.154], [32.37, -21.142], [32.367, -21.137], [32.376, -21.122], [32.381, -21.109], [32.388, -21.099], [32.402, -21.087], [32.439, -21.046], [32.45, -21.037], [32.468, -21.012], [32.481, -20.993], [32.495, -20.965], [32.517, -20.914], [32.517, -20.91], [32.602, -20.916], [32.669, -20.887], [32.772, -20.873], [32.776, -20.864], [32.794, -20.84], [32.801, -20.84], [32.81, -20.848], [32.817, -20.858], [32.824, -20.863], [32.835, -20.867], [32.847, -20.878], [32.849, -20.883], [32.915, -20.893], [32.999, -20.875], [33.068, -20.846], [33.078, -20.852], [33.087, -20.855], [33.111, -20.818], [33.163, -20.815], [33.177, -20.819], [33.198, -20.828], [33.213, -20.829], [33.226, -20.828], [33.234, -20.824], [33.237, -20.819], [33.235, -20.81], [33.228, -20.798], [33.201, -20.754], [33.188, -20.74], [33.178, -20.725], [33.168, -20.715], [33.164, -20.708], [33.16, -20.697], [33.16, -20.687], [33.155, -20.674], [33.154, -20.661], [33.15, -20.651], [33.142, -20.651], [33.137, -20.654], [33.131, -20.628], [33.126, -20.617], [33.115, -20.606], [33.113, -20.595], [33.1, -20.579], [33.099, -20.574], [33.107, -20.569], [33.119, -20.555], [33.122, -20.541], [33.136, -20.507], [33.144, -20.504], [33.158, -20.504], [33.17, -20.494], [33.181, -20.482], [33.19, -20.457], [33.224, -20.424], [33.23, -20.412], [33.231, -20.404], [33.235, -20.401], [33.25, -20.4], [33.258, -20.39], [33.265, -20.376], [33.259, -20.369], [33.257, -20.357], [33.265, -20.347], [33.277, -20.321], [33.286, -20.317], [33.299, -20.32], [33.313, -20.328], [33.322, -20.325], [33.335, -20.326], [33.357, -20.339], [33.381, -20.338], [33.384, -20.337], [33.391, -20.328], [33.394, -20.317], [33.423, -20.315], [33.432, -20.309], [33.448, -20.293], [33.456, -20.291], [33.468, -20.293], [33.475, -20.292], [33.478, -20.293], [33.474, -20.308], [33.476, -20.318], [33.493, -20.341], [33.496, -20.348], [33.496, -20.353], [33.493, -20.355], [33.477, -20.417], [33.609, -20.542], [33.62, -20.537], [33.634, -20.539], [33.645, -20.538], [33.661, -20.529], [33.661, -20.54], [33.655, -20.554], [33.649, -20.582], [33.647, -20.597], [33.658, -20.604], [33.667, -20.618], [33.682, -20.627], [33.718, -20.645], [33.724, -20.702], [33.73, -20.709], [33.753, -20.719], [33.78, -20.728], [33.797, -20.729], [33.82, -20.74], [33.833, -20.738], [33.846, -20.738], [33.855, -20.751], [33.867, -20.761], [33.911, -20.805], [33.897, -21.002], [33.995, -21.007], [34.108, -21.075], [34.094, -21.13], [34.04, -21.167], [34.032, -21.223], [34.012, -21.244], [34.005, -21.269], [34.006, -21.311], [33.993, -21.303], [33.955, -21.312], [33.926, -21.349], [33.926, -21.367], [33.907, -21.403], [33.897, -21.412], [33.849, -21.412], [33.82, -21.385], [33.762, -21.404], [33.724, -21.422], [33.675, -21.395], [33.656, -21.386], [33.637, -21.386], [33.608, -21.395], [33.579, -21.386], [33.569, -21.377], [33.55, -21.377], [33.492, -21.395], [33.473, -21.423], [33.415, -21.459], [33.396, -21.468], [33.367, -21.477], [33.347, -21.477], [33.328, -21.486], [33.309, -21.486], [33.28, -21.495]]]]}}, {"type": "Feature", "properties": {"id": "Macossa", "name": "Macossa", "desert": 1, "offices": 0}, "geometry": {"type": "MultiPolygon", "coordinates": [[[[33.551, -18.658], [33.55, -18.653], [33.544, -18.65], [33.543, -18.644], [33.546, -18.623], [33.548, -18.617], [33.545, -18.594], [33.546, -18.573], [33.541, -18.567], [33.54, -18.543], [33.532, -18.537], [33.532, -18.531], [33.533, -18.516], [33.544, -18.501], [33.542, -18.486], [33.537, -18.483], [33.542, -18.478], [33.538, -18.466], [33.53, -18.457], [33.508, -18.401], [33.513, -18.394], [33.499, -18.386], [33.49, -18.372], [33.488, -18.358], [33.477, -18.334], [33.472, -18.305], [33.458, -18.265], [33.468, -18.21], [33.435, -18.154], [33.436, -18.14], [33.434, -18.117], [33.429, -18.107], [33.431, -18.085], [33.429, -18.067], [33.42, -18.055], [33.414, -18.042], [33.417, -18.031], [33.417, -18.015], [33.376, -17.93], [33.38, -17.893], [33.386, -17.88], [33.395, -17.87], [33.398, -17.862], [33.4, -17.836], [33.396, -17.826], [33.375, -17.735], [33.357, -17.7], [33.364, -17.686], [33.378, -17.676], [33.378, -17.663], [33.386, -17.628], [33.386, -17.615], [33.382, -17.586], [33.383, -17.565], [33.381, -17.555], [33.363, -17.532], [33.36, -17.517], [33.364, -17.518], [33.383, -17.489], [33.4, -17.475], [33.41, -17.474], [33.416, -17.477], [33.425, -17.475], [33.46, -17.482], [33.461, -17.475], [33.465, -17.469], [33.464, -17.457], [33.475, -17.445], [33.483, -17.431], [33.49, -17.425], [33.551, -17.439], [33.597, -17.41], [33.599, -17.39], [33.604, -17.383], [33.643, -17.369], [33.651, -17.367], [33.655, -17.369], [33.671, -17.358], [33.712, -17.345], [33.742, -17.351], [33.757, -17.35], [33.761, -17.348], [33.765, -17.343], [33.774, -17.34], [33.803, -17.332], [33.819, -17.326], [33.836, -17.344], [33.844, -17.347], [33.849, -17.353], [33.882, -17.368], [33.89, -17.367], [33.906, -17.38], [33.991, -17.368], [34.011, -17.375], [34.014, -17.375], [34.028, -17.368], [34.032, -17.364], [34.044, -17.359], [34.188, -17.385], [34.202, -17.412], [34.204, -17.422], [34.177, -17.516], [34.14, -17.593], [34.163, -17.629], [34.161, -17.69], [34.172, -17.7], [34.203, -17.714], [34.209, -17.745], [34.2, -17.822], [34.193, -17.845], [34.194, -17.872], [34.214, -17.87], [34.232, -17.877], [34.239, -17.878], [34.254, -17.897], [34.263, -17.904], [34.272, -17.908], [34.277, -17.915], [34.279, -17.921], [34.288, -17.933], [34.279, -17.954], [34.274, -17.96], [34.265, -17.977], [34.279, -17.999], [34.29, -18.067], [34.289, -18.072], [34.282, -18.079], [34.246, -18.211], [34.23, -18.21], [34.196, -18.184], [34.19, -18.184], [34.15, -18.253], [34.137, -18.259], [34.124, -18.258], [34.112, -18.252], [34.103, -18.243], [34.072, -18.215], [34.069, -18.215], [34.064, -18.219], [34.058, -18.214], [34.057, -18.205], [34.05, -18.197], [34.045, -18.186], [34.046, -18.178], [34.049, -18.171], [34.044, -18.166], [34.032, -18.16], [34.027, -18.154], [34.026, -18.139], [34.028, -18.131], [34.026, -18.127], [34.014, -18.121], [34.008, -18.123], [33.999, -18.132], [33.952, -18.126], [33.923, -18.168], [33.867, -18.225], [33.858, -18.232], [33.847, -18.237], [33.837, -18.262], [33.827, -18.271], [33.814, -18.277], [33.806, -18.282], [33.806, -18.29], [33.812, -18.293], [33.824, -18.292], [33.826, -18.306], [33.824, -18.317], [33.82, -18.326], [33.824, -18.344], [33.843, -18.375], [33.831, -18.407], [33.833, -18.417], [33.841, -18.42], [33.85, -18.408], [33.859, -18.406], [33.856, -18.444], [33.858, -18.452], [33.87, -18.462], [33.867, -18.47], [33.868, -18.491], [33.871, -18.5], [33.882, -18.517], [33.874, -18.522], [33.863, -18.514], [33.846, -18.515], [33.838, -18.523], [33.836, -18.527], [33.81, -18.53], [33.785, -18.526], [33.774, -18.522], [33.772, -18.601], [33.73, -18.638], [33.728, -18.666], [33.722, -18.676], [33.72, -18.684], [33.722, -18.696], [33.733, -18.707], [33.746, -18.719], [33.752, -18.717], [33.738, -18.734], [33.716, -18.731], [33.697, -18.722], [33.673, -18.707], [33.648, -18.675], [33.636, -18.669], [33.614, -18.678], [33.584, -18.687], [33.568, -18.675], [33.551, -18.672], [33.551, -18.658]]]]}}, {"type": "Feature", "properties": {"id": "Mossurize", "name": "Mossurize", "desert": 0, "offices": 1}, "geometry": {"type": "MultiPolygon", "coordinates": [[[[33.1, -20.579], [33.113, -20.595], [33.115, -20.606], [33.126, -20.617], [33.131, -20.628], [33.137, -20.654], [33.142, -20.651], [33.15, -20.651], [33.154, -20.661], [33.155, -20.674], [33.16, -20.687], [33.16, -20.697], [33.164, -20.708], [33.168, -20.715], [33.178, -20.725], [33.188, -20.74], [33.201, -20.754], [33.228, -20.798], [33.235, -20.81], [33.237, -20.819], [33.234, -20.824], [33.226, -20.828], [33.213, -20.829], [33.198, -20.828], [33.177, -20.819], [33.163, -20.815], [33.111, -20.818], [33.087, -20.855], [33.078, -20.852], [33.068, -20.846], [32.999, -20.875], [32.915, -20.893], [32.849, -20.883], [32.847, -20.878], [32.835, -20.867], [32.824, -20.863], [32.817, -20.858], [32.81, -20.848], [32.801, -20.84], [32.794, -20.84], [32.776, -20.864], [32.772, -20.873], [32.669, -20.887], [32.602, -20.916], [32.517, -20.91], [32.519, -20.889], [32.515, -20.872], [32.503, -20.833], [32.498, -20.807], [32.495, -20.701], [32.486, -20.674], [32.485, -20.658], [32.489, -20.628], [32.492, -20.619], [32.512, -20.6], [32.524, -20.592], [32.528, -20.588], [32.557, -20.566], [32.567, -20.561], [32.604, -20.561], [32.615, -20.559], [32.646, -20.56], [32.658, -20.562], [32.669, -20.555], [32.677, -20.547], [32.722, -20.467], [32.734, -20.448], [32.764, -20.411], [32.781, -20.395], [32.801, -20.371], [32.799, -20.359], [32.8, -20.353], [32.807, -20.339], [32.864, -20.287], [32.861, -20.274], [32.866, -20.252], [32.867, -20.24], [32.863, -20.236], [32.849, -20.231], [32.84, -20.224], [32.839, -20.219], [32.843, -20.205], [32.847, -20.2], [32.87, -20.193], [32.871, -20.189], [32.871, -20.18], [32.856, -20.161], [32.856, -20.156], [32.868, -20.112], [32.878, -20.106], [32.881, -20.103], [32.888, -20.103], [32.89, -20.11], [32.894, -20.116], [32.91, -20.12], [32.92, -20.115], [32.92, -20.091], [32.919, -20.073], [32.912, -20.063], [32.92, -20.048], [32.926, -20.044], [32.969, -20.037], [32.972, -20.034], [32.981, -20.031], [32.996, -20.028], [33.0, -20.026], [33.001, -20.024], [33.011, -20.019], [33.014, -20.011], [33.025, -20.044], [33.025, -20.052], [33.031, -20.068], [33.054, -20.087], [33.065, -20.087], [33.076, -20.098], [33.087, -20.093], [33.106, -20.079], [33.116, -20.086], [33.125, -20.09], [33.136, -20.087], [33.147, -20.088], [33.151, -20.081], [33.154, -20.09], [33.157, -20.144], [33.167, -20.185], [33.169, -20.21], [33.168, -20.227], [33.178, -20.24], [33.185, -20.242], [33.192, -20.237], [33.207, -20.234], [33.211, -20.231], [33.253, -20.228], [33.257, -20.231], [33.266, -20.232], [33.28, -20.231], [33.291, -20.223], [33.306, -20.2], [33.308, -20.187], [33.317, -20.177], [33.316, -20.163], [33.324, -20.157], [33.337, -20.155], [33.342, -20.152], [33.342, -20.14], [33.35, -20.138], [33.376, -20.137], [33.384, -20.13], [33.4, -20.121], [33.406, -20.114], [33.443, -20.148], [33.459, -20.167], [33.463, -20.18], [33.479, -20.206], [33.483, -20.218], [33.491, -20.233], [33.498, -20.255], [33.507, -20.264], [33.511, -20.271], [33.495, -20.278], [33.478, -20.293], [33.475, -20.292], [33.468, -20.293], [33.456, -20.291], [33.448, -20.293], [33.432, -20.309], [33.423, -20.315], [33.394, -20.317], [33.391, -20.328], [33.384, -20.337], [33.381, -20.338], [33.357, -20.339], [33.335, -20.326], [33.322, -20.325], [33.313, -20.328], [33.299, -20.32], [33.286, -20.317], [33.277, -20.321], [33.265, -20.347], [33.257, -20.357], [33.259, -20.369], [33.265, -20.376], [33.258, -20.39], [33.25, -20.4], [33.235, -20.401], [33.231, -20.404], [33.23, -20.412], [33.224, -20.424], [33.19, -20.457], [33.181, -20.482], [33.17, -20.494], [33.158, -20.504], [33.144, -20.504], [33.136, -20.507], [33.122, -20.541], [33.119, -20.555], [33.107, -20.569], [33.099, -20.574], [33.1, -20.579]]]]}}, {"type": "Feature", "properties": {"id": "Sussundenga", "name": "Sussundenga", "desert": 0, "offices": 1}, "geometry": {"type": "MultiPolygon", "coordinates": [[[[33.4, -20.121], [33.384, -20.13], [33.376, -20.137], [33.35, -20.138], [33.342, -20.14], [33.342, -20.152], [33.337, -20.155], [33.324, -20.157], [33.316, -20.163], [33.317, -20.177], [33.308, -20.187], [33.306, -20.2], [33.291, -20.223], [33.28, -20.231], [33.266, -20.232], [33.257, -20.231], [33.253, -20.228], [33.211, -20.231], [33.207, -20.234], [33.192, -20.237], [33.185, -20.242], [33.182, -20.242], [33.178, -20.24], [33.168, -20.227], [33.169, -20.21], [33.167, -20.185], [33.157, -20.144], [33.154, -20.09], [33.151, -20.081], [33.147, -20.088], [33.136, -20.087], [33.125, -20.09], [33.116, -20.086], [33.106, -20.079], [33.087, -20.093], [33.076, -20.098], [33.065, -20.087], [33.054, -20.087], [33.031, -20.068], [33.025, -20.052], [33.025, -20.044], [33.014, -20.011], [33.025, -19.964], [33.036, -19.888], [33.048, -19.833], [33.047, -19.821], [33.056, -19.799], [33.053, -19.781], [33.039, -19.767], [33.02, -19.756], [32.992, -19.747], [32.959, -19.723], [32.956, -19.717], [32.957, -19.712], [32.963, -19.708], [32.979, -19.692], [32.981, -19.685], [32.978, -19.672], [32.973, -19.658], [32.969, -19.655], [32.963, -19.655], [32.95, -19.664], [32.916, -19.679], [32.903, -19.681], [32.89, -19.685], [32.876, -19.685], [32.873, -19.683], [32.85, -19.685], [32.839, -19.681], [32.835, -19.677], [32.834, -19.669], [32.853, -19.624], [32.847, -19.61], [32.852, -19.552], [32.851, -19.541], [32.841, -19.528], [32.84, -19.519], [32.845, -19.484], [32.845, -19.477], [32.835, -19.476], [32.829, -19.478], [32.803, -19.477], [32.794, -19.475], [32.782, -19.467], [32.777, -19.458], [32.776, -19.45], [32.78, -19.431], [32.778, -19.409], [32.785, -19.395], [32.786, -19.387], [32.776, -19.37], [32.776, -19.361], [32.809, -19.335], [32.825, -19.317], [32.832, -19.313], [32.85, -19.294], [32.853, -19.279], [32.849, -19.255], [32.849, -19.234], [32.864, -19.169], [32.881, -19.173], [32.883, -19.167], [32.895, -19.161], [32.931, -19.153], [32.942, -19.157], [32.948, -19.156], [32.962, -19.157], [32.967, -19.155], [32.986, -19.156], [33.014, -19.149], [33.029, -19.148], [33.045, -19.14], [33.086, -19.11], [33.108, -19.12], [33.13, -19.139], [33.164, -19.193], [33.206, -19.211], [33.208, -19.217], [33.207, -19.228], [33.22, -19.229], [33.227, -19.243], [33.242, -19.248], [33.276, -19.249], [33.284, -19.251], [33.293, -19.269], [33.282, -19.269], [33.279, -19.274], [33.288, -19.278], [33.279, -19.291], [33.292, -19.301], [33.3, -19.334], [33.3, -19.345], [33.329, -19.36], [33.337, -19.366], [33.346, -19.379], [33.362, -19.382], [33.369, -19.396], [33.388, -19.421], [33.394, -19.427], [33.404, -19.429], [33.406, -19.443], [33.419, -19.446], [33.432, -19.456], [33.438, -19.468], [33.443, -19.512], [33.449, -19.523], [33.456, -19.527], [33.478, -19.521], [33.492, -19.522], [33.507, -19.527], [33.513, -19.533], [33.512, -19.55], [33.519, -19.558], [33.526, -19.561], [33.528, -19.579], [33.542, -19.583], [33.553, -19.579], [33.589, -19.577], [33.6, -19.585], [33.607, -19.596], [33.616, -19.599], [33.624, -19.594], [33.631, -19.582], [33.649, -19.58], [33.66, -19.602], [33.671, -19.606], [33.702, -19.605], [33.721, -19.619], [33.736, -19.62], [33.742, -19.618], [33.749, -19.631], [33.764, -19.645], [33.769, -19.655], [33.83, -19.729], [33.833, -19.743], [33.848, -19.77], [33.827, -19.812], [33.829, -19.927], [33.786, -19.951], [33.772, -19.97], [33.761, -19.989], [33.732, -19.988], [33.685, -19.947], [33.665, -19.933], [33.631, -19.945], [33.612, -19.936], [33.601, -19.919], [33.598, -19.936], [33.555, -19.959], [33.537, -19.983], [33.53, -19.988], [33.518, -19.985], [33.51, -19.989], [33.504, -20.009], [33.485, -19.994], [33.48, -19.998], [33.477, -20.004], [33.469, -20.034], [33.457, -20.05], [33.449, -20.052], [33.438, -20.05], [33.426, -20.055], [33.419, -20.061], [33.416, -20.07], [33.41, -20.073], [33.399, -20.076], [33.391, -20.079], [33.389, -20.089], [33.406, -20.114], [33.4, -20.121]]]]}}, {"type": "Feature", "properties": {"id": "Tambara", "name": "Tambara", "desert": 1, "offices": 0}, "geometry": {"type": "MultiPolygon", "coordinates": [[[[33.818, -17.316], [33.824, -17.299], [33.84, -17.27], [33.866, -17.242], [33.869, -17.237], [33.876, -17.218], [33.883, -17.192], [33.878, -17.155], [33.872, -17.133], [33.864, -17.119], [33.865, -17.111], [33.857, -17.103], [33.857, -17.093], [33.849, -17.064], [33.844, -17.059], [33.839, -17.057], [33.838, -17.043], [33.846, -17.041], [33.848, -17.036], [33.835, -17.011], [33.833, -17.0], [33.825, -16.994], [33.823, -16.99], [33.828, -16.99], [33.846, -16.871], [33.825, -16.852], [33.822, -16.842], [33.827, -16.823], [33.813, -16.797], [33.816, -16.787], [33.817, -16.776], [33.81, -16.761], [33.813, -16.751], [33.82, -16.743], [33.819, -16.737], [33.825, -16.725], [33.827, -16.713], [33.85, -16.682], [33.878, -16.658], [33.899, -16.617], [33.911, -16.607], [33.931, -16.595], [33.941, -16.586], [33.968, -16.575], [33.99, -16.573], [33.996, -16.578], [33.995, -16.601], [33.998, -16.606], [34.008, -16.614], [34.018, -16.615], [34.036, -16.614], [34.068, -16.605], [34.083, -16.612], [34.124, -16.621], [34.133, -16.627], [34.149, -16.655], [34.172, -16.68], [34.198, -16.692], [34.209, -16.694], [34.267, -16.694], [34.288, -16.699], [34.307, -16.708], [34.324, -16.713], [34.358, -16.716], [34.403, -16.717], [34.418, -16.72], [34.461, -16.736], [34.472, -16.748], [34.48, -16.761], [34.533, -16.783], [34.534, -16.808], [34.531, -16.819], [34.514, -16.837], [34.507, -16.853], [34.507, -16.864], [34.535, -16.866], [34.466, -16.993], [34.45, -16.999], [34.304, -17.032], [34.263, -17.06], [34.175, -17.223], [34.207, -17.239], [34.225, -17.243], [34.23, -17.261], [34.229, -17.269], [34.225, -17.275], [34.208, -17.291], [34.188, -17.385], [34.044, -17.359], [34.032, -17.364], [34.028, -17.368], [34.014, -17.375], [34.011, -17.375], [33.991, -17.368], [33.906, -17.38], [33.89, -17.367], [33.882, -17.368], [33.849, -17.353], [33.844, -17.347], [33.836, -17.344], [33.819, -17.326], [33.818, -17.316]]]]}}, {"type": "Feature", "properties": {"id": "Ang\u00f3nia", "name": "Ang\u00f3nia", "desert": 0, "offices": 5}, "geometry": {"type": "MultiPolygon", "coordinates": [[[[33.72, -14.491], [33.729, -14.488], [33.743, -14.496], [33.769, -14.522], [33.792, -14.531], [33.805, -14.543], [33.814, -14.542], [33.845, -14.511], [33.856, -14.504], [33.865, -14.504], [33.864, -14.51], [33.874, -14.52], [33.878, -14.519], [33.886, -14.514], [33.883, -14.501], [33.886, -14.496], [33.899, -14.485], [33.907, -14.485], [33.912, -14.477], [33.914, -14.476], [33.923, -14.479], [33.928, -14.473], [33.935, -14.469], [33.938, -14.47], [33.94, -14.476], [33.942, -14.478], [33.972, -14.48], [33.973, -14.476], [34.032, -14.482], [34.047, -14.481], [34.074, -14.485], [34.082, -14.478], [34.083, -14.463], [34.086, -14.457], [34.093, -14.45], [34.108, -14.446], [34.116, -14.445], [34.118, -14.447], [34.126, -14.446], [34.167, -14.438], [34.175, -14.432], [34.184, -14.434], [34.189, -14.438], [34.194, -14.437], [34.205, -14.44], [34.22, -14.434], [34.223, -14.432], [34.223, -14.429], [34.225, -14.427], [34.229, -14.427], [34.237, -14.423], [34.256, -14.429], [34.263, -14.429], [34.271, -14.424], [34.28, -14.413], [34.288, -14.407], [34.304, -14.4], [34.306, -14.4], [34.31, -14.404], [34.312, -14.404], [34.327, -14.397], [34.345, -14.396], [34.356, -14.384], [34.363, -14.386], [34.369, -14.385], [34.371, -14.386], [34.376, -14.395], [34.386, -14.396], [34.389, -14.393], [34.392, -14.393], [34.393, -14.396], [34.393, -14.403], [34.4, -14.412], [34.402, -14.417], [34.418, -14.429], [34.42, -14.44], [34.422, -14.441], [34.425, -14.452], [34.43, -14.46], [34.437, -14.464], [34.445, -14.476], [34.45, -14.497], [34.457, -14.51], [34.467, -14.519], [34.466, -14.52], [34.471, -14.524], [34.473, -14.53], [34.485, -14.537], [34.493, -14.55], [34.501, -14.552], [34.512, -14.552], [34.523, -14.565], [34.527, -14.579], [34.534, -14.585], [34.541, -14.599], [34.54, -14.614], [34.543, -14.62], [34.541, -14.624], [34.541, -14.631], [34.549, -14.639], [34.55, -14.644], [34.545, -14.652], [34.541, -14.652], [34.539, -14.657], [34.538, -14.668], [34.536, -14.672], [34.54, -14.675], [34.541, -14.685], [34.533, -14.685], [34.532, -14.689], [34.526, -14.685], [34.519, -14.683], [34.519, -14.686], [34.485, -14.686], [34.476, -14.688], [34.469, -14.692], [34.456, -14.691], [34.439, -14.701], [34.417, -14.71], [34.413, -14.721], [34.411, -14.735], [34.394, -14.742], [34.382, -14.742], [34.377, -14.746], [34.384, -14.753], [34.377, -14.758], [34.368, -14.758], [34.366, -14.769], [34.362, -14.778], [34.352, -14.78], [34.351, -14.786], [34.344, -14.804], [34.337, -14.813], [34.323, -14.822], [34.306, -14.826], [34.277, -14.859], [34.266, -14.876], [34.256, -14.883], [34.245, -14.883], [34.234, -14.893], [34.224, -14.916], [34.213, -14.923], [34.206, -14.925], [34.195, -14.933], [34.193, -14.945], [34.166, -14.958], [34.157, -14.982], [34.158, -14.992], [34.161, -14.997], [34.158, -15.002], [34.157, -15.005], [34.162, -15.012], [34.163, -15.023], [34.151, -15.032], [34.153, -15.041], [34.15, -15.062], [34.158, -15.094], [34.149, -15.095], [34.136, -15.105], [34.108, -15.11], [34.104, -15.113], [34.093, -15.143], [34.09, -15.146], [34.064, -15.14], [34.068, -15.135], [34.074, -15.104], [34.074, -15.091], [34.078, -15.084], [34.078, -15.078], [34.067, -15.065], [34.056, -15.04], [34.051, -15.018], [34.042, -14.985], [34.037, -14.982], [34.032, -14.973], [34.033, -14.954], [34.031, -14.947], [34.027, -14.946], [34.022, -14.937], [34.021, -14.927], [34.023, -14.912], [34.021, -14.891], [34.016, -14.865], [34.008, -14.854], [33.983, -14.837], [33.974, -14.825], [33.965, -14.82], [33.967, -14.811], [33.972, -14.805], [33.964, -14.798], [33.95, -14.793], [33.947, -14.79], [33.948, -14.784], [33.946, -14.775], [33.926, -14.771], [33.919, -14.764], [33.917, -14.757], [33.908, -14.751], [33.899, -14.735], [33.889, -14.724], [33.881, -14.723], [33.88, -14.715], [33.871, -14.707], [33.855, -14.685], [33.847, -14.681], [33.84, -14.672], [33.818, -14.648], [33.818, -14.637], [33.806, -14.632], [33.788, -14.599], [33.779, -14.596], [33.779, -14.59], [33.764, -14.554], [33.755, -14.539], [33.747, -14.532], [33.742, -14.519], [33.718, -14.493], [33.72, -14.491]]]]}}, {"type": "Feature", "properties": {"id": "Cahora-Bassa", "name": "CahoraBassa", "desert": 0, "offices": 4}, "geometry": {"type": "MultiPolygon", "coordinates": [[[[32.752, -15.996], [32.767, -15.995], [32.781, -15.999], [32.79, -15.998], [32.799, -16.006], [32.816, -16.011], [32.828, -16.018], [32.841, -16.035], [32.846, -16.05], [32.849, -16.054], [32.849, -16.06], [32.845, -16.068], [32.851, -16.073], [32.849, -16.077], [32.859, -16.087], [32.861, -16.096], [32.865, -16.099], [32.865, -16.105], [32.869, -16.124], [32.862, -16.136], [32.858, -16.146], [32.856, -16.185], [32.869, -16.229], [32.876, -16.233], [32.885, -16.233], [32.886, -16.237], [32.894, -16.253], [32.915, -16.285], [32.869, -16.328], [32.758, -16.358], [32.736, -16.472], [32.724, -16.486], [32.724, -16.497], [32.732, -16.521], [32.736, -16.552], [32.726, -16.589], [32.725, -16.598], [32.711, -16.602], [32.625, -16.559], [32.576, -16.537], [32.488, -16.499], [32.412, -16.47], [32.348, -16.452], [32.344, -16.449], [32.322, -16.445], [32.285, -16.435], [32.038, -16.442], [31.944, -16.42], [31.956, -16.399], [31.962, -16.396], [31.985, -16.391], [31.99, -16.387], [32.003, -16.368], [32.022, -16.377], [32.025, -16.374], [32.036, -16.374], [32.047, -16.37], [32.053, -16.371], [32.06, -16.365], [32.066, -16.365], [32.069, -16.359], [32.073, -16.361], [32.09, -16.358], [32.087, -16.354], [32.086, -16.345], [32.063, -16.331], [32.052, -16.308], [32.029, -16.304], [32.026, -16.301], [32.02, -16.288], [32.014, -16.288], [32.004, -16.29], [32.003, -16.288], [32.004, -16.278], [32.002, -16.274], [32.004, -16.266], [32.001, -16.262], [32.008, -16.26], [32.005, -16.247], [32.005, -16.239], [32.007, -16.23], [32.011, -16.225], [32.016, -16.211], [32.026, -16.196], [32.003, -16.19], [31.988, -16.191], [31.976, -16.186], [31.925, -16.178], [31.921, -16.174], [31.919, -16.168], [31.922, -16.16], [31.928, -16.155], [31.928, -16.109], [31.929, -16.1], [31.937, -16.095], [31.934, -16.09], [31.951, -16.093], [31.956, -16.09], [31.959, -16.082], [31.963, -16.079], [31.967, -16.08], [31.968, -16.086], [31.974, -16.089], [31.981, -16.081], [31.991, -16.08], [31.998, -16.082], [32.001, -16.075], [32.005, -16.083], [32.014, -16.073], [32.033, -16.075], [32.038, -16.073], [32.04, -16.069], [32.037, -16.059], [32.041, -16.055], [32.053, -16.048], [32.05, -16.043], [32.056, -16.042], [32.06, -16.039], [32.063, -16.041], [32.069, -16.041], [32.066, -16.037], [32.069, -16.035], [32.076, -16.035], [32.08, -16.028], [32.089, -16.031], [32.097, -16.028], [32.104, -16.027], [32.127, -16.022], [32.132, -16.017], [32.135, -16.007], [32.135, -16.0], [32.13, -15.995], [32.134, -15.986], [32.132, -15.957], [32.146, -15.956], [32.141, -15.944], [32.148, -15.928], [32.147, -15.913], [32.154, -15.91], [32.157, -15.902], [32.154, -15.895], [32.15, -15.826], [32.147, -15.815], [32.139, -15.806], [32.137, -15.795], [32.125, -15.778], [32.125, -15.77], [32.105, -15.689], [32.166, -15.674], [32.238, -15.647], [32.381, -15.582], [32.394, -15.575], [32.412, -15.569], [32.438, -15.567], [32.488, -15.571], [32.565, -15.568], [32.595, -15.566], [32.615, -15.562], [32.635, -15.555], [32.647, -15.555], [32.667, -15.577], [32.678, -15.584], [32.694, -15.585], [32.719, -15.576], [32.733, -15.568], [32.739, -15.559], [32.748, -15.554], [32.759, -15.555], [32.801, -15.565], [32.818, -15.565], [32.842, -15.569], [32.855, -15.569], [32.868, -15.563], [32.877, -15.566], [32.886, -15.572], [32.917, -15.584], [32.958, -15.586], [32.984, -15.583], [33.004, -15.594], [33.011, -15.616], [33.02, -15.626], [33.034, -15.649], [33.05, -15.67], [33.063, -15.68], [33.073, -15.68], [33.079, -15.682], [33.099, -15.712], [33.108, -15.736], [33.117, -15.75], [33.106, -15.749], [33.079, -15.759], [33.07, -15.769], [33.063, -15.774], [33.054, -15.778], [33.046, -15.78], [33.051, -15.785], [33.048, -15.794], [33.04, -15.797], [33.042, -15.804], [33.036, -15.814], [33.033, -15.823], [33.037, -15.828], [33.035, -15.831], [33.023, -15.83], [33.023, -15.835], [33.026, -15.839], [33.023, -15.841], [33.017, -15.838], [33.012, -15.839], [33.011, -15.843], [33.006, -15.845], [33.005, -15.844], [33.003, -15.845], [33.006, -15.85], [33.0, -15.852], [32.991, -15.861], [32.978, -15.861], [32.976, -15.856], [32.963, -15.854], [32.954, -15.855], [32.926, -15.869], [32.925, -15.874], [32.914, -15.878], [32.912, -15.881], [32.908, -15.883], [32.906, -15.888], [32.908, -15.894], [32.898, -15.914], [32.897, -15.924], [32.897, -15.932], [32.894, -15.941], [32.89, -15.948], [32.858, -15.954], [32.853, -15.963], [32.828, -15.968], [32.822, -15.966], [32.803, -15.975], [32.767, -15.985], [32.75, -15.991], [32.748, -15.993], [32.752, -15.996]]]]}}, {"type": "Feature", "properties": {"id": "Changara", "name": "Changara", "desert": 0, "offices": 1}, "geometry": {"type": "MultiPolygon", "coordinates": [[[[33.076, -17.247], [33.065, -17.279], [33.05, -17.301], [33.049, -17.314], [33.051, -17.338], [33.041, -17.343], [33.033, -17.335], [33.008, -17.316], [33.001, -17.314], [32.997, -17.309], [32.996, -17.26], [32.993, -17.244], [32.99, -17.197], [32.986, -17.179], [32.938, -17.069], [32.928, -17.054], [32.922, -17.05], [32.903, -17.018], [32.85, -16.948], [32.836, -16.927], [32.836, -16.921], [32.845, -16.916], [32.862, -16.911], [32.877, -16.91], [32.885, -16.905], [32.904, -16.9], [32.912, -16.894], [32.939, -16.837], [32.942, -16.825], [32.952, -16.805], [32.954, -16.803], [32.957, -16.793], [32.967, -16.773], [32.972, -16.755], [32.978, -16.707], [32.971, -16.705], [32.928, -16.704], [32.923, -16.701], [32.92, -16.702], [32.912, -16.709], [32.907, -16.711], [32.901, -16.716], [32.893, -16.72], [32.886, -16.719], [32.869, -16.709], [32.853, -16.708], [32.843, -16.699], [32.833, -16.701], [32.825, -16.709], [32.809, -16.705], [32.804, -16.708], [32.781, -16.707], [32.77, -16.709], [32.709, -16.686], [32.702, -16.677], [32.707, -16.651], [32.71, -16.642], [32.712, -16.605], [32.711, -16.602], [32.725, -16.598], [32.726, -16.589], [32.736, -16.552], [32.732, -16.521], [32.724, -16.497], [32.724, -16.486], [32.736, -16.472], [32.758, -16.358], [32.869, -16.328], [32.915, -16.285], [32.894, -16.253], [32.886, -16.237], [32.885, -16.233], [32.876, -16.233], [32.869, -16.229], [32.856, -16.185], [32.858, -16.146], [32.862, -16.136], [32.869, -16.124], [32.865, -16.105], [32.865, -16.099], [32.861, -16.096], [32.859, -16.087], [32.849, -16.077], [32.851, -16.073], [32.845, -16.068], [32.849, -16.06], [32.849, -16.054], [32.846, -16.05], [32.841, -16.035], [32.828, -16.018], [32.816, -16.011], [32.799, -16.006], [32.79, -15.998], [32.781, -15.999], [32.767, -15.995], [32.752, -15.996], [32.748, -15.993], [32.767, -15.985], [32.803, -15.975], [32.822, -15.966], [32.828, -15.968], [32.853, -15.963], [32.858, -15.954], [32.89, -15.948], [32.894, -15.941], [32.897, -15.932], [32.897, -15.924], [32.898, -15.914], [32.908, -15.894], [32.906, -15.888], [32.908, -15.883], [32.912, -15.881], [32.914, -15.878], [32.925, -15.874], [32.926, -15.869], [32.954, -15.855], [32.963, -15.854], [32.976, -15.856], [32.978, -15.861], [32.991, -15.861], [33.0, -15.852], [33.006, -15.85], [33.003, -15.845], [33.005, -15.844], [33.006, -15.845], [33.011, -15.843], [33.012, -15.839], [33.017, -15.838], [33.023, -15.841], [33.026, -15.839], [33.023, -15.835], [33.023, -15.83], [33.035, -15.831], [33.037, -15.828], [33.033, -15.823], [33.036, -15.814], [33.042, -15.804], [33.04, -15.797], [33.048, -15.794], [33.051, -15.785], [33.046, -15.78], [33.054, -15.778], [33.063, -15.774], [33.07, -15.769], [33.079, -15.759], [33.106, -15.749], [33.117, -15.75], [33.129, -15.757], [33.139, -15.767], [33.155, -15.785], [33.164, -15.791], [33.187, -15.798], [33.226, -15.804], [33.234, -15.812], [33.259, -15.85], [33.285, -15.873], [33.292, -15.887], [33.317, -15.905], [33.341, -15.918], [33.368, -15.944], [33.375, -15.954], [33.382, -15.968], [33.406, -15.985], [33.43, -15.992], [33.447, -16.006], [33.458, -16.019], [33.458, -16.057], [33.466, -16.068], [33.497, -16.096], [33.623, -16.052], [33.63, -16.062], [33.638, -16.067], [33.645, -16.085], [33.65, -16.09], [33.651, -16.113], [33.644, -16.124], [33.643, -16.139], [33.645, -16.144], [33.635, -16.166], [33.622, -16.178], [33.62, -16.186], [33.63, -16.211], [33.646, -16.23], [33.656, -16.239], [33.664, -16.243], [33.673, -16.257], [33.693, -16.276], [33.709, -16.289], [33.715, -16.291], [33.722, -16.306], [33.725, -16.321], [33.747, -16.344], [33.755, -16.36], [33.761, -16.369], [33.771, -16.379], [33.785, -16.385], [33.756, -16.396], [33.725, -16.412], [33.717, -16.427], [33.709, -16.431], [33.685, -16.42], [33.617, -16.429], [33.605, -16.429], [33.594, -16.425], [33.569, -16.426], [33.542, -16.432], [33.529, -16.439], [33.52, -16.447], [33.501, -16.47], [33.472, -16.485], [33.461, -16.505], [33.451, -16.516], [33.437, -16.527], [33.435, -16.538], [33.439, -16.549], [33.443, -16.58], [33.44, -16.59], [33.42, -16.612], [33.396, -16.634], [33.393, -16.64], [33.393, -16.655], [33.389, -16.662], [33.381, -16.667], [33.375, -16.681], [33.368, -16.69], [33.36, -16.694], [33.336, -16.7], [33.327, -16.712], [33.314, -16.739], [33.297, -16.761], [33.292, -16.787], [33.284, -16.807], [33.284, -16.831], [33.279, -16.857], [33.254, -16.881], [33.248, -16.888], [33.24, -16.902], [33.226, -16.934], [33.224, -16.947], [33.217, -16.956], [33.215, -16.966], [33.217, -16.976], [33.213, -16.984], [33.2, -16.996], [33.151, -17.031], [33.143, -17.039], [33.14, -17.071], [33.131, -17.075], [33.127, -17.083], [33.125, -17.092], [33.113, -17.101], [33.106, -17.104], [33.105, -17.11], [33.112, -17.124], [33.116, -17.129], [33.123, -17.132], [33.123, -17.137], [33.111, -17.15], [33.107, -17.156], [33.106, -17.163], [33.103, -17.168], [33.095, -17.175], [33.093, -17.18], [33.09, -17.195], [33.091, -17.22], [33.089, -17.233], [33.087, -17.237], [33.076, -17.247]]]]}}, {"type": "Feature", "properties": {"id": "Chifunde", "name": "Chifunde", "desert": 1, "offices": 0}, "geometry": {"type": "MultiPolygon", "coordinates": [[[[33.022, -14.675], [33.032, -14.678], [33.041, -14.683], [33.066, -14.679], [33.099, -14.67], [33.115, -14.672], [33.127, -14.672], [33.134, -14.667], [33.152, -14.661], [33.161, -14.661], [33.171, -14.656], [33.181, -14.655], [33.188, -14.65], [33.189, -14.642], [33.19, -14.614], [33.208, -14.625], [33.224, -14.627], [33.247, -14.625], [33.247, -14.629], [33.237, -14.646], [33.226, -14.661], [33.211, -14.676], [33.201, -14.691], [33.196, -14.729], [33.19, -14.74], [33.18, -14.737], [33.178, -14.743], [33.183, -14.758], [33.178, -14.79], [33.174, -14.798], [33.17, -14.803], [33.163, -14.806], [33.162, -14.812], [33.146, -14.826], [33.135, -14.834], [33.189, -14.974], [33.19, -15.007], [33.191, -15.018], [33.207, -15.043], [33.209, -15.05], [33.208, -15.057], [33.202, -15.059], [33.2, -15.062], [33.201, -15.065], [33.2, -15.069], [33.192, -15.07], [33.186, -15.077], [33.173, -15.086], [33.135, -15.106], [33.126, -15.105], [33.118, -15.107], [33.117, -15.11], [33.118, -15.115], [33.116, -15.117], [33.11, -15.117], [33.106, -15.122], [33.105, -15.128], [33.101, -15.132], [33.071, -15.14], [33.063, -15.144], [33.053, -15.155], [33.061, -15.164], [33.055, -15.17], [33.051, -15.179], [33.04, -15.188], [33.038, -15.192], [33.04, -15.202], [33.037, -15.204], [33.005, -15.203], [33.002, -15.207], [32.996, -15.221], [32.996, -15.228], [32.999, -15.232], [32.993, -15.255], [32.988, -15.256], [32.983, -15.264], [32.981, -15.275], [32.98, -15.283], [32.984, -15.293], [32.99, -15.299], [32.991, -15.305], [32.979, -15.315], [32.976, -15.327], [32.975, -15.34], [32.969, -15.363], [32.962, -15.372], [32.946, -15.386], [32.943, -15.392], [32.92, -15.411], [32.918, -15.415], [32.92, -15.427], [32.912, -15.418], [32.898, -15.397], [32.873, -15.369], [32.859, -15.342], [32.829, -15.329], [32.818, -15.322], [32.807, -15.308], [32.788, -15.239], [32.755, -15.188], [32.747, -15.18], [32.736, -15.177], [32.729, -15.172], [32.714, -15.155], [32.693, -15.121], [32.675, -15.086], [32.666, -15.065], [32.646, -15.038], [32.64, -15.02], [32.642, -15.0], [32.63, -14.966], [32.61, -14.934], [32.617, -14.91], [32.613, -14.901], [32.614, -14.891], [32.607, -14.88], [32.596, -14.87], [32.589, -14.85], [32.574, -14.842], [32.566, -14.829], [32.56, -14.787], [32.563, -14.779], [32.561, -14.774], [32.538, -14.774], [32.531, -14.763], [32.521, -14.754], [32.49, -14.75], [32.481, -14.732], [32.459, -14.704], [32.454, -14.692], [32.454, -14.683], [32.443, -14.661], [32.418, -14.633], [32.408, -14.619], [32.401, -14.603], [32.39, -14.595], [32.319, -14.603], [32.309, -14.6], [32.266, -14.543], [32.264, -14.531], [32.26, -14.529], [32.254, -14.53], [32.246, -14.511], [32.244, -14.473], [32.236, -14.448], [32.216, -14.436], [32.21, -14.429], [32.202, -14.416], [32.186, -14.388], [32.188, -14.38], [32.185, -14.366], [32.166, -14.349], [32.183, -14.342], [32.205, -14.336], [32.242, -14.323], [32.315, -14.308], [32.321, -14.305], [32.334, -14.305], [32.358, -14.3], [32.396, -14.294], [32.451, -14.283], [32.527, -14.248], [32.536, -14.246], [32.611, -14.214], [32.655, -14.2], [32.678, -14.19], [32.69, -14.187], [32.794, -14.149], [32.843, -14.133], [32.914, -14.107], [32.922, -14.106], [32.934, -14.101], [32.948, -14.098], [33.07, -14.053], [33.084, -14.046], [33.13, -14.031], [33.163, -14.024], [33.2, -14.008], [33.23, -14.0], [33.24, -13.998], [33.248, -14.005], [33.254, -14.008], [33.257, -14.019], [33.26, -14.023], [33.268, -14.025], [33.281, -14.023], [33.289, -14.03], [33.296, -14.032], [33.298, -14.034], [33.304, -14.048], [33.303, -14.055], [33.305, -14.061], [33.317, -14.077], [33.32, -14.083], [33.317, -14.09], [33.305, -14.105], [33.305, -14.109], [33.31, -14.118], [33.31, -14.121], [33.301, -14.126], [33.301, -14.131], [33.297, -14.141], [33.298, -14.146], [33.301, -14.149], [33.243, -14.173], [33.245, -14.243], [33.239, -14.303], [33.214, -14.334], [33.211, -14.344], [33.218, -14.373], [33.215, -14.382], [33.205, -14.394], [33.203, -14.403], [33.203, -14.411], [33.189, -14.421], [33.184, -14.435], [33.192, -14.445], [33.195, -14.463], [33.187, -14.464], [33.177, -14.469], [33.174, -14.477], [33.176, -14.485], [33.167, -14.493], [33.161, -14.515], [33.153, -14.534], [33.134, -14.539], [33.129, -14.535], [33.122, -14.533], [33.114, -14.534], [33.106, -14.539], [33.099, -14.548], [33.099, -14.555], [33.084, -14.558], [33.059, -14.556], [33.056, -14.561], [33.055, -14.57], [33.04, -14.582], [33.041, -14.592], [33.038, -14.607], [33.036, -14.64], [33.039, -14.648], [33.039, -14.653], [33.021, -14.669], [33.021, -14.673], [33.022, -14.675]]]]}}, {"type": "Feature", "properties": {"id": "Chiuta", "name": "Chiuta", "desert": 0, "offices": 1}, "geometry": {"type": "MultiPolygon", "coordinates": [[[[33.112, -15.743], [33.099, -15.712], [33.079, -15.682], [33.073, -15.68], [33.063, -15.68], [33.05, -15.67], [33.034, -15.649], [33.02, -15.626], [33.011, -15.616], [33.004, -15.594], [32.984, -15.583], [32.982, -15.578], [32.975, -15.543], [32.959, -15.493], [32.953, -15.481], [32.92, -15.427], [32.918, -15.415], [32.92, -15.411], [32.943, -15.392], [32.946, -15.386], [32.962, -15.372], [32.969, -15.363], [32.975, -15.34], [32.976, -15.327], [32.979, -15.315], [32.991, -15.305], [32.99, -15.299], [32.984, -15.293], [32.98, -15.283], [32.981, -15.275], [32.983, -15.264], [32.988, -15.256], [32.993, -15.255], [32.999, -15.232], [32.996, -15.228], [32.996, -15.221], [33.002, -15.207], [33.005, -15.203], [33.037, -15.204], [33.04, -15.202], [33.038, -15.192], [33.04, -15.188], [33.051, -15.179], [33.055, -15.17], [33.061, -15.164], [33.053, -15.155], [33.063, -15.144], [33.071, -15.14], [33.101, -15.132], [33.105, -15.128], [33.106, -15.122], [33.11, -15.117], [33.116, -15.117], [33.118, -15.115], [33.117, -15.11], [33.118, -15.107], [33.126, -15.105], [33.135, -15.106], [33.145, -15.099], [33.167, -15.09], [33.18, -15.081], [33.195, -15.089], [33.202, -15.098], [33.207, -15.1], [33.216, -15.101], [33.224, -15.095], [33.236, -15.102], [33.247, -15.1], [33.262, -15.104], [33.27, -15.102], [33.3, -15.103], [33.312, -15.108], [33.319, -15.11], [33.327, -15.108], [33.349, -15.113], [33.355, -15.119], [33.402, -15.154], [33.406, -15.156], [33.433, -15.15], [33.448, -15.182], [33.465, -15.204], [33.477, -15.206], [33.481, -15.21], [33.497, -15.217], [33.511, -15.229], [33.537, -15.234], [33.591, -15.238], [33.647, -15.254], [33.666, -15.284], [33.772, -15.258], [33.777, -15.219], [33.782, -15.201], [33.784, -15.183], [33.783, -15.176], [33.763, -15.172], [33.762, -15.142], [33.764, -15.121], [33.77, -15.118], [33.785, -15.094], [33.797, -15.087], [33.84, -15.122], [33.849, -15.123], [33.859, -15.128], [33.867, -15.135], [33.88, -15.14], [33.892, -15.14], [33.913, -15.146], [33.928, -15.147], [33.97, -15.157], [33.983, -15.2], [33.983, -15.21], [33.993, -15.207], [33.997, -15.209], [33.998, -15.218], [34.008, -15.225], [34.008, -15.228], [34.011, -15.234], [34.019, -15.238], [34.028, -15.256], [34.032, -15.276], [34.04, -15.287], [34.035, -15.303], [34.033, -15.318], [34.034, -15.329], [34.031, -15.336], [34.019, -15.354], [34.003, -15.398], [34.0, -15.402], [33.973, -15.415], [33.965, -15.421], [33.963, -15.436], [33.956, -15.443], [33.945, -15.445], [33.934, -15.473], [33.928, -15.481], [33.916, -15.488], [33.912, -15.511], [33.909, -15.519], [33.901, -15.525], [33.897, -15.541], [33.89, -15.548], [33.885, -15.546], [33.882, -15.549], [33.88, -15.558], [33.874, -15.568], [33.871, -15.577], [33.866, -15.586], [33.855, -15.597], [33.839, -15.609], [33.821, -15.629], [33.814, -15.634], [33.802, -15.639], [33.796, -15.645], [33.795, -15.652], [33.799, -15.66], [33.805, -15.669], [33.819, -15.681], [33.823, -15.69], [33.82, -15.699], [33.814, -15.703], [33.807, -15.701], [33.805, -15.693], [33.801, -15.688], [33.794, -15.69], [33.77, -15.701], [33.769, -15.716], [33.762, -15.725], [33.758, -15.737], [33.758, -15.747], [33.755, -15.751], [33.735, -15.743], [33.725, -15.743], [33.723, -15.731], [33.688, -15.713], [33.679, -15.712], [33.674, -15.71], [33.668, -15.71], [33.66, -15.704], [33.654, -15.703], [33.652, -15.699], [33.645, -15.695], [33.611, -15.692], [33.602, -15.69], [33.577, -15.68], [33.57, -15.678], [33.557, -15.682], [33.539, -15.704], [33.524, -15.694], [33.514, -15.693], [33.506, -15.689], [33.498, -15.691], [33.493, -15.695], [33.487, -15.693], [33.48, -15.696], [33.475, -15.705], [33.473, -15.716], [33.468, -15.721], [33.465, -15.732], [33.465, -15.749], [33.458, -15.761], [33.464, -15.77], [33.482, -15.78], [33.483, -15.784], [33.474, -15.803], [33.468, -15.811], [33.458, -15.809], [33.449, -15.82], [33.44, -15.836], [33.43, -15.843], [33.423, -15.851], [33.395, -15.908], [33.374, -15.912], [33.368, -15.944], [33.341, -15.918], [33.317, -15.905], [33.292, -15.887], [33.285, -15.873], [33.259, -15.85], [33.234, -15.812], [33.226, -15.804], [33.187, -15.798], [33.164, -15.791], [33.155, -15.785], [33.139, -15.767], [33.117, -15.75], [33.112, -15.743]]]]}}, {"type": "Feature", "properties": {"id": "Macanga", "name": "Macanga", "desert": 0, "offices": 1}, "geometry": {"type": "MultiPolygon", "coordinates": [[[[33.186, -15.077], [33.192, -15.07], [33.2, -15.069], [33.201, -15.065], [33.2, -15.062], [33.202, -15.059], [33.208, -15.057], [33.209, -15.05], [33.207, -15.043], [33.191, -15.018], [33.19, -15.007], [33.189, -14.974], [33.135, -14.834], [33.146, -14.826], [33.162, -14.812], [33.163, -14.806], [33.17, -14.803], [33.174, -14.798], [33.178, -14.79], [33.183, -14.758], [33.178, -14.743], [33.18, -14.737], [33.19, -14.74], [33.196, -14.729], [33.201, -14.691], [33.211, -14.676], [33.226, -14.661], [33.237, -14.646], [33.247, -14.629], [33.247, -14.625], [33.224, -14.627], [33.208, -14.625], [33.19, -14.614], [33.189, -14.642], [33.188, -14.65], [33.181, -14.655], [33.171, -14.656], [33.161, -14.661], [33.152, -14.661], [33.134, -14.667], [33.127, -14.672], [33.115, -14.672], [33.099, -14.67], [33.066, -14.679], [33.041, -14.683], [33.032, -14.678], [33.022, -14.675], [33.021, -14.673], [33.021, -14.669], [33.025, -14.665], [33.039, -14.653], [33.039, -14.648], [33.036, -14.64], [33.038, -14.607], [33.041, -14.592], [33.04, -14.582], [33.055, -14.57], [33.056, -14.561], [33.059, -14.556], [33.084, -14.558], [33.099, -14.555], [33.099, -14.548], [33.106, -14.539], [33.114, -14.534], [33.122, -14.533], [33.129, -14.535], [33.134, -14.539], [33.153, -14.534], [33.161, -14.515], [33.167, -14.493], [33.176, -14.485], [33.174, -14.477], [33.177, -14.469], [33.187, -14.464], [33.195, -14.463], [33.192, -14.445], [33.184, -14.435], [33.189, -14.421], [33.203, -14.411], [33.203, -14.403], [33.205, -14.394], [33.215, -14.382], [33.218, -14.373], [33.211, -14.344], [33.214, -14.334], [33.239, -14.303], [33.245, -14.243], [33.243, -14.173], [33.301, -14.149], [33.308, -14.152], [33.31, -14.162], [33.315, -14.163], [33.329, -14.182], [33.337, -14.199], [33.338, -14.206], [33.342, -14.212], [33.352, -14.217], [33.357, -14.218], [33.36, -14.217], [33.361, -14.214], [33.365, -14.212], [33.375, -14.211], [33.379, -14.216], [33.379, -14.225], [33.382, -14.234], [33.397, -14.25], [33.406, -14.27], [33.414, -14.28], [33.419, -14.29], [33.419, -14.297], [33.424, -14.308], [33.438, -14.328], [33.447, -14.345], [33.448, -14.361], [33.464, -14.378], [33.474, -14.398], [33.481, -14.403], [33.515, -14.419], [33.525, -14.42], [33.537, -14.427], [33.545, -14.436], [33.554, -14.452], [33.557, -14.454], [33.565, -14.471], [33.573, -14.478], [33.586, -14.479], [33.596, -14.485], [33.619, -14.508], [33.63, -14.532], [33.63, -14.544], [33.627, -14.555], [33.631, -14.563], [33.638, -14.57], [33.645, -14.583], [33.681, -14.605], [33.691, -14.592], [33.705, -14.581], [33.707, -14.576], [33.713, -14.572], [33.703, -14.548], [33.701, -14.534], [33.706, -14.522], [33.71, -14.499], [33.718, -14.493], [33.742, -14.519], [33.747, -14.532], [33.755, -14.539], [33.764, -14.554], [33.779, -14.59], [33.779, -14.596], [33.788, -14.599], [33.806, -14.632], [33.818, -14.637], [33.818, -14.648], [33.84, -14.672], [33.847, -14.681], [33.855, -14.685], [33.871, -14.707], [33.88, -14.715], [33.881, -14.723], [33.889, -14.724], [33.899, -14.735], [33.908, -14.751], [33.917, -14.757], [33.919, -14.764], [33.926, -14.771], [33.946, -14.775], [33.948, -14.784], [33.947, -14.79], [33.95, -14.793], [33.964, -14.798], [33.972, -14.805], [33.967, -14.811], [33.965, -14.82], [33.974, -14.825], [33.983, -14.837], [34.008, -14.854], [34.016, -14.865], [34.021, -14.891], [34.023, -14.912], [34.021, -14.927], [34.022, -14.937], [34.027, -14.946], [34.031, -14.947], [34.033, -14.954], [34.032, -14.973], [34.037, -14.982], [34.042, -14.985], [34.051, -15.018], [34.056, -15.04], [34.067, -15.065], [34.078, -15.078], [34.078, -15.084], [34.074, -15.091], [34.074, -15.104], [34.068, -15.135], [34.059, -15.155], [34.046, -15.164], [34.042, -15.168], [34.039, -15.186], [34.023, -15.197], [34.014, -15.219], [34.008, -15.225], [33.998, -15.218], [33.997, -15.209], [33.993, -15.207], [33.983, -15.21], [33.983, -15.2], [33.97, -15.157], [33.928, -15.147], [33.913, -15.146], [33.892, -15.14], [33.88, -15.14], [33.867, -15.135], [33.859, -15.128], [33.849, -15.123], [33.84, -15.122], [33.797, -15.087], [33.785, -15.094], [33.77, -15.118], [33.764, -15.121], [33.762, -15.142], [33.763, -15.172], [33.783, -15.176], [33.784, -15.183], [33.782, -15.201], [33.777, -15.219], [33.772, -15.258], [33.666, -15.284], [33.647, -15.254], [33.591, -15.238], [33.537, -15.234], [33.511, -15.229], [33.497, -15.217], [33.481, -15.21], [33.477, -15.206], [33.465, -15.204], [33.448, -15.182], [33.433, -15.15], [33.406, -15.156], [33.402, -15.154], [33.355, -15.119], [33.349, -15.113], [33.327, -15.108], [33.319, -15.11], [33.312, -15.108], [33.3, -15.103], [33.27, -15.102], [33.262, -15.104], [33.247, -15.1], [33.236, -15.102], [33.224, -15.095], [33.216, -15.101], [33.207, -15.1], [33.202, -15.098], [33.195, -15.089], [33.18, -15.081], [33.186, -15.077]]]]}}, {"type": "Feature", "properties": {"id": "M\u00e1goe", "name": "Magoe", "desert": 1, "offices": 0}, "geometry": {"type": "MultiPolygon", "coordinates": [[[[32.037, -16.059], [32.04, -16.069], [32.038, -16.073], [32.033, -16.075], [32.014, -16.073], [32.005, -16.083], [32.001, -16.075], [31.998, -16.082], [31.991, -16.08], [31.981, -16.081], [31.974, -16.089], [31.968, -16.086], [31.967, -16.08], [31.963, -16.079], [31.959, -16.082], [31.956, -16.09], [31.951, -16.093], [31.934, -16.09], [31.937, -16.095], [31.929, -16.1], [31.928, -16.109], [31.928, -16.155], [31.922, -16.16], [31.919, -16.168], [31.921, -16.174], [31.925, -16.178], [31.976, -16.186], [31.988, -16.191], [32.003, -16.19], [32.026, -16.196], [32.016, -16.211], [32.011, -16.225], [32.007, -16.23], [32.005, -16.239], [32.005, -16.247], [32.008, -16.26], [32.001, -16.262], [32.004, -16.266], [32.002, -16.274], [32.004, -16.278], [32.003, -16.288], [32.004, -16.29], [32.014, -16.288], [32.02, -16.288], [32.026, -16.301], [32.029, -16.304], [32.052, -16.308], [32.063, -16.331], [32.086, -16.345], [32.087, -16.354], [32.09, -16.358], [32.073, -16.361], [32.069, -16.359], [32.066, -16.365], [32.06, -16.365], [32.053, -16.371], [32.047, -16.37], [32.036, -16.374], [32.025, -16.374], [32.022, -16.377], [32.003, -16.368], [31.99, -16.387], [31.985, -16.391], [31.962, -16.396], [31.956, -16.399], [31.944, -16.42], [31.913, -16.413], [31.907, -16.398], [31.911, -16.373], [31.905, -16.368], [31.902, -16.348], [31.894, -16.337], [31.883, -16.333], [31.873, -16.326], [31.863, -16.324], [31.858, -16.319], [31.852, -16.318], [31.849, -16.309], [31.84, -16.308], [31.836, -16.313], [31.834, -16.311], [31.831, -16.308], [31.83, -16.299], [31.825, -16.294], [31.815, -16.295], [31.818, -16.282], [31.816, -16.277], [31.803, -16.27], [31.798, -16.258], [31.791, -16.258], [31.786, -16.256], [31.771, -16.237], [31.758, -16.237], [31.733, -16.228], [31.703, -16.207], [31.692, -16.202], [31.635, -16.197], [31.618, -16.19], [31.588, -16.191], [31.545, -16.184], [31.499, -16.171], [31.481, -16.157], [31.466, -16.159], [31.456, -16.154], [31.446, -16.153], [31.431, -16.156], [31.428, -16.151], [31.431, -16.142], [31.427, -16.135], [31.421, -16.132], [31.404, -16.137], [31.394, -16.127], [31.387, -16.116], [31.373, -16.103], [31.364, -16.091], [31.349, -16.08], [31.342, -16.069], [31.339, -16.053], [31.334, -16.049], [31.317, -16.037], [31.307, -16.027], [31.284, -16.02], [31.268, -16.01], [31.25, -16.01], [31.247, -16.009], [31.247, -16.001], [31.245, -16.0], [31.215, -16.008], [31.202, -16.005], [31.19, -16.004], [31.184, -16.0], [31.178, -15.99], [31.151, -15.989], [31.14, -15.982], [31.102, -15.995], [31.103, -16.0], [31.072, -16.016], [31.07, -16.007], [31.064, -16.0], [31.061, -16.008], [31.054, -16.013], [31.031, -16.019], [31.029, -16.028], [31.02, -16.045], [30.998, -16.057], [30.982, -16.059], [30.966, -16.049], [30.957, -16.039], [30.955, -16.028], [30.95, -16.016], [30.922, -16.0], [30.425, -16.0], [30.424, -15.929], [30.422, -15.917], [30.424, -15.903], [30.425, -15.747], [30.423, -15.731], [30.426, -15.684], [30.425, -15.628], [30.419, -15.619], [30.428, -15.619], [30.467, -15.632], [30.589, -15.638], [30.609, -15.634], [30.636, -15.623], [30.672, -15.617], [30.699, -15.615], [30.756, -15.63], [30.807, -15.638], [30.827, -15.645], [30.856, -15.65], [30.903, -15.663], [30.987, -15.69], [31.03, -15.711], [31.055, -15.719], [31.072, -15.723], [31.115, -15.725], [31.143, -15.725], [31.19, -15.717], [31.233, -15.715], [31.273, -15.7], [31.296, -15.69], [31.331, -15.665], [31.363, -15.653], [31.384, -15.65], [31.429, -15.657], [31.482, -15.659], [31.504, -15.656], [31.529, -15.655], [31.554, -15.659], [31.584, -15.668], [31.628, -15.687], [31.66, -15.694], [31.692, -15.697], [31.737, -15.692], [31.813, -15.678], [31.855, -15.677], [31.945, -15.681], [32.0, -15.686], [32.047, -15.692], [32.105, -15.689], [32.125, -15.77], [32.125, -15.778], [32.137, -15.795], [32.139, -15.806], [32.147, -15.815], [32.15, -15.826], [32.154, -15.895], [32.157, -15.902], [32.154, -15.91], [32.147, -15.913], [32.148, -15.928], [32.141, -15.944], [32.146, -15.956], [32.132, -15.957], [32.134, -15.986], [32.13, -15.995], [32.135, -16.0], [32.135, -16.007], [32.132, -16.017], [32.127, -16.022], [32.104, -16.027], [32.097, -16.028], [32.089, -16.031], [32.08, -16.028], [32.076, -16.035], [32.069, -16.035], [32.066, -16.037], [32.069, -16.041], [32.063, -16.041], [32.06, -16.039], [32.056, -16.042], [32.05, -16.043], [32.053, -16.048], [32.041, -16.055], [32.037, -16.059]]]]}}, {"type": "Feature", "properties": {"id": "Maravia", "name": "Maravia", "desert": 1, "offices": 0}, "geometry": {"type": "MultiPolygon", "coordinates": [[[[32.581, -15.567], [32.488, -15.571], [32.438, -15.567], [32.412, -15.569], [32.394, -15.575], [32.381, -15.582], [32.238, -15.647], [32.166, -15.674], [32.105, -15.689], [32.047, -15.692], [32.0, -15.686], [31.945, -15.681], [31.855, -15.677], [31.813, -15.678], [31.737, -15.692], [31.692, -15.697], [31.66, -15.694], [31.628, -15.687], [31.607, -15.679], [31.602, -15.668], [31.611, -15.652], [31.623, -15.639], [31.627, -15.628], [31.614, -15.597], [31.606, -15.572], [31.604, -15.561], [31.598, -15.547], [31.595, -15.532], [31.589, -15.518], [31.573, -15.503], [31.556, -15.508], [31.545, -15.498], [31.538, -15.488], [31.514, -15.442], [31.506, -15.43], [31.492, -15.421], [31.47, -15.399], [31.455, -15.371], [31.446, -15.348], [31.449, -15.343], [31.455, -15.292], [31.447, -15.281], [31.45, -15.277], [31.453, -15.27], [31.438, -15.251], [31.438, -15.246], [31.43, -15.243], [31.425, -15.235], [31.428, -15.232], [31.437, -15.228], [31.451, -15.204], [31.439, -15.188], [31.449, -15.171], [31.446, -15.152], [31.465, -15.133], [31.469, -15.126], [31.46, -15.11], [31.459, -15.104], [31.453, -15.095], [31.456, -15.087], [31.46, -15.079], [31.446, -15.053], [31.443, -15.045], [31.441, -15.035], [31.427, -15.016], [31.421, -14.999], [31.418, -14.995], [31.4, -14.98], [31.392, -14.972], [31.389, -14.965], [31.392, -14.954], [31.392, -14.947], [31.381, -14.925], [31.382, -14.903], [31.379, -14.891], [31.381, -14.885], [31.382, -14.878], [31.363, -14.862], [31.369, -14.842], [31.372, -14.826], [31.382, -14.811], [31.385, -14.801], [31.384, -14.793], [31.378, -14.789], [31.363, -14.784], [31.356, -14.78], [31.348, -14.766], [31.345, -14.757], [31.35, -14.75], [31.359, -14.744], [31.359, -14.729], [31.363, -14.725], [31.365, -14.72], [31.363, -14.707], [31.374, -14.697], [31.376, -14.689], [31.376, -14.673], [31.374, -14.664], [31.376, -14.655], [31.367, -14.641], [31.325, -14.65], [31.267, -14.659], [31.19, -14.68], [31.239, -14.665], [31.263, -14.656], [31.285, -14.651], [31.327, -14.639], [31.344, -14.638], [31.376, -14.629], [31.426, -14.619], [31.458, -14.614], [31.498, -14.604], [31.506, -14.601], [31.528, -14.587], [31.542, -14.58], [31.588, -14.551], [31.637, -14.522], [31.655, -14.509], [31.666, -14.503], [31.695, -14.495], [31.716, -14.493], [31.777, -14.477], [31.805, -14.477], [31.816, -14.474], [31.832, -14.467], [31.861, -14.449], [31.883, -14.439], [31.956, -14.401], [31.97, -14.4], [31.983, -14.396], [31.995, -14.397], [32.035, -14.386], [32.103, -14.361], [32.127, -14.351], [32.238, -14.315], [32.286, -14.304], [32.377, -14.288], [32.394, -14.283], [32.424, -14.279], [32.47, -14.268], [32.513, -14.251], [32.644, -14.194], [32.692, -14.176], [32.906, -14.102], [33.001, -14.077], [33.093, -14.041], [33.097, -14.041], [33.07, -14.053], [32.948, -14.098], [32.934, -14.101], [32.922, -14.106], [32.914, -14.107], [32.843, -14.133], [32.794, -14.149], [32.611, -14.214], [32.536, -14.246], [32.527, -14.248], [32.451, -14.283], [32.396, -14.294], [32.358, -14.3], [32.334, -14.305], [32.321, -14.305], [32.315, -14.308], [32.242, -14.323], [32.205, -14.336], [32.183, -14.342], [32.166, -14.349], [32.185, -14.366], [32.188, -14.38], [32.186, -14.388], [32.202, -14.416], [32.21, -14.429], [32.216, -14.436], [32.236, -14.448], [32.244, -14.473], [32.246, -14.511], [32.254, -14.53], [32.26, -14.529], [32.264, -14.531], [32.266, -14.543], [32.309, -14.6], [32.319, -14.603], [32.39, -14.595], [32.401, -14.603], [32.408, -14.619], [32.418, -14.633], [32.443, -14.661], [32.454, -14.683], [32.454, -14.692], [32.459, -14.704], [32.481, -14.732], [32.49, -14.75], [32.521, -14.754], [32.531, -14.763], [32.538, -14.774], [32.561, -14.774], [32.563, -14.779], [32.56, -14.787], [32.566, -14.829], [32.574, -14.842], [32.589, -14.85], [32.596, -14.87], [32.607, -14.88], [32.614, -14.891], [32.613, -14.901], [32.617, -14.91], [32.61, -14.934], [32.63, -14.966], [32.642, -15.0], [32.64, -15.02], [32.646, -15.038], [32.666, -15.065], [32.675, -15.086], [32.693, -15.121], [32.714, -15.155], [32.729, -15.172], [32.736, -15.177], [32.747, -15.18], [32.755, -15.188], [32.788, -15.239], [32.807, -15.308], [32.818, -15.322], [32.829, -15.329], [32.859, -15.342], [32.873, -15.369], [32.898, -15.397], [32.912, -15.418], [32.92, -15.427], [32.953, -15.481], [32.965, -15.509], [32.984, -15.583], [32.958, -15.586], [32.917, -15.584], [32.886, -15.572], [32.877, -15.566], [32.868, -15.563], [32.855, -15.569], [32.842, -15.569], [32.818, -15.565], [32.801, -15.565], [32.759, -15.555], [32.748, -15.554], [32.739, -15.559], [32.733, -15.568], [32.719, -15.576], [32.694, -15.585], [32.678, -15.584], [32.667, -15.577], [32.647, -15.555], [32.635, -15.555], [32.615, -15.562], [32.581, -15.567]]]]}}, {"type": "Feature", "properties": {"id": "Moatize", "name": "Moatize", "desert": 0, "offices": 4}, "geometry": {"type": "MultiPolygon", "coordinates": [[[[33.946, -16.562], [33.921, -16.545], [33.903, -16.528], [33.887, -16.499], [33.867, -16.478], [33.849, -16.461], [33.832, -16.431], [33.812, -16.407], [33.805, -16.396], [33.792, -16.387], [33.778, -16.383], [33.771, -16.379], [33.761, -16.369], [33.755, -16.36], [33.747, -16.344], [33.725, -16.321], [33.722, -16.306], [33.715, -16.291], [33.709, -16.289], [33.693, -16.276], [33.673, -16.257], [33.664, -16.243], [33.656, -16.239], [33.646, -16.23], [33.63, -16.211], [33.62, -16.186], [33.622, -16.178], [33.635, -16.166], [33.645, -16.144], [33.643, -16.139], [33.644, -16.124], [33.651, -16.113], [33.65, -16.09], [33.645, -16.085], [33.638, -16.067], [33.63, -16.062], [33.623, -16.052], [33.497, -16.096], [33.466, -16.068], [33.458, -16.057], [33.458, -16.019], [33.447, -16.006], [33.43, -15.992], [33.406, -15.985], [33.382, -15.968], [33.375, -15.954], [33.368, -15.944], [33.374, -15.912], [33.395, -15.908], [33.423, -15.851], [33.43, -15.843], [33.44, -15.836], [33.449, -15.82], [33.458, -15.809], [33.468, -15.811], [33.474, -15.803], [33.483, -15.784], [33.482, -15.78], [33.464, -15.77], [33.458, -15.761], [33.465, -15.749], [33.465, -15.732], [33.468, -15.721], [33.473, -15.716], [33.476, -15.702], [33.48, -15.696], [33.487, -15.693], [33.493, -15.695], [33.498, -15.691], [33.506, -15.689], [33.514, -15.693], [33.524, -15.694], [33.539, -15.704], [33.557, -15.682], [33.57, -15.678], [33.577, -15.68], [33.602, -15.69], [33.611, -15.692], [33.645, -15.695], [33.652, -15.699], [33.654, -15.703], [33.66, -15.704], [33.668, -15.71], [33.674, -15.71], [33.679, -15.712], [33.688, -15.713], [33.723, -15.731], [33.725, -15.743], [33.735, -15.743], [33.755, -15.751], [33.758, -15.747], [33.758, -15.737], [33.762, -15.725], [33.769, -15.716], [33.77, -15.701], [33.794, -15.69], [33.801, -15.688], [33.805, -15.693], [33.807, -15.701], [33.814, -15.703], [33.82, -15.699], [33.823, -15.69], [33.819, -15.681], [33.805, -15.669], [33.799, -15.66], [33.795, -15.652], [33.796, -15.645], [33.802, -15.639], [33.814, -15.634], [33.821, -15.629], [33.839, -15.609], [33.855, -15.597], [33.866, -15.586], [33.871, -15.577], [33.874, -15.568], [33.88, -15.558], [33.882, -15.549], [33.885, -15.546], [33.89, -15.548], [33.897, -15.541], [33.901, -15.525], [33.909, -15.519], [33.912, -15.511], [33.916, -15.488], [33.928, -15.481], [33.934, -15.473], [33.945, -15.445], [33.956, -15.443], [33.963, -15.436], [33.965, -15.421], [33.973, -15.415], [34.0, -15.402], [34.004, -15.414], [34.007, -15.415], [34.012, -15.422], [34.029, -15.43], [34.04, -15.43], [34.048, -15.427], [34.054, -15.423], [34.058, -15.417], [34.068, -15.41], [34.075, -15.409], [34.085, -15.425], [34.102, -15.436], [34.153, -15.444], [34.157, -15.449], [34.159, -15.453], [34.158, -15.463], [34.154, -15.481], [34.158, -15.487], [34.168, -15.475], [34.173, -15.472], [34.177, -15.467], [34.187, -15.461], [34.188, -15.457], [34.182, -15.449], [34.195, -15.449], [34.206, -15.453], [34.213, -15.449], [34.209, -15.441], [34.218, -15.432], [34.215, -15.426], [34.22, -15.422], [34.219, -15.418], [34.425, -15.429], [34.438, -15.446], [34.442, -15.455], [34.439, -15.457], [34.435, -15.465], [34.431, -15.465], [34.426, -15.475], [34.426, -15.489], [34.428, -15.501], [34.436, -15.52], [34.435, -15.523], [34.441, -15.539], [34.44, -15.543], [34.443, -15.548], [34.44, -15.571], [34.454, -15.594], [34.454, -15.606], [34.439, -15.611], [34.434, -15.617], [34.431, -15.624], [34.433, -15.629], [34.431, -15.633], [34.431, -15.648], [34.437, -15.656], [34.434, -15.661], [34.427, -15.661], [34.426, -15.663], [34.423, -15.664], [34.418, -15.669], [34.409, -15.669], [34.404, -15.675], [34.404, -15.683], [34.395, -15.682], [34.392, -15.684], [34.388, -15.691], [34.39, -15.699], [34.387, -15.707], [34.378, -15.715], [34.374, -15.729], [34.369, -15.732], [34.365, -15.739], [34.357, -15.737], [34.349, -15.742], [34.335, -15.739], [34.328, -15.743], [34.326, -15.742], [34.322, -15.747], [34.312, -15.754], [34.3, -15.758], [34.298, -15.769], [34.292, -15.775], [34.287, -15.785], [34.285, -15.786], [34.283, -15.784], [34.28, -15.788], [34.273, -15.792], [34.27, -15.801], [34.273, -15.812], [34.268, -15.816], [34.263, -15.816], [34.259, -15.821], [34.255, -15.835], [34.249, -15.841], [34.252, -15.846], [34.252, -15.848], [34.261, -15.864], [34.259, -15.867], [34.255, -15.868], [34.25, -15.876], [34.263, -15.886], [34.255, -15.889], [34.252, -15.893], [34.254, -15.908], [34.257, -15.911], [34.258, -15.916], [34.27, -15.917], [34.274, -15.922], [34.275, -15.925], [34.277, -15.923], [34.282, -15.928], [34.289, -15.929], [34.299, -15.925], [34.304, -15.926], [34.322, -15.938], [34.33, -15.955], [34.327, -15.957], [34.355, -15.961], [34.363, -15.967], [34.373, -16.0], [34.384, -16.016], [34.419, -16.033], [34.425, -16.04], [34.426, -16.045], [34.425, -16.051], [34.427, -16.055], [34.436, -16.059], [34.438, -16.062], [34.421, -16.08], [34.407, -16.105], [34.399, -16.112], [34.392, -16.128], [34.393, -16.144], [34.404, -16.162], [34.404, -16.166], [34.4, -16.172], [34.4, -16.185], [34.405, -16.192], [34.407, -16.212], [34.411, -16.218], [34.418, -16.219], [34.42, -16.231], [34.422, -16.235], [34.423, -16.248], [34.368, -16.256], [34.351, -16.275], [34.328, -16.285], [34.325, -16.29], [34.32, -16.29], [34.288, -16.354], [34.283, -16.356], [34.272, -16.35], [34.268, -16.351], [34.264, -16.356], [34.256, -16.353], [34.242, -16.357], [34.228, -16.364], [34.223, -16.368], [34.208, -16.368], [34.199, -16.371], [34.188, -16.384], [34.183, -16.395], [34.186, -16.428], [34.172, -16.498], [34.103, -16.499], [34.086, -16.514], [34.074, -16.537], [34.077, -16.547], [34.084, -16.561], [34.086, -16.581], [34.085, -16.59], [34.083, -16.596], [34.078, -16.602], [34.069, -16.605], [34.071, -16.606], [34.068, -16.605], [34.036, -16.614], [34.018, -16.615], [34.008, -16.614], [33.998, -16.606], [33.995, -16.601], [33.996, -16.578], [33.99, -16.573], [33.968, -16.575], [33.962, -16.578], [33.946, -16.562]]]]}}, {"type": "Feature", "properties": {"id": "Mutarara", "name": "Mutarara", "desert": 0, "offices": 1}, "geometry": {"type": "MultiPolygon", "coordinates": [[[[35.348, -17.749], [35.35, -17.737], [35.344, -17.726], [35.33, -17.715], [35.284, -17.701], [35.229, -17.676], [35.21, -17.666], [35.189, -17.65], [35.171, -17.629], [35.159, -17.609], [35.141, -17.566], [35.095, -17.513], [35.083, -17.497], [35.063, -17.454], [35.057, -17.435], [35.021, -17.363], [35.015, -17.355], [35.008, -17.352], [34.999, -17.352], [34.978, -17.314], [34.976, -17.282], [34.971, -17.267], [34.96, -17.259], [34.955, -17.247], [34.958, -17.239], [34.922, -17.172], [34.916, -17.155], [34.904, -17.106], [34.895, -17.087], [34.889, -17.068], [34.865, -17.03], [34.838, -17.011], [34.826, -16.997], [34.819, -16.976], [34.797, -16.944], [34.765, -16.911], [34.751, -16.9], [34.73, -16.891], [34.692, -16.884], [34.661, -16.877], [34.629, -16.86], [34.601, -16.84], [34.587, -16.828], [34.566, -16.807], [34.536, -16.784], [34.48, -16.761], [34.472, -16.748], [34.461, -16.736], [34.418, -16.72], [34.403, -16.717], [34.358, -16.716], [34.324, -16.713], [34.307, -16.708], [34.288, -16.699], [34.267, -16.694], [34.209, -16.694], [34.198, -16.692], [34.172, -16.68], [34.149, -16.655], [34.133, -16.627], [34.124, -16.621], [34.083, -16.612], [34.069, -16.605], [34.078, -16.602], [34.083, -16.596], [34.085, -16.59], [34.086, -16.581], [34.084, -16.561], [34.077, -16.547], [34.074, -16.537], [34.086, -16.514], [34.103, -16.499], [34.172, -16.498], [34.186, -16.428], [34.183, -16.395], [34.188, -16.384], [34.199, -16.371], [34.208, -16.368], [34.223, -16.368], [34.228, -16.364], [34.242, -16.357], [34.256, -16.353], [34.264, -16.356], [34.268, -16.351], [34.272, -16.35], [34.283, -16.356], [34.288, -16.354], [34.32, -16.29], [34.325, -16.29], [34.328, -16.285], [34.351, -16.275], [34.368, -16.256], [34.423, -16.248], [34.423, -16.254], [34.431, -16.262], [34.432, -16.265], [34.446, -16.271], [34.453, -16.27], [34.459, -16.273], [34.47, -16.284], [34.49, -16.294], [34.5, -16.298], [34.512, -16.286], [34.522, -16.281], [34.529, -16.282], [34.538, -16.293], [34.573, -16.321], [34.574, -16.329], [34.572, -16.338], [34.573, -16.346], [34.589, -16.361], [34.589, -16.374], [34.584, -16.39], [34.585, -16.398], [34.594, -16.411], [34.618, -16.424], [34.653, -16.451], [34.664, -16.443], [34.669, -16.444], [34.678, -16.455], [34.678, -16.466], [34.675, -16.478], [34.679, -16.491], [34.687, -16.5], [34.695, -16.5], [34.718, -16.495], [34.72, -16.495], [34.721, -16.498], [34.726, -16.495], [34.74, -16.507], [34.758, -16.511], [34.759, -16.518], [34.769, -16.529], [34.764, -16.529], [34.766, -16.537], [34.776, -16.544], [34.778, -16.55], [34.778, -16.561], [34.781, -16.569], [34.774, -16.574], [34.772, -16.58], [34.773, -16.584], [34.775, -16.585], [34.778, -16.58], [34.782, -16.583], [34.793, -16.585], [34.812, -16.595], [34.816, -16.602], [34.821, -16.602], [34.828, -16.605], [34.834, -16.598], [34.837, -16.6], [34.838, -16.603], [34.842, -16.604], [34.842, -16.608], [34.846, -16.61], [34.853, -16.618], [34.858, -16.634], [34.858, -16.655], [34.861, -16.674], [34.864, -16.676], [34.868, -16.675], [34.873, -16.678], [34.881, -16.687], [34.887, -16.687], [34.89, -16.684], [34.912, -16.692], [34.915, -16.698], [34.915, -16.713], [34.917, -16.715], [34.919, -16.724], [34.92, -16.735], [34.924, -16.744], [34.939, -16.744], [34.961, -16.738], [34.969, -16.742], [34.971, -16.748], [34.983, -16.747], [34.987, -16.76], [34.986, -16.763], [34.989, -16.765], [34.99, -16.768], [34.994, -16.769], [34.992, -16.781], [34.995, -16.79], [35.003, -16.792], [35.004, -16.796], [35.026, -16.805], [35.034, -16.818], [35.039, -16.823], [35.064, -16.828], [35.068, -16.826], [35.072, -16.819], [35.09, -16.818], [35.092, -16.821], [35.094, -16.82], [35.096, -16.821], [35.099, -16.817], [35.109, -16.814], [35.116, -16.815], [35.134, -16.823], [35.147, -16.826], [35.156, -16.832], [35.16, -16.841], [35.162, -16.858], [35.161, -16.86], [35.157, -16.86], [35.151, -16.867], [35.15, -16.875], [35.153, -16.878], [35.153, -16.887], [35.167, -16.919], [35.168, -16.931], [35.172, -16.935], [35.17, -16.938], [35.166, -16.939], [35.163, -16.942], [35.156, -16.939], [35.15, -16.941], [35.142, -16.957], [35.143, -16.96], [35.139, -16.963], [35.136, -16.968], [35.125, -16.974], [35.11, -16.975], [35.099, -16.98], [35.095, -16.985], [35.083, -16.984], [35.071, -16.992], [35.063, -16.992], [35.059, -17.0], [35.059, -17.003], [35.056, -17.004], [35.055, -17.008], [35.052, -17.008], [35.059, -17.012], [35.057, -17.016], [35.062, -17.018], [35.063, -17.021], [35.059, -17.038], [35.063, -17.051], [35.072, -17.059], [35.074, -17.06], [35.077, -17.064], [35.084, -17.062], [35.085, -17.063], [35.083, -17.066], [35.083, -17.07], [35.086, -17.075], [35.099, -17.08], [35.099, -17.084], [35.103, -17.087], [35.093, -17.091], [35.091, -17.091], [35.085, -17.099], [35.085, -17.102], [35.08, -17.105], [35.087, -17.112], [35.089, -17.113], [35.092, -17.118], [35.091, -17.123], [35.097, -17.127], [35.294, -17.126], [35.291, -17.138], [35.296, -17.141], [35.304, -17.141], [35.301, -17.165], [35.295, -17.17], [35.301, -17.188], [35.308, -17.195], [35.308, -17.201], [35.312, -17.208], [35.305, -17.219], [35.303, -17.238], [35.296, -17.241], [35.299, -17.25], [35.295, -17.268], [35.306, -17.273], [35.322, -17.299], [35.325, -17.316], [35.333, -17.331], [35.319, -17.333], [35.326, -17.422], [35.338, -17.443], [35.334, -17.451], [35.336, -17.471], [35.334, -17.48], [35.343, -17.494], [35.34, -17.517], [35.335, -17.528], [35.333, -17.544], [35.331, -17.549], [35.331, -17.566], [35.327, -17.578], [35.32, -17.587], [35.323, -17.597], [35.322, -17.626], [35.336, -17.669], [35.336, -17.677], [35.33, -17.68], [35.318, -17.68], [35.315, -17.686], [35.318, -17.691], [35.336, -17.691], [35.362, -17.724], [35.367, -17.733], [35.368, -17.746], [35.365, -17.758], [35.352, -17.757], [35.348, -17.749]]]]}}, {"type": "Feature", "properties": {"id": "Tsangano", "name": "Tsangano", "desert": 1, "offices": 0}, "geometry": {"type": "MultiPolygon", "coordinates": [[[[34.493, -15.409], [34.492, -15.409], [34.481, -15.419], [34.472, -15.424], [34.465, -15.433], [34.459, -15.449], [34.461, -15.456], [34.459, -15.458], [34.455, -15.446], [34.452, -15.444], [34.449, -15.432], [34.442, -15.422], [34.439, -15.427], [34.438, -15.435], [34.444, -15.451], [34.442, -15.455], [34.438, -15.446], [34.425, -15.429], [34.219, -15.418], [34.22, -15.422], [34.215, -15.426], [34.218, -15.432], [34.209, -15.441], [34.213, -15.449], [34.206, -15.453], [34.195, -15.449], [34.182, -15.449], [34.188, -15.457], [34.187, -15.461], [34.177, -15.467], [34.173, -15.472], [34.168, -15.475], [34.158, -15.487], [34.154, -15.481], [34.158, -15.463], [34.159, -15.453], [34.157, -15.449], [34.153, -15.444], [34.102, -15.436], [34.085, -15.425], [34.075, -15.409], [34.068, -15.41], [34.058, -15.417], [34.054, -15.423], [34.048, -15.427], [34.04, -15.43], [34.029, -15.43], [34.012, -15.422], [34.007, -15.415], [34.004, -15.414], [34.0, -15.402], [34.005, -15.393], [34.008, -15.382], [34.019, -15.354], [34.031, -15.336], [34.034, -15.329], [34.033, -15.318], [34.035, -15.303], [34.04, -15.287], [34.032, -15.276], [34.03, -15.263], [34.023, -15.243], [34.019, -15.238], [34.011, -15.234], [34.008, -15.228], [34.008, -15.225], [34.014, -15.219], [34.023, -15.197], [34.039, -15.186], [34.042, -15.168], [34.046, -15.164], [34.059, -15.155], [34.064, -15.14], [34.09, -15.146], [34.093, -15.143], [34.104, -15.113], [34.108, -15.11], [34.136, -15.105], [34.149, -15.095], [34.158, -15.094], [34.15, -15.062], [34.153, -15.041], [34.151, -15.032], [34.163, -15.023], [34.162, -15.012], [34.157, -15.005], [34.158, -15.002], [34.161, -14.997], [34.158, -14.992], [34.157, -14.982], [34.166, -14.958], [34.193, -14.945], [34.195, -14.933], [34.206, -14.925], [34.213, -14.923], [34.224, -14.916], [34.234, -14.893], [34.245, -14.883], [34.256, -14.883], [34.266, -14.876], [34.277, -14.859], [34.306, -14.826], [34.323, -14.822], [34.337, -14.813], [34.344, -14.804], [34.351, -14.786], [34.352, -14.78], [34.362, -14.778], [34.366, -14.769], [34.368, -14.758], [34.377, -14.758], [34.384, -14.753], [34.377, -14.746], [34.382, -14.742], [34.394, -14.742], [34.411, -14.735], [34.413, -14.721], [34.417, -14.71], [34.439, -14.701], [34.456, -14.691], [34.469, -14.692], [34.476, -14.688], [34.485, -14.686], [34.499, -14.687], [34.514, -14.685], [34.519, -14.686], [34.524, -14.696], [34.528, -14.699], [34.528, -14.708], [34.534, -14.714], [34.538, -14.725], [34.543, -14.731], [34.541, -14.736], [34.545, -14.75], [34.551, -14.755], [34.565, -14.77], [34.564, -14.78], [34.573, -14.79], [34.583, -14.809], [34.583, -14.813], [34.574, -14.817], [34.571, -14.822], [34.575, -14.842], [34.575, -14.872], [34.567, -14.883], [34.563, -14.896], [34.567, -14.901], [34.569, -14.9], [34.572, -14.904], [34.577, -14.906], [34.576, -14.912], [34.579, -14.922], [34.588, -14.936], [34.59, -14.958], [34.596, -14.963], [34.596, -14.967], [34.602, -14.974], [34.608, -14.977], [34.614, -14.978], [34.611, -14.99], [34.619, -14.997], [34.621, -15.001], [34.617, -15.011], [34.611, -15.014], [34.604, -15.021], [34.604, -15.025], [34.601, -15.031], [34.602, -15.039], [34.597, -15.044], [34.586, -15.048], [34.58, -15.057], [34.58, -15.056], [34.578, -15.056], [34.574, -15.062], [34.571, -15.063], [34.57, -15.068], [34.572, -15.073], [34.569, -15.079], [34.572, -15.085], [34.576, -15.087], [34.584, -15.085], [34.59, -15.088], [34.586, -15.098], [34.571, -15.113], [34.569, -15.125], [34.573, -15.129], [34.576, -15.135], [34.577, -15.141], [34.574, -15.148], [34.577, -15.147], [34.581, -15.161], [34.577, -15.162], [34.575, -15.165], [34.583, -15.181], [34.579, -15.2], [34.581, -15.206], [34.589, -15.211], [34.593, -15.225], [34.601, -15.235], [34.601, -15.243], [34.599, -15.251], [34.604, -15.267], [34.603, -15.269], [34.602, -15.268], [34.6, -15.269], [34.598, -15.281], [34.586, -15.295], [34.574, -15.305], [34.573, -15.309], [34.575, -15.312], [34.575, -15.322], [34.559, -15.333], [34.556, -15.337], [34.54, -15.326], [34.533, -15.333], [34.531, -15.342], [34.521, -15.347], [34.519, -15.351], [34.517, -15.372], [34.52, -15.384], [34.517, -15.39], [34.514, -15.398], [34.515, -15.399], [34.505, -15.41], [34.493, -15.409]]]]}}, {"type": "Feature", "properties": {"id": "Zumbo", "name": "Zumbu", "desert": 1, "offices": 0}, "geometry": {"type": "MultiPolygon", "coordinates": [[[[31.19, -15.717], [31.143, -15.725], [31.072, -15.723], [31.04, -15.715], [31.012, -15.703], [30.987, -15.69], [30.903, -15.663], [30.856, -15.65], [30.827, -15.645], [30.807, -15.638], [30.756, -15.63], [30.699, -15.615], [30.672, -15.617], [30.636, -15.623], [30.609, -15.634], [30.589, -15.638], [30.467, -15.632], [30.428, -15.619], [30.419, -15.619], [30.412, -15.611], [30.394, -15.58], [30.383, -15.567], [30.371, -15.558], [30.363, -15.544], [30.364, -15.538], [30.394, -15.481], [30.394, -15.473], [30.392, -15.464], [30.381, -15.439], [30.38, -15.428], [30.383, -15.402], [30.383, -15.383], [30.372, -15.338], [30.364, -15.327], [30.343, -15.313], [30.284, -15.26], [30.274, -15.244], [30.26, -15.208], [30.256, -15.177], [30.25, -15.161], [30.239, -15.141], [30.226, -15.088], [30.221, -15.074], [30.223, -15.05], [30.226, -15.041], [30.227, -15.03], [30.219, -14.998], [30.223, -14.994], [30.227, -14.994], [30.258, -14.984], [30.296, -14.977], [30.323, -14.968], [30.374, -14.96], [30.449, -14.924], [30.458, -14.918], [30.481, -14.906], [30.524, -14.889], [30.532, -14.887], [30.556, -14.876], [30.602, -14.861], [30.636, -14.843], [30.664, -14.833], [30.687, -14.82], [30.702, -14.814], [30.776, -14.793], [30.796, -14.783], [31.153, -14.698], [31.171, -14.691], [31.19, -14.68], [31.267, -14.659], [31.325, -14.65], [31.367, -14.641], [31.376, -14.655], [31.374, -14.664], [31.376, -14.673], [31.376, -14.689], [31.374, -14.697], [31.363, -14.707], [31.365, -14.72], [31.363, -14.725], [31.359, -14.729], [31.359, -14.744], [31.35, -14.75], [31.345, -14.757], [31.348, -14.766], [31.356, -14.78], [31.363, -14.784], [31.378, -14.789], [31.384, -14.793], [31.385, -14.801], [31.382, -14.811], [31.372, -14.826], [31.369, -14.842], [31.363, -14.862], [31.382, -14.878], [31.381, -14.885], [31.379, -14.891], [31.382, -14.903], [31.381, -14.925], [31.392, -14.947], [31.392, -14.954], [31.389, -14.965], [31.392, -14.972], [31.4, -14.98], [31.418, -14.995], [31.421, -14.999], [31.427, -15.016], [31.441, -15.035], [31.443, -15.045], [31.446, -15.053], [31.46, -15.079], [31.456, -15.087], [31.453, -15.095], [31.459, -15.104], [31.46, -15.11], [31.469, -15.126], [31.465, -15.133], [31.446, -15.152], [31.449, -15.171], [31.439, -15.188], [31.451, -15.204], [31.437, -15.228], [31.428, -15.232], [31.425, -15.235], [31.43, -15.243], [31.438, -15.246], [31.438, -15.251], [31.453, -15.27], [31.45, -15.277], [31.447, -15.281], [31.455, -15.292], [31.449, -15.343], [31.446, -15.348], [31.455, -15.371], [31.47, -15.399], [31.492, -15.421], [31.506, -15.43], [31.514, -15.442], [31.538, -15.488], [31.545, -15.498], [31.556, -15.508], [31.573, -15.503], [31.589, -15.518], [31.595, -15.532], [31.598, -15.547], [31.604, -15.561], [31.606, -15.572], [31.614, -15.597], [31.624, -15.618], [31.627, -15.628], [31.626, -15.633], [31.623, -15.639], [31.611, -15.652], [31.602, -15.668], [31.607, -15.679], [31.584, -15.668], [31.554, -15.659], [31.529, -15.655], [31.504, -15.656], [31.482, -15.659], [31.429, -15.657], [31.384, -15.65], [31.363, -15.653], [31.331, -15.665], [31.296, -15.69], [31.273, -15.7], [31.233, -15.715], [31.19, -15.717]]]]}}, {"type": "Feature", "properties": {"id": "Alto Mol\u00f3cu\u00e8", "name": "AltoMolocue", "desert": 0, "offices": 2}, "geometry": {"type": "MultiPolygon", "coordinates": [[[[37.882, -15.462], [37.886, -15.465], [37.894, -15.476], [37.895, -15.498], [37.892, -15.519], [37.894, -15.527], [37.899, -15.531], [37.909, -15.532], [37.931, -15.529], [37.945, -15.535], [37.952, -15.536], [37.958, -15.549], [37.959, -15.56], [37.962, -15.574], [37.964, -15.579], [37.97, -15.583], [37.974, -15.601], [37.991, -15.619], [37.994, -15.652], [37.99, -15.661], [37.977, -15.675], [37.983, -15.683], [37.984, -15.702], [37.989, -15.707], [37.995, -15.707], [37.996, -15.71], [37.995, -15.717], [37.995, -15.722], [38.006, -15.73], [38.017, -15.743], [38.008, -15.759], [38.006, -15.76], [38.001, -15.75], [37.999, -15.749], [37.991, -15.758], [37.986, -15.767], [37.988, -15.787], [37.984, -15.812], [37.999, -15.813], [38.005, -15.81], [38.009, -15.812], [38.004, -15.838], [38.005, -15.843], [38.012, -15.847], [38.026, -15.86], [38.027, -15.865], [38.011, -15.876], [38.004, -15.888], [38.007, -15.903], [38.015, -15.918], [38.013, -15.923], [38.013, -15.93], [38.006, -15.939], [38.007, -15.959], [38.005, -15.963], [37.999, -15.971], [37.995, -15.973], [37.992, -15.975], [37.992, -15.981], [37.996, -15.987], [37.995, -15.99], [37.986, -16.002], [37.992, -16.015], [38.005, -16.033], [38.02, -16.044], [38.018, -16.053], [38.014, -16.062], [38.001, -16.082], [37.997, -16.093], [37.994, -16.097], [37.973, -16.105], [37.96, -16.117], [37.941, -16.165], [37.946, -16.189], [37.954, -16.196], [37.956, -16.203], [37.95, -16.218], [37.948, -16.264], [37.942, -16.274], [37.93, -16.282], [37.919, -16.292], [37.908, -16.298], [37.903, -16.288], [37.901, -16.279], [37.893, -16.275], [37.886, -16.261], [37.877, -16.258], [37.867, -16.26], [37.864, -16.263], [37.852, -16.254], [37.854, -16.244], [37.845, -16.239], [37.832, -16.221], [37.806, -16.212], [37.796, -16.213], [37.79, -16.21], [37.783, -16.202], [37.754, -16.192], [37.74, -16.178], [37.739, -16.169], [37.727, -16.157], [37.728, -16.157], [37.723, -16.136], [37.724, -16.135], [37.729, -16.132], [37.729, -16.122], [37.738, -16.113], [37.73, -16.1], [37.725, -16.096], [37.718, -16.093], [37.712, -16.089], [37.707, -16.082], [37.686, -16.074], [37.694, -16.067], [37.698, -16.058], [37.705, -16.037], [37.696, -16.037], [37.691, -16.034], [37.682, -16.026], [37.68, -16.019], [37.672, -16.009], [37.675, -16.0], [37.673, -15.992], [37.683, -15.985], [37.685, -15.974], [37.681, -15.971], [37.665, -15.968], [37.659, -15.975], [37.65, -15.973], [37.644, -15.976], [37.61, -15.972], [37.597, -15.976], [37.58, -15.979], [37.559, -15.974], [37.546, -15.976], [37.539, -15.972], [37.518, -15.97], [37.508, -15.964], [37.504, -15.957], [37.507, -15.944], [37.496, -15.91], [37.478, -15.89], [37.45, -15.87], [37.441, -15.853], [37.427, -15.836], [37.406, -15.818], [37.364, -15.789], [37.368, -15.781], [37.373, -15.765], [37.374, -15.748], [37.388, -15.726], [37.386, -15.723], [37.379, -15.723], [37.385, -15.71], [37.383, -15.703], [37.374, -15.699], [37.365, -15.692], [37.372, -15.677], [37.369, -15.673], [37.368, -15.665], [37.364, -15.661], [37.353, -15.66], [37.327, -15.662], [37.303, -15.66], [37.296, -15.656], [37.269, -15.632], [37.243, -15.63], [37.208, -15.597], [37.224, -15.567], [37.242, -15.559], [37.262, -15.545], [37.286, -15.532], [37.307, -15.526], [37.323, -15.505], [37.341, -15.49], [37.346, -15.475], [37.342, -15.467], [37.345, -15.454], [37.368, -15.395], [37.361, -15.379], [37.387, -15.359], [37.336, -15.345], [37.307, -15.328], [37.273, -15.318], [37.288, -15.296], [37.291, -15.287], [37.268, -15.269], [37.276, -15.257], [37.294, -15.236], [37.3, -15.217], [37.3, -15.203], [37.309, -15.156], [37.306, -15.136], [37.304, -15.136], [37.31, -15.127], [37.314, -15.132], [37.323, -15.135], [37.338, -15.133], [37.356, -15.111], [37.362, -15.105], [37.38, -15.118], [37.4, -15.139], [37.406, -15.16], [37.408, -15.177], [37.415, -15.184], [37.42, -15.186], [37.437, -15.181], [37.449, -15.175], [37.465, -15.166], [37.477, -15.154], [37.517, -15.133], [37.532, -15.148], [37.538, -15.148], [37.545, -15.151], [37.592, -15.191], [37.597, -15.192], [37.617, -15.207], [37.618, -15.216], [37.625, -15.232], [37.634, -15.237], [37.675, -15.244], [37.683, -15.244], [37.691, -15.247], [37.711, -15.242], [37.723, -15.235], [37.74, -15.222], [37.76, -15.213], [37.797, -15.217], [37.834, -15.206], [37.845, -15.211], [37.849, -15.217], [37.867, -15.226], [37.873, -15.233], [37.884, -15.237], [37.9, -15.227], [37.906, -15.231], [37.925, -15.23], [37.937, -15.234], [37.917, -15.263], [37.916, -15.275], [37.911, -15.277], [37.899, -15.277], [37.852, -15.301], [37.843, -15.307], [37.812, -15.339], [37.809, -15.349], [37.813, -15.362], [37.823, -15.372], [37.836, -15.393], [37.842, -15.398], [37.852, -15.438], [37.868, -15.45], [37.873, -15.457], [37.882, -15.462]]]]}}, {"type": "Feature", "properties": {"id": "Chinde", "name": "Chinde", "desert": 1, "offices": 0}, "geometry": {"type": "MultiPolygon", "coordinates": [[[[36.386, -18.723], [36.385, -18.725], [36.384, -18.725], [36.385, -18.721], [36.387, -18.72], [36.386, -18.723]]], [[[36.392, -18.717], [36.393, -18.718], [36.393, -18.72], [36.391, -18.719], [36.391, -18.717], [36.392, -18.717]]], [[[36.385, -18.689], [36.385, -18.693], [36.382, -18.694], [36.383, -18.689], [36.385, -18.689]]], [[[36.462, -18.559], [36.456, -18.559], [36.452, -18.562], [36.43, -18.563], [36.43, -18.57], [36.45, -18.572], [36.452, -18.573], [36.45, -18.576], [36.46, -18.573], [36.469, -18.578], [36.471, -18.581], [36.469, -18.591], [36.473, -18.591], [36.475, -18.596], [36.478, -18.598], [36.484, -18.599], [36.484, -18.602], [36.481, -18.604], [36.479, -18.604], [36.476, -18.607], [36.464, -18.611], [36.458, -18.61], [36.451, -18.615], [36.449, -18.621], [36.445, -18.624], [36.435, -18.625], [36.432, -18.631], [36.429, -18.632], [36.43, -18.633], [36.434, -18.631], [36.435, -18.636], [36.434, -18.637], [36.426, -18.639], [36.423, -18.643], [36.421, -18.642], [36.419, -18.646], [36.412, -18.648], [36.411, -18.65], [36.414, -18.648], [36.416, -18.651], [36.422, -18.648], [36.423, -18.652], [36.418, -18.652], [36.417, -18.654], [36.423, -18.653], [36.425, -18.647], [36.423, -18.645], [36.425, -18.643], [36.428, -18.645], [36.418, -18.667], [36.42, -18.68], [36.414, -18.685], [36.39, -18.693], [36.386, -18.685], [36.383, -18.686], [36.382, -18.681], [36.386, -18.667], [36.385, -18.668], [36.381, -18.683], [36.38, -18.698], [36.373, -18.706], [36.371, -18.718], [36.365, -18.73], [36.37, -18.734], [36.373, -18.734], [36.374, -18.744], [36.376, -18.736], [36.382, -18.728], [36.385, -18.727], [36.39, -18.73], [36.391, -18.723], [36.394, -18.722], [36.394, -18.729], [36.389, -18.739], [36.386, -18.757], [36.39, -18.779], [36.389, -18.784], [36.388, -18.788], [36.386, -18.787], [36.383, -18.788], [36.381, -18.784], [36.377, -18.782], [36.37, -18.785], [36.366, -18.788], [36.365, -18.792], [36.369, -18.796], [36.372, -18.795], [36.373, -18.797], [36.375, -18.802], [36.373, -18.806], [36.325, -18.852], [36.315, -18.86], [36.308, -18.863], [36.309, -18.858], [36.306, -18.856], [36.301, -18.844], [36.301, -18.837], [36.298, -18.833], [36.291, -18.828], [36.285, -18.822], [36.274, -18.816], [36.263, -18.805], [36.254, -18.81], [36.255, -18.812], [36.149, -18.72], [36.148, -18.714], [36.107, -18.68], [36.107, -18.666], [36.112, -18.652], [36.104, -18.623], [36.127, -18.609], [36.133, -18.591], [36.146, -18.593], [36.139, -18.581], [36.139, -18.566], [36.142, -18.546], [36.141, -18.529], [36.128, -18.483], [36.119, -18.464], [36.081, -18.368], [36.074, -18.355], [36.059, -18.342], [36.033, -18.339], [36.026, -18.334], [36.026, -18.325], [36.014, -18.305], [35.998, -18.307], [35.985, -18.3], [35.97, -18.291], [35.949, -18.269], [35.933, -18.266], [35.909, -18.266], [35.903, -18.262], [35.893, -18.247], [35.887, -18.225], [35.861, -18.174], [35.841, -18.151], [35.837, -18.122], [35.865, -18.106], [35.873, -18.103], [35.887, -18.102], [35.89, -18.106], [35.92, -18.103], [35.933, -18.105], [35.944, -18.109], [35.955, -18.111], [35.958, -18.114], [35.959, -18.118], [35.968, -18.121], [35.977, -18.11], [35.984, -18.109], [35.995, -18.104], [36.012, -18.137], [36.023, -18.151], [36.04, -18.155], [36.053, -18.154], [36.081, -18.162], [36.11, -18.166], [36.119, -18.173], [36.139, -18.2], [36.148, -18.208], [36.172, -18.222], [36.186, -18.222], [36.203, -18.226], [36.235, -18.195], [36.234, -18.192], [36.239, -18.192], [36.278, -18.152], [36.282, -18.143], [36.307, -18.147], [36.318, -18.139], [36.311, -18.123], [36.302, -18.117], [36.303, -18.086], [36.319, -18.099], [36.328, -18.096], [36.341, -18.102], [36.354, -18.103], [36.368, -18.075], [36.377, -18.071], [36.391, -18.073], [36.409, -18.064], [36.413, -18.05], [36.443, -18.038], [36.448, -18.033], [36.455, -18.035], [36.476, -18.052], [36.5, -18.053], [36.53, -18.05], [36.539, -18.07], [36.546, -18.074], [36.537, -18.098], [36.561, -18.1], [36.58, -18.108], [36.615, -18.099], [36.638, -18.123], [36.629, -18.157], [36.638, -18.172], [36.641, -18.213], [36.647, -18.192], [36.656, -18.185], [36.664, -18.176], [36.669, -18.16], [36.681, -18.156], [36.697, -18.157], [36.707, -18.161], [36.715, -18.171], [36.72, -18.199], [36.729, -18.215], [36.748, -18.241], [36.753, -18.244], [36.759, -18.242], [36.761, -18.245], [36.768, -18.24], [36.772, -18.24], [36.779, -18.235], [36.797, -18.231], [36.807, -18.218], [36.812, -18.21], [36.815, -18.21], [36.82, -18.206], [36.833, -18.207], [36.833, -18.212], [36.829, -18.218], [36.81, -18.239], [36.81, -18.241], [36.799, -18.25], [36.775, -18.276], [36.76, -18.287], [36.761, -18.288], [36.753, -18.285], [36.756, -18.288], [36.761, -18.289], [36.761, -18.29], [36.727, -18.324], [36.692, -18.361], [36.687, -18.365], [36.683, -18.365], [36.683, -18.369], [36.664, -18.385], [36.661, -18.386], [36.656, -18.384], [36.654, -18.387], [36.653, -18.378], [36.65, -18.378], [36.65, -18.38], [36.652, -18.379], [36.652, -18.387], [36.655, -18.39], [36.655, -18.392], [36.632, -18.414], [36.629, -18.415], [36.624, -18.415], [36.62, -18.407], [36.616, -18.405], [36.621, -18.411], [36.624, -18.42], [36.547, -18.498], [36.544, -18.498], [36.541, -18.496], [36.54, -18.49], [36.532, -18.476], [36.536, -18.489], [36.536, -18.492], [36.538, -18.494], [36.536, -18.502], [36.538, -18.511], [36.525, -18.529], [36.514, -18.529], [36.511, -18.531], [36.508, -18.529], [36.506, -18.524], [36.51, -18.518], [36.517, -18.517], [36.519, -18.513], [36.514, -18.505], [36.511, -18.504], [36.508, -18.504], [36.507, -18.508], [36.512, -18.51], [36.514, -18.514], [36.511, -18.517], [36.503, -18.518], [36.501, -18.523], [36.497, -18.526], [36.495, -18.531], [36.495, -18.535], [36.499, -18.537], [36.505, -18.537], [36.508, -18.54], [36.508, -18.543], [36.5, -18.557], [36.496, -18.571], [36.489, -18.57], [36.492, -18.562], [36.49, -18.556], [36.486, -18.556], [36.491, -18.56], [36.487, -18.569], [36.468, -18.558], [36.462, -18.559]]], [[[36.517, -18.511], [36.518, -18.514], [36.515, -18.515], [36.516, -18.511], [36.517, -18.511]]], [[[36.788, -18.231], [36.789, -18.232], [36.786, -18.233], [36.78, -18.233], [36.782, -18.23], [36.788, -18.231]]], [[[36.8, -18.221], [36.799, -18.225], [36.792, -18.23], [36.782, -18.229], [36.785, -18.224], [36.796, -18.22], [36.8, -18.22], [36.8, -18.221]]], [[[36.835, -18.203], [36.835, -18.206], [36.832, -18.206], [36.833, -18.203], [36.834, -18.202], [36.835, -18.203]]]]}}, {"type": "Feature", "properties": {"id": "Gur\u00fa\u00e8", "name": "Gurue", "desert": 0, "offices": 3}, "geometry": {"type": "MultiPolygon", "coordinates": [[[[37.273, -15.318], [37.307, -15.328], [37.336, -15.345], [37.387, -15.359], [37.361, -15.379], [37.368, -15.395], [37.345, -15.454], [37.342, -15.467], [37.346, -15.475], [37.341, -15.49], [37.323, -15.505], [37.307, -15.526], [37.286, -15.532], [37.262, -15.545], [37.242, -15.559], [37.224, -15.567], [37.208, -15.597], [37.197, -15.604], [37.183, -15.618], [37.171, -15.624], [37.163, -15.638], [37.16, -15.653], [37.152, -15.665], [37.147, -15.675], [37.136, -15.687], [37.132, -15.689], [37.134, -15.704], [37.132, -15.711], [37.134, -15.716], [37.132, -15.723], [37.125, -15.725], [37.125, -15.74], [37.124, -15.745], [37.105, -15.754], [37.103, -15.757], [37.104, -15.759], [37.108, -15.761], [37.109, -15.768], [37.113, -15.779], [37.106, -15.787], [37.105, -15.796], [37.1, -15.8], [37.111, -15.825], [37.106, -15.838], [37.108, -15.847], [37.12, -15.851], [37.122, -15.854], [37.123, -15.858], [37.115, -15.873], [37.113, -15.882], [37.124, -15.898], [37.123, -15.908], [37.12, -15.917], [37.121, -15.927], [37.114, -15.938], [37.11, -15.967], [37.081, -15.918], [37.053, -15.894], [37.036, -15.841], [36.926, -15.785], [36.933, -15.733], [36.943, -15.71], [36.942, -15.678], [36.927, -15.644], [36.947, -15.626], [36.941, -15.624], [36.938, -15.61], [36.932, -15.608], [36.928, -15.605], [36.919, -15.604], [36.91, -15.595], [36.911, -15.586], [36.915, -15.582], [36.895, -15.584], [36.859, -15.593], [36.806, -15.587], [36.793, -15.531], [36.745, -15.489], [36.71, -15.481], [36.696, -15.5], [36.675, -15.521], [36.675, -15.527], [36.669, -15.533], [36.668, -15.541], [36.671, -15.546], [36.674, -15.565], [36.672, -15.566], [36.669, -15.574], [36.668, -15.586], [36.666, -15.588], [36.658, -15.583], [36.616, -15.571], [36.604, -15.55], [36.601, -15.539], [36.596, -15.534], [36.567, -15.537], [36.563, -15.534], [36.562, -15.522], [36.555, -15.517], [36.54, -15.51], [36.553, -15.495], [36.522, -15.405], [36.514, -15.402], [36.504, -15.394], [36.483, -15.389], [36.477, -15.382], [36.474, -15.377], [36.468, -15.346], [36.462, -15.333], [36.465, -15.318], [36.463, -15.301], [36.467, -15.293], [36.473, -15.294], [36.482, -15.276], [36.481, -15.266], [36.47, -15.258], [36.471, -15.253], [36.48, -15.249], [36.496, -15.248], [36.505, -15.246], [36.511, -15.243], [36.511, -15.238], [36.515, -15.236], [36.52, -15.228], [36.535, -15.223], [36.539, -15.215], [36.562, -15.204], [36.569, -15.199], [36.577, -15.179], [36.588, -15.171], [36.595, -15.17], [36.616, -15.154], [36.639, -15.107], [36.66, -15.107], [36.664, -15.096], [36.668, -15.077], [36.678, -15.075], [36.682, -15.066], [36.69, -15.061], [36.692, -15.052], [36.697, -15.045], [36.698, -15.027], [36.701, -15.023], [36.7, -15.018], [36.701, -15.014], [36.697, -14.999], [37.003, -14.996], [37.192, -14.997], [37.202, -15.005], [37.212, -15.005], [37.22, -15.008], [37.222, -15.014], [37.215, -15.025], [37.218, -15.029], [37.224, -15.032], [37.236, -15.021], [37.242, -15.021], [37.242, -15.035], [37.24, -15.048], [37.247, -15.077], [37.258, -15.087], [37.264, -15.098], [37.283, -15.095], [37.288, -15.1], [37.295, -15.114], [37.309, -15.124], [37.31, -15.127], [37.304, -15.136], [37.306, -15.136], [37.309, -15.156], [37.3, -15.203], [37.3, -15.217], [37.294, -15.236], [37.276, -15.257], [37.268, -15.269], [37.291, -15.287], [37.288, -15.296], [37.273, -15.318]]]]}}, {"type": "Feature", "properties": {"id": "Ile", "name": "Ile", "desert": 0, "offices": 1}, "geometry": {"type": "MultiPolygon", "coordinates": [[[[37.733, -16.164], [37.739, -16.169], [37.74, -16.178], [37.754, -16.192], [37.783, -16.202], [37.79, -16.21], [37.796, -16.213], [37.806, -16.212], [37.832, -16.221], [37.845, -16.239], [37.854, -16.244], [37.852, -16.254], [37.864, -16.263], [37.867, -16.26], [37.877, -16.258], [37.886, -16.261], [37.893, -16.275], [37.901, -16.279], [37.903, -16.288], [37.916, -16.31], [37.918, -16.317], [37.918, -16.324], [37.895, -16.372], [37.903, -16.38], [37.909, -16.399], [37.908, -16.41], [37.913, -16.438], [37.939, -16.431], [37.945, -16.439], [37.955, -16.442], [37.956, -16.458], [37.963, -16.455], [37.981, -16.458], [37.99, -16.468], [37.993, -16.474], [37.989, -16.485], [37.971, -16.48], [37.96, -16.481], [37.945, -16.488], [37.93, -16.5], [37.925, -16.499], [37.92, -16.5], [37.907, -16.507], [37.902, -16.517], [37.9, -16.528], [37.868, -16.549], [37.852, -16.552], [37.846, -16.555], [37.842, -16.563], [37.832, -16.566], [37.819, -16.566], [37.796, -16.579], [37.789, -16.578], [37.783, -16.588], [37.782, -16.596], [37.785, -16.601], [37.79, -16.605], [37.79, -16.62], [37.783, -16.613], [37.779, -16.606], [37.779, -16.601], [37.773, -16.601], [37.765, -16.596], [37.759, -16.597], [37.755, -16.593], [37.75, -16.62], [37.752, -16.629], [37.754, -16.653], [37.751, -16.664], [37.742, -16.661], [37.737, -16.656], [37.738, -16.651], [37.724, -16.648], [37.716, -16.639], [37.714, -16.631], [37.697, -16.633], [37.682, -16.625], [37.677, -16.624], [37.672, -16.63], [37.668, -16.631], [37.666, -16.626], [37.654, -16.612], [37.636, -16.604], [37.622, -16.584], [37.62, -16.576], [37.593, -16.582], [37.575, -16.583], [37.56, -16.581], [37.552, -16.582], [37.538, -16.574], [37.536, -16.584], [37.493, -16.591], [37.471, -16.574], [37.467, -16.562], [37.466, -16.55], [37.466, -16.529], [37.468, -16.518], [37.422, -16.486], [37.4, -16.48], [37.39, -16.469], [37.378, -16.436], [37.33, -16.423], [37.316, -16.426], [37.315, -16.412], [37.307, -16.408], [37.3, -16.401], [37.287, -16.373], [37.297, -16.362], [37.297, -16.354], [37.29, -16.34], [37.289, -16.326], [37.281, -16.317], [37.266, -16.31], [37.25, -16.299], [37.248, -16.298], [37.241, -16.304], [37.231, -16.315], [37.221, -16.318], [37.214, -16.332], [37.196, -16.332], [37.192, -16.339], [37.188, -16.336], [37.18, -16.337], [37.144, -16.353], [37.136, -16.36], [37.132, -16.358], [37.118, -16.334], [37.107, -16.317], [37.102, -16.312], [37.096, -16.294], [37.078, -16.288], [37.076, -16.285], [37.075, -16.275], [37.079, -16.254], [37.082, -16.248], [37.103, -16.221], [37.109, -16.211], [37.114, -16.209], [37.119, -16.203], [37.128, -16.189], [37.126, -16.177], [37.114, -16.156], [37.105, -16.134], [37.101, -16.12], [37.108, -16.096], [37.112, -16.055], [37.11, -16.035], [37.098, -16.023], [37.097, -16.012], [37.104, -15.999], [37.104, -15.98], [37.11, -15.967], [37.114, -15.938], [37.121, -15.927], [37.12, -15.917], [37.124, -15.903], [37.124, -15.898], [37.113, -15.882], [37.115, -15.873], [37.123, -15.858], [37.122, -15.854], [37.12, -15.851], [37.108, -15.847], [37.106, -15.838], [37.111, -15.825], [37.1, -15.8], [37.105, -15.796], [37.106, -15.787], [37.113, -15.779], [37.109, -15.768], [37.108, -15.761], [37.104, -15.759], [37.103, -15.757], [37.105, -15.754], [37.124, -15.745], [37.125, -15.74], [37.125, -15.725], [37.132, -15.723], [37.134, -15.716], [37.132, -15.711], [37.134, -15.704], [37.132, -15.689], [37.136, -15.687], [37.147, -15.675], [37.152, -15.665], [37.16, -15.653], [37.163, -15.638], [37.171, -15.624], [37.183, -15.618], [37.197, -15.604], [37.208, -15.597], [37.243, -15.63], [37.269, -15.632], [37.296, -15.656], [37.303, -15.66], [37.327, -15.662], [37.353, -15.66], [37.364, -15.661], [37.368, -15.665], [37.369, -15.673], [37.372, -15.677], [37.365, -15.692], [37.374, -15.699], [37.383, -15.703], [37.385, -15.71], [37.379, -15.723], [37.386, -15.723], [37.388, -15.726], [37.374, -15.748], [37.373, -15.765], [37.368, -15.781], [37.364, -15.789], [37.406, -15.818], [37.427, -15.836], [37.441, -15.853], [37.45, -15.87], [37.478, -15.89], [37.496, -15.91], [37.507, -15.944], [37.504, -15.957], [37.508, -15.964], [37.518, -15.97], [37.539, -15.972], [37.546, -15.976], [37.559, -15.974], [37.58, -15.979], [37.597, -15.976], [37.61, -15.972], [37.644, -15.976], [37.65, -15.973], [37.659, -15.975], [37.665, -15.968], [37.681, -15.971], [37.685, -15.974], [37.683, -15.985], [37.673, -15.992], [37.675, -16.0], [37.672, -16.009], [37.68, -16.019], [37.682, -16.026], [37.691, -16.034], [37.696, -16.037], [37.705, -16.037], [37.698, -16.058], [37.694, -16.067], [37.686, -16.074], [37.707, -16.082], [37.712, -16.089], [37.718, -16.093], [37.725, -16.096], [37.73, -16.1], [37.738, -16.113], [37.729, -16.122], [37.729, -16.132], [37.724, -16.135], [37.723, -16.136], [37.728, -16.157], [37.727, -16.157], [37.733, -16.164]]]]}}, {"type": "Feature", "properties": {"id": "Inhassunge", "name": "Inhassunge", "desert": 1, "offices": 0}, "geometry": {"type": "MultiPolygon", "coordinates": [[[[36.768, -18.201], [36.772, -18.212], [36.776, -18.213], [36.782, -18.211], [36.785, -18.212], [36.785, -18.215], [36.782, -18.22], [36.775, -18.222], [36.765, -18.213], [36.764, -18.203], [36.765, -18.201], [36.768, -18.201]]], [[[36.79, -18.21], [36.791, -18.212], [36.788, -18.214], [36.788, -18.21], [36.79, -18.21]]], [[[36.771, -18.205], [36.776, -18.21], [36.776, -18.212], [36.772, -18.21], [36.77, -18.206], [36.771, -18.205]]], [[[36.8, -18.199], [36.801, -18.202], [36.804, -18.203], [36.803, -18.204], [36.801, -18.205], [36.801, -18.208], [36.797, -18.209], [36.794, -18.201], [36.797, -18.198], [36.8, -18.199]]], [[[36.811, -18.201], [36.81, -18.202], [36.805, -18.203], [36.808, -18.2], [36.811, -18.201]]], [[[36.818, -18.195], [36.815, -18.2], [36.812, -18.2], [36.816, -18.194], [36.818, -18.194], [36.818, -18.195]]], [[[36.875, -18.168], [36.879, -18.171], [36.878, -18.175], [36.881, -18.183], [36.877, -18.187], [36.845, -18.181], [36.838, -18.176], [36.839, -18.172], [36.842, -18.17], [36.853, -18.172], [36.867, -18.169], [36.873, -18.166], [36.875, -18.168]]], [[[36.907, -17.965], [36.912, -17.967], [36.917, -17.97], [36.91, -17.972], [36.905, -17.967], [36.905, -17.965], [36.907, -17.965]]], [[[36.753, -18.244], [36.748, -18.241], [36.729, -18.215], [36.72, -18.199], [36.715, -18.171], [36.707, -18.161], [36.697, -18.157], [36.681, -18.156], [36.657, -18.164], [36.65, -18.161], [36.657, -18.152], [36.666, -18.147], [36.677, -18.135], [36.687, -18.131], [36.704, -18.109], [36.716, -18.102], [36.717, -18.087], [36.694, -18.091], [36.691, -18.083], [36.693, -18.066], [36.682, -18.068], [36.656, -17.948], [36.664, -17.938], [36.667, -17.939], [36.678, -17.948], [36.683, -17.956], [36.692, -17.952], [36.7, -17.941], [36.74, -17.921], [36.752, -17.94], [36.756, -17.965], [36.762, -17.969], [36.772, -17.967], [36.785, -17.96], [36.8, -17.959], [36.808, -17.956], [36.811, -17.948], [36.813, -17.908], [36.821, -17.901], [36.843, -17.891], [36.861, -17.88], [36.87, -17.878], [36.9, -17.889], [36.906, -17.895], [36.915, -17.934], [36.915, -17.949], [36.915, -17.95], [36.914, -17.95], [36.912, -17.945], [36.908, -17.932], [36.893, -17.933], [36.894, -17.951], [36.902, -17.98], [36.904, -18.001], [36.908, -18.014], [36.916, -18.025], [36.921, -18.029], [36.922, -18.041], [36.929, -18.042], [36.932, -18.053], [36.93, -18.055], [36.925, -18.055], [36.923, -18.057], [36.923, -18.06], [36.925, -18.066], [36.923, -18.068], [36.911, -18.068], [36.91, -18.069], [36.909, -18.076], [36.907, -18.08], [36.908, -18.088], [36.904, -18.091], [36.899, -18.089], [36.897, -18.089], [36.891, -18.098], [36.894, -18.104], [36.893, -18.109], [36.884, -18.108], [36.884, -18.103], [36.881, -18.102], [36.879, -18.103], [36.876, -18.1], [36.875, -18.093], [36.87, -18.091], [36.867, -18.092], [36.867, -18.089], [36.865, -18.085], [36.867, -18.084], [36.87, -18.084], [36.871, -18.084], [36.868, -18.082], [36.866, -18.083], [36.864, -18.085], [36.866, -18.089], [36.866, -18.092], [36.875, -18.093], [36.875, -18.1], [36.879, -18.104], [36.883, -18.103], [36.883, -18.108], [36.879, -18.114], [36.88, -18.123], [36.879, -18.127], [36.869, -18.138], [36.862, -18.143], [36.86, -18.141], [36.862, -18.137], [36.861, -18.134], [36.855, -18.134], [36.853, -18.129], [36.847, -18.122], [36.849, -18.116], [36.847, -18.102], [36.846, -18.102], [36.848, -18.116], [36.848, -18.118], [36.845, -18.119], [36.846, -18.122], [36.852, -18.129], [36.853, -18.135], [36.86, -18.135], [36.859, -18.14], [36.862, -18.149], [36.874, -18.155], [36.875, -18.158], [36.873, -18.161], [36.868, -18.164], [36.856, -18.167], [36.848, -18.166], [36.84, -18.166], [36.837, -18.167], [36.836, -18.166], [36.839, -18.164], [36.84, -18.157], [36.836, -18.157], [36.835, -18.154], [36.835, -18.157], [36.839, -18.158], [36.839, -18.164], [36.834, -18.167], [36.834, -18.17], [36.831, -18.174], [36.826, -18.172], [36.82, -18.178], [36.813, -18.18], [36.813, -18.184], [36.807, -18.185], [36.794, -18.194], [36.787, -18.201], [36.785, -18.206], [36.78, -18.209], [36.776, -18.209], [36.77, -18.204], [36.766, -18.187], [36.76, -18.183], [36.757, -18.184], [36.765, -18.188], [36.767, -18.198], [36.763, -18.203], [36.763, -18.21], [36.767, -18.218], [36.773, -18.223], [36.774, -18.226], [36.77, -18.227], [36.767, -18.235], [36.77, -18.24], [36.761, -18.245], [36.759, -18.242], [36.753, -18.244]]], [[[36.945, -18.027], [36.949, -18.033], [36.955, -18.037], [36.957, -18.041], [36.959, -18.041], [36.96, -18.039], [36.959, -18.033], [36.967, -18.039], [36.968, -18.044], [36.965, -18.053], [36.967, -18.056], [36.967, -18.062], [36.959, -18.073], [36.909, -18.122], [36.886, -18.151], [36.879, -18.163], [36.878, -18.163], [36.878, -18.154], [36.873, -18.15], [36.865, -18.148], [36.864, -18.145], [36.873, -18.138], [36.882, -18.126], [36.881, -18.114], [36.883, -18.11], [36.884, -18.109], [36.894, -18.11], [36.895, -18.104], [36.892, -18.098], [36.897, -18.091], [36.899, -18.09], [36.904, -18.091], [36.909, -18.089], [36.908, -18.081], [36.91, -18.076], [36.91, -18.07], [36.912, -18.069], [36.921, -18.07], [36.925, -18.067], [36.924, -18.057], [36.93, -18.056], [36.933, -18.055], [36.933, -18.05], [36.931, -18.045], [36.938, -18.042], [36.936, -18.037], [36.94, -18.034], [36.94, -18.027], [36.945, -18.027]]], [[[36.939, -18.033], [36.935, -18.037], [36.937, -18.042], [36.929, -18.04], [36.923, -18.041], [36.923, -18.029], [36.925, -18.029], [36.94, -18.026], [36.939, -18.033]]], [[[36.952, -18.027], [36.951, -18.029], [36.95, -18.029], [36.951, -18.027], [36.952, -18.027]]], [[[36.955, -18.026], [36.954, -18.029], [36.953, -18.029], [36.953, -18.026], [36.955, -18.026]]], [[[36.918, -17.974], [36.926, -17.975], [36.938, -17.979], [36.947, -17.994], [36.943, -17.996], [36.943, -17.998], [36.945, -18.0], [36.946, -17.997], [36.948, -17.995], [36.95, -17.999], [36.945, -18.006], [36.94, -18.015], [36.939, -18.016], [36.937, -18.014], [36.937, -18.016], [36.928, -18.021], [36.926, -18.026], [36.921, -18.025], [36.916, -18.02], [36.908, -18.0], [36.906, -17.975], [36.918, -17.974]]], [[[36.909, -17.961], [36.906, -17.962], [36.906, -17.96], [36.908, -17.961], [36.909, -17.961]]], [[[36.906, -17.936], [36.911, -17.95], [36.911, -17.961], [36.904, -17.959], [36.9, -17.95], [36.9, -17.942], [36.901, -17.936], [36.904, -17.934], [36.906, -17.934], [36.906, -17.936]]]]}}, {"type": "Feature", "properties": {"id": "Lugela", "name": "Lugela", "desert": 1, "offices": 0}, "geometry": {"type": "MultiPolygon", "coordinates": [[[[37.075, -16.275], [37.076, -16.285], [37.078, -16.288], [37.096, -16.294], [37.102, -16.312], [37.107, -16.317], [37.132, -16.358], [37.122, -16.393], [37.118, -16.402], [37.112, -16.412], [37.096, -16.427], [37.094, -16.438], [37.094, -16.447], [37.099, -16.457], [37.125, -16.478], [37.134, -16.483], [37.146, -16.485], [37.151, -16.503], [37.14, -16.515], [37.137, -16.53], [37.123, -16.552], [37.121, -16.558], [37.108, -16.566], [37.089, -16.573], [37.072, -16.587], [37.056, -16.606], [37.041, -16.621], [37.027, -16.625], [37.004, -16.648], [36.997, -16.66], [36.993, -16.68], [36.996, -16.692], [36.999, -16.697], [37.013, -16.71], [37.015, -16.718], [37.016, -16.749], [37.01, -16.766], [37.008, -16.77], [36.994, -16.777], [36.991, -16.792], [36.979, -16.809], [36.979, -16.818], [36.981, -16.822], [36.979, -16.828], [36.974, -16.828], [36.969, -16.825], [36.963, -16.818], [36.961, -16.813], [36.961, -16.799], [36.958, -16.788], [36.953, -16.781], [36.941, -16.769], [36.916, -16.764], [36.923, -16.747], [36.926, -16.731], [36.919, -16.723], [36.911, -16.715], [36.9, -16.707], [36.888, -16.701], [36.849, -16.704], [36.83, -16.688], [36.799, -16.69], [36.761, -16.678], [36.758, -16.671], [36.756, -16.662], [36.749, -16.654], [36.738, -16.652], [36.731, -16.654], [36.721, -16.655], [36.706, -16.644], [36.703, -16.635], [36.697, -16.633], [36.683, -16.632], [36.676, -16.625], [36.675, -16.623], [36.677, -16.62], [36.667, -16.614], [36.654, -16.611], [36.634, -16.601], [36.614, -16.578], [36.605, -16.572], [36.581, -16.567], [36.569, -16.56], [36.56, -16.568], [36.552, -16.57], [36.546, -16.565], [36.539, -16.563], [36.505, -16.562], [36.503, -16.55], [36.487, -16.557], [36.483, -16.557], [36.442, -16.549], [36.436, -16.546], [36.43, -16.54], [36.415, -16.528], [36.402, -16.523], [36.397, -16.526], [36.393, -16.523], [36.391, -16.515], [36.384, -16.517], [36.372, -16.505], [36.356, -16.504], [36.351, -16.488], [36.335, -16.484], [36.331, -16.478], [36.331, -16.47], [36.302, -16.463], [36.279, -16.46], [36.268, -16.456], [36.254, -16.443], [36.258, -16.418], [36.267, -16.409], [36.276, -16.404], [36.284, -16.402], [36.29, -16.392], [36.291, -16.384], [36.296, -16.379], [36.301, -16.379], [36.305, -16.377], [36.304, -16.376], [36.322, -16.369], [36.332, -16.369], [36.316, -16.353], [36.24, -16.29], [36.227, -16.265], [36.222, -16.246], [36.213, -16.239], [36.209, -16.227], [36.206, -16.21], [36.195, -16.2], [36.197, -16.195], [36.19, -16.179], [36.197, -16.165], [36.213, -16.158], [36.151, -16.097], [36.146, -16.087], [36.159, -16.076], [36.17, -16.072], [36.177, -16.058], [36.193, -16.049], [36.202, -16.049], [36.228, -16.037], [36.232, -16.026], [36.244, -16.012], [36.241, -15.998], [36.248, -15.971], [36.248, -15.953], [36.251, -15.944], [36.26, -15.938], [36.272, -15.912], [36.294, -15.888], [36.313, -15.86], [36.333, -15.842], [36.341, -15.824], [36.356, -15.831], [36.403, -15.861], [36.407, -15.869], [36.413, -15.872], [36.44, -15.871], [36.479, -15.888], [36.497, -15.886], [36.503, -15.884], [36.501, -15.881], [36.507, -15.881], [36.518, -15.885], [36.518, -15.894], [36.522, -15.897], [36.537, -15.899], [36.54, -15.901], [36.54, -15.915], [36.553, -15.951], [36.568, -15.979], [36.572, -15.994], [36.586, -15.99], [36.589, -15.993], [36.588, -16.002], [36.593, -16.004], [36.598, -16.003], [36.606, -16.008], [36.617, -16.005], [36.622, -16.007], [36.628, -16.014], [36.654, -16.019], [36.664, -16.019], [36.674, -16.01], [36.687, -16.008], [36.698, -16.0], [36.702, -15.999], [36.709, -16.005], [36.718, -15.998], [36.729, -15.997], [36.738, -16.004], [36.74, -16.007], [36.738, -16.019], [36.746, -16.02], [36.77, -16.019], [36.773, -16.022], [36.773, -16.035], [36.78, -16.064], [36.79, -16.063], [36.797, -16.065], [36.801, -16.081], [36.807, -16.083], [36.808, -16.095], [36.82, -16.126], [36.839, -16.13], [36.852, -16.125], [36.862, -16.129], [36.865, -16.141], [36.871, -16.144], [36.882, -16.142], [36.897, -16.134], [36.909, -16.131], [36.918, -16.133], [36.927, -16.14], [36.933, -16.136], [36.956, -16.136], [36.96, -16.142], [36.959, -16.154], [36.967, -16.16], [36.982, -16.157], [37.002, -16.167], [37.007, -16.171], [37.012, -16.183], [37.016, -16.188], [37.015, -16.196], [37.019, -16.2], [37.027, -16.198], [37.035, -16.2], [37.041, -16.219], [37.045, -16.22], [37.065, -16.216], [37.072, -16.22], [37.073, -16.229], [37.079, -16.245], [37.079, -16.254], [37.075, -16.275]]]]}}, {"type": "Feature", "properties": {"id": "Gil\u00e9", "name": "Gile", "desert": 1, "offices": 0}, "geometry": {"type": "MultiPolygon", "coordinates": [[[[37.919, -16.292], [37.93, -16.282], [37.942, -16.274], [37.948, -16.264], [37.95, -16.218], [37.956, -16.203], [37.954, -16.196], [37.946, -16.189], [37.941, -16.165], [37.96, -16.117], [37.973, -16.105], [37.989, -16.1], [37.997, -16.093], [38.001, -16.082], [38.014, -16.062], [38.02, -16.044], [38.005, -16.033], [37.992, -16.015], [37.986, -16.002], [37.995, -15.99], [37.996, -15.987], [37.992, -15.981], [37.992, -15.975], [37.995, -15.973], [37.999, -15.971], [38.005, -15.963], [38.007, -15.959], [38.006, -15.939], [38.013, -15.93], [38.013, -15.923], [38.015, -15.918], [38.007, -15.903], [38.004, -15.888], [38.011, -15.876], [38.027, -15.865], [38.026, -15.86], [38.012, -15.847], [38.005, -15.843], [38.004, -15.838], [38.009, -15.812], [38.005, -15.81], [37.999, -15.813], [37.984, -15.812], [37.988, -15.787], [37.986, -15.767], [37.991, -15.758], [37.999, -15.749], [38.001, -15.75], [38.006, -15.76], [38.008, -15.759], [38.017, -15.743], [38.006, -15.73], [37.995, -15.722], [37.995, -15.717], [37.996, -15.71], [37.995, -15.707], [37.989, -15.707], [37.984, -15.701], [37.983, -15.683], [37.977, -15.675], [37.99, -15.661], [37.994, -15.652], [37.991, -15.619], [37.974, -15.601], [37.97, -15.583], [37.964, -15.579], [37.962, -15.574], [37.959, -15.56], [37.958, -15.549], [37.952, -15.536], [37.938, -15.533], [37.931, -15.529], [37.909, -15.532], [37.899, -15.531], [37.894, -15.527], [37.892, -15.519], [37.895, -15.498], [37.894, -15.476], [37.886, -15.465], [37.873, -15.457], [37.868, -15.45], [37.852, -15.438], [37.842, -15.398], [37.836, -15.393], [37.823, -15.372], [37.813, -15.362], [37.809, -15.349], [37.812, -15.339], [37.843, -15.307], [37.852, -15.301], [37.899, -15.277], [37.911, -15.277], [37.916, -15.275], [37.917, -15.263], [37.937, -15.234], [37.949, -15.238], [37.98, -15.259], [38.002, -15.262], [38.005, -15.291], [38.02, -15.299], [38.004, -15.293], [38.035, -15.319], [38.036, -15.319], [38.045, -15.312], [38.051, -15.316], [38.054, -15.325], [38.065, -15.329], [38.075, -15.329], [38.088, -15.325], [38.095, -15.324], [38.099, -15.336], [38.108, -15.342], [38.122, -15.342], [38.134, -15.34], [38.14, -15.341], [38.14, -15.349], [38.131, -15.361], [38.127, -15.373], [38.131, -15.381], [38.138, -15.382], [38.149, -15.391], [38.16, -15.392], [38.166, -15.395], [38.167, -15.408], [38.175, -15.422], [38.188, -15.432], [38.203, -15.441], [38.211, -15.445], [38.239, -15.445], [38.253, -15.437], [38.259, -15.441], [38.264, -15.449], [38.276, -15.453], [38.299, -15.453], [38.319, -15.447], [38.329, -15.46], [38.342, -15.463], [38.356, -15.461], [38.367, -15.462], [38.375, -15.476], [38.397, -15.501], [38.434, -15.525], [38.44, -15.542], [38.449, -15.553], [38.513, -15.578], [38.524, -15.588], [38.541, -15.618], [38.564, -15.647], [38.584, -15.659], [38.6, -15.674], [38.619, -15.676], [38.625, -15.679], [38.654, -15.679], [38.681, -15.676], [38.693, -15.693], [38.697, -15.707], [38.697, -15.719], [38.701, -15.727], [38.727, -15.744], [38.736, -15.756], [38.752, -15.771], [38.761, -15.772], [38.776, -15.768], [38.785, -15.768], [38.789, -15.775], [38.788, -15.777], [38.802, -15.792], [38.804, -15.801], [38.804, -15.817], [38.807, -15.826], [38.815, -15.836], [38.822, -15.841], [38.825, -15.874], [38.828, -15.883], [38.839, -15.886], [38.848, -15.892], [38.845, -15.915], [38.852, -15.925], [38.86, -15.927], [38.871, -15.942], [38.874, -15.954], [38.869, -15.983], [38.871, -15.998], [38.884, -16.005], [38.896, -16.02], [38.897, -16.029], [38.915, -16.048], [38.912, -16.065], [38.913, -16.075], [38.922, -16.091], [38.927, -16.109], [38.938, -16.119], [38.934, -16.124], [38.925, -16.132], [38.918, -16.146], [38.923, -16.162], [38.918, -16.17], [38.9, -16.155], [38.895, -16.16], [38.894, -16.167], [38.888, -16.171], [38.881, -16.168], [38.867, -16.133], [38.853, -16.121], [38.844, -16.119], [38.831, -16.12], [38.761, -16.139], [38.743, -16.151], [38.73, -16.157], [38.706, -16.16], [38.692, -16.157], [38.66, -16.144], [38.647, -16.159], [38.635, -16.168], [38.605, -16.186], [38.6, -16.194], [38.599, -16.208], [38.588, -16.214], [38.58, -16.227], [38.579, -16.237], [38.565, -16.244], [38.55, -16.255], [38.545, -16.31], [38.535, -16.323], [38.532, -16.339], [38.525, -16.342], [38.508, -16.34], [38.487, -16.345], [38.465, -16.341], [38.459, -16.342], [38.449, -16.346], [38.444, -16.356], [38.421, -16.363], [38.415, -16.367], [38.378, -16.38], [38.366, -16.388], [38.355, -16.443], [38.344, -16.453], [38.34, -16.461], [38.35, -16.481], [38.335, -16.484], [38.325, -16.484], [38.275, -16.498], [38.262, -16.5], [38.186, -16.498], [38.181, -16.505], [38.173, -16.508], [38.126, -16.495], [38.081, -16.512], [38.049, -16.506], [38.038, -16.527], [38.033, -16.523], [38.026, -16.522], [38.023, -16.519], [38.02, -16.507], [38.016, -16.506], [38.008, -16.498], [38.003, -16.5], [38.001, -16.499], [38.0, -16.492], [37.992, -16.486], [37.989, -16.485], [37.993, -16.474], [37.99, -16.468], [37.981, -16.458], [37.963, -16.455], [37.956, -16.458], [37.955, -16.442], [37.945, -16.439], [37.939, -16.431], [37.913, -16.438], [37.908, -16.41], [37.909, -16.399], [37.903, -16.38], [37.895, -16.372], [37.918, -16.324], [37.918, -16.317], [37.916, -16.31], [37.908, -16.298], [37.919, -16.292]]]]}}, {"type": "Feature", "properties": {"id": "Maganja da Costa", "name": "MaganjadaCosta", "desert": 0, "offices": 1}, "geometry": {"type": "MultiPolygon", "coordinates": [[[[37.365, -17.662], [37.365, -17.663], [37.365, -17.663], [37.365, -17.662]]], [[[37.365, -17.662], [37.365, -17.662], [37.365, -17.662], [37.365, -17.662], [37.365, -17.662]]], [[[37.366, -17.661], [37.366, -17.661], [37.366, -17.661], [37.366, -17.661]]], [[[37.589, -17.539], [37.591, -17.541], [37.589, -17.543], [37.587, -17.54], [37.588, -17.537], [37.589, -17.539]]], [[[37.605, -17.54], [37.603, -17.541], [37.601, -17.54], [37.602, -17.539], [37.605, -17.54]]], [[[37.592, -17.535], [37.593, -17.535], [37.593, -17.536], [37.591, -17.534], [37.592, -17.535]]], [[[37.699, -17.478], [37.704, -17.484], [37.702, -17.483], [37.702, -17.485], [37.699, -17.485], [37.701, -17.486], [37.699, -17.486], [37.7, -17.489], [37.697, -17.488], [37.695, -17.486], [37.692, -17.484], [37.691, -17.485], [37.69, -17.483], [37.697, -17.477], [37.699, -17.478]]], [[[37.689, -17.484], [37.689, -17.485], [37.688, -17.484], [37.688, -17.482], [37.69, -17.48], [37.689, -17.484]]], [[[37.59, -17.536], [37.589, -17.537], [37.587, -17.535], [37.59, -17.535], [37.59, -17.536]]], [[[37.58, -17.538], [37.58, -17.545], [37.572, -17.553], [37.562, -17.556], [37.561, -17.558], [37.533, -17.573], [37.529, -17.574], [37.468, -17.603], [37.438, -17.621], [37.433, -17.62], [37.425, -17.624], [37.42, -17.63], [37.366, -17.661], [37.368, -17.659], [37.364, -17.652], [37.366, -17.646], [37.363, -17.634], [37.358, -17.598], [37.373, -17.599], [37.344, -17.563], [37.338, -17.569], [37.333, -17.565], [37.336, -17.538], [37.307, -17.525], [37.299, -17.511], [37.306, -17.506], [37.304, -17.491], [37.277, -17.451], [37.256, -17.444], [37.238, -17.43], [37.224, -17.397], [37.178, -17.349], [37.129, -17.329], [37.122, -17.325], [37.083, -17.263], [37.073, -17.236], [37.068, -17.216], [37.068, -17.195], [37.081, -17.177], [37.084, -17.16], [37.097, -17.154], [37.113, -17.149], [37.125, -17.127], [37.143, -17.111], [37.154, -17.09], [37.156, -17.081], [37.162, -17.076], [37.174, -17.061], [37.201, -17.048], [37.208, -17.046], [37.226, -17.049], [37.243, -17.026], [37.256, -17.026], [37.267, -17.033], [37.277, -17.035], [37.285, -17.022], [37.289, -16.997], [37.296, -16.975], [37.321, -16.97], [37.382, -16.961], [37.386, -16.961], [37.394, -16.971], [37.395, -16.978], [37.401, -16.969], [37.415, -16.956], [37.421, -16.955], [37.43, -16.951], [37.46, -16.924], [37.456, -16.921], [37.456, -16.909], [37.452, -16.904], [37.445, -16.903], [37.445, -16.899], [37.46, -16.898], [37.457, -16.894], [37.468, -16.881], [37.471, -16.873], [37.478, -16.87], [37.476, -16.859], [37.482, -16.848], [37.483, -16.844], [37.488, -16.847], [37.491, -16.851], [37.496, -16.844], [37.496, -16.838], [37.489, -16.834], [37.484, -16.826], [37.492, -16.825], [37.497, -16.817], [37.492, -16.806], [37.491, -16.802], [37.495, -16.792], [37.506, -16.791], [37.51, -16.784], [37.508, -16.776], [37.521, -16.765], [37.515, -16.734], [37.501, -16.72], [37.505, -16.707], [37.502, -16.681], [37.484, -16.643], [37.484, -16.636], [37.475, -16.626], [37.464, -16.62], [37.467, -16.607], [37.493, -16.591], [37.536, -16.584], [37.538, -16.574], [37.552, -16.582], [37.56, -16.581], [37.575, -16.583], [37.593, -16.582], [37.62, -16.576], [37.622, -16.584], [37.636, -16.604], [37.654, -16.612], [37.666, -16.626], [37.668, -16.631], [37.672, -16.63], [37.677, -16.624], [37.682, -16.625], [37.697, -16.633], [37.714, -16.631], [37.716, -16.639], [37.724, -16.648], [37.738, -16.651], [37.737, -16.656], [37.742, -16.661], [37.751, -16.664], [37.754, -16.653], [37.752, -16.629], [37.75, -16.62], [37.755, -16.593], [37.759, -16.597], [37.765, -16.596], [37.773, -16.601], [37.779, -16.601], [37.779, -16.606], [37.783, -16.613], [37.79, -16.62], [37.79, -16.605], [37.785, -16.601], [37.782, -16.596], [37.783, -16.588], [37.789, -16.578], [37.796, -16.579], [37.819, -16.566], [37.832, -16.566], [37.842, -16.563], [37.846, -16.555], [37.852, -16.552], [37.868, -16.549], [37.9, -16.528], [37.902, -16.545], [37.916, -16.559], [37.92, -16.571], [37.917, -16.582], [37.918, -16.588], [37.927, -16.591], [37.924, -16.607], [37.919, -16.614], [37.921, -16.65], [37.943, -16.67], [37.959, -16.682], [37.986, -16.689], [37.995, -16.696], [37.986, -16.713], [37.993, -16.717], [37.991, -16.73], [37.983, -16.736], [37.978, -16.748], [37.984, -16.75], [37.986, -16.755], [37.991, -16.759], [37.991, -16.762], [37.985, -16.765], [37.985, -16.769], [37.989, -16.772], [37.997, -16.784], [37.996, -16.798], [38.002, -16.801], [38.004, -16.804], [37.999, -16.812], [37.993, -16.816], [37.989, -16.824], [37.993, -16.835], [37.99, -16.837], [37.987, -16.834], [37.988, -16.847], [37.991, -16.855], [37.997, -16.858], [37.998, -16.861], [37.997, -16.866], [37.999, -16.872], [37.994, -16.88], [38.002, -16.892], [37.999, -16.899], [38.003, -16.911], [38.004, -16.923], [38.008, -16.931], [38.016, -16.937], [38.012, -16.949], [37.999, -16.958], [37.997, -16.962], [37.998, -16.964], [38.003, -16.963], [38.016, -16.963], [38.028, -16.975], [38.041, -16.984], [38.034, -16.998], [38.051, -17.013], [38.052, -17.02], [38.067, -17.048], [38.059, -17.088], [38.071, -17.109], [38.069, -17.115], [38.053, -17.12], [38.068, -17.149], [38.075, -17.155], [38.07, -17.156], [38.065, -17.148], [38.06, -17.147], [38.051, -17.137], [38.053, -17.142], [38.059, -17.148], [38.063, -17.148], [38.066, -17.15], [38.069, -17.157], [38.077, -17.159], [38.074, -17.163], [38.068, -17.165], [38.066, -17.168], [38.066, -17.172], [38.072, -17.179], [38.072, -17.183], [38.069, -17.184], [38.067, -17.182], [38.063, -17.186], [38.064, -17.192], [38.073, -17.206], [38.07, -17.205], [38.067, -17.201], [38.065, -17.2], [38.063, -17.201], [38.066, -17.201], [38.082, -17.223], [38.112, -17.242], [38.117, -17.247], [38.119, -17.252], [38.118, -17.263], [38.11, -17.271], [38.109, -17.273], [38.107, -17.274], [38.108, -17.276], [38.101, -17.284], [38.084, -17.277], [38.081, -17.273], [38.085, -17.264], [38.092, -17.261], [38.094, -17.258], [38.083, -17.264], [38.08, -17.268], [38.079, -17.275], [38.072, -17.277], [38.067, -17.277], [38.063, -17.274], [38.062, -17.264], [38.06, -17.26], [38.049, -17.257], [38.044, -17.256], [38.043, -17.256], [38.059, -17.263], [38.06, -17.265], [38.058, -17.268], [38.059, -17.275], [38.063, -17.28], [38.067, -17.281], [38.083, -17.281], [38.101, -17.293], [38.085, -17.291], [38.081, -17.293], [38.094, -17.295], [38.111, -17.293], [38.113, -17.294], [38.113, -17.297], [38.108, -17.302], [38.087, -17.312], [38.085, -17.316], [38.087, -17.319], [38.086, -17.323], [38.079, -17.324], [38.075, -17.32], [38.06, -17.323], [38.054, -17.323], [38.05, -17.321], [38.05, -17.315], [38.041, -17.305], [38.028, -17.299], [38.032, -17.285], [38.026, -17.296], [38.025, -17.296], [38.018, -17.29], [38.013, -17.278], [38.015, -17.27], [38.029, -17.257], [38.031, -17.254], [38.029, -17.245], [38.035, -17.24], [38.035, -17.239], [38.029, -17.244], [38.029, -17.253], [38.027, -17.257], [38.01, -17.272], [38.01, -17.278], [38.013, -17.285], [38.012, -17.288], [38.009, -17.288], [38.005, -17.283], [38.001, -17.281], [37.992, -17.283], [37.986, -17.28], [37.978, -17.263], [37.962, -17.253], [37.964, -17.257], [37.971, -17.261], [37.978, -17.268], [37.984, -17.282], [37.991, -17.285], [38.0, -17.284], [38.02, -17.301], [38.038, -17.311], [38.046, -17.322], [38.048, -17.328], [38.013, -17.338], [38.007, -17.337], [38.006, -17.34], [38.002, -17.341], [37.964, -17.355], [37.905, -17.382], [37.848, -17.405], [37.793, -17.433], [37.758, -17.455], [37.712, -17.479], [37.708, -17.479], [37.704, -17.478], [37.696, -17.472], [37.689, -17.473], [37.685, -17.479], [37.684, -17.491], [37.676, -17.498], [37.642, -17.514], [37.623, -17.525], [37.608, -17.537], [37.603, -17.538], [37.596, -17.535], [37.593, -17.531], [37.588, -17.529], [37.582, -17.532], [37.58, -17.538]]]]}}, {"type": "Feature", "properties": {"id": "Milange", "name": "Milange", "desert": 0, "offices": 2}, "geometry": {"type": "MultiPolygon", "coordinates": [[[[35.922, -16.52], [35.878, -16.532], [35.853, -16.492], [35.83, -16.524], [35.835, -16.531], [35.833, -16.533], [35.83, -16.538], [35.819, -16.544], [35.81, -16.553], [35.66, -16.576], [35.661, -16.591], [35.648, -16.616], [35.639, -16.622], [35.632, -16.636], [35.612, -16.65], [35.605, -16.65], [35.611, -16.628], [35.589, -16.589], [35.572, -16.547], [35.567, -16.539], [35.524, -16.507], [35.495, -16.537], [35.489, -16.546], [35.485, -16.547], [35.417, -16.453], [35.334, -16.359], [35.325, -16.353], [35.313, -16.356], [35.296, -16.357], [35.298, -16.349], [35.296, -16.345], [35.287, -16.34], [35.278, -16.321], [35.292, -16.286], [35.295, -16.283], [35.294, -16.276], [35.298, -16.265], [35.293, -16.251], [35.294, -16.236], [35.297, -16.23], [35.306, -16.224], [35.308, -16.212], [35.312, -16.209], [35.32, -16.203], [35.323, -16.199], [35.332, -16.195], [35.335, -16.19], [35.34, -16.191], [35.343, -16.189], [35.345, -16.186], [35.347, -16.184], [35.35, -16.177], [35.374, -16.155], [35.384, -16.154], [35.388, -16.152], [35.402, -16.133], [35.402, -16.129], [35.405, -16.124], [35.414, -16.12], [35.42, -16.119], [35.421, -16.117], [35.427, -16.116], [35.43, -16.112], [35.449, -16.113], [35.451, -16.116], [35.465, -16.121], [35.473, -16.121], [35.479, -16.118], [35.485, -16.12], [35.486, -16.121], [35.485, -16.127], [35.488, -16.131], [35.486, -16.137], [35.489, -16.142], [35.492, -16.141], [35.499, -16.145], [35.503, -16.153], [35.506, -16.155], [35.513, -16.154], [35.518, -16.156], [35.52, -16.159], [35.519, -16.166], [35.525, -16.167], [35.529, -16.162], [35.541, -16.161], [35.546, -16.153], [35.542, -16.144], [35.544, -16.139], [35.543, -16.136], [35.553, -16.133], [35.556, -16.125], [35.555, -16.122], [35.557, -16.12], [35.559, -16.12], [35.564, -16.129], [35.57, -16.132], [35.571, -16.13], [35.569, -16.125], [35.575, -16.126], [35.579, -16.123], [35.584, -16.13], [35.593, -16.132], [35.596, -16.128], [35.603, -16.127], [35.606, -16.124], [35.618, -16.125], [35.621, -16.121], [35.625, -16.121], [35.63, -16.113], [35.66, -16.102], [35.672, -16.094], [35.675, -16.099], [35.677, -16.097], [35.678, -16.095], [35.684, -16.099], [35.68, -16.102], [35.682, -16.104], [35.684, -16.104], [35.686, -16.1], [35.691, -16.101], [35.696, -16.099], [35.707, -16.1], [35.709, -16.099], [35.711, -16.091], [35.719, -16.09], [35.721, -16.086], [35.733, -16.082], [35.738, -16.077], [35.745, -16.073], [35.76, -16.072], [35.767, -16.067], [35.768, -16.058], [35.779, -16.05], [35.814, -16.031], [35.819, -16.024], [35.82, -16.014], [35.818, -16.008], [35.819, -16.006], [35.816, -15.995], [35.811, -15.994], [35.806, -15.99], [35.806, -15.982], [35.804, -15.981], [35.803, -15.976], [35.804, -15.946], [35.811, -15.929], [35.813, -15.932], [35.828, -15.697], [35.832, -15.675], [35.836, -15.633], [35.838, -15.588], [35.851, -15.444], [36.085, -15.446], [36.113, -15.428], [36.124, -15.426], [36.14, -15.435], [36.178, -15.45], [36.186, -15.45], [36.236, -15.468], [36.283, -15.466], [36.285, -15.462], [36.288, -15.449], [36.27, -15.43], [36.268, -15.4], [36.284, -15.387], [36.315, -15.353], [36.322, -15.339], [36.336, -15.321], [36.347, -15.311], [36.358, -15.289], [36.44, -15.268], [36.448, -15.269], [36.457, -15.268], [36.469, -15.258], [36.481, -15.266], [36.482, -15.276], [36.473, -15.294], [36.467, -15.293], [36.463, -15.301], [36.465, -15.318], [36.462, -15.333], [36.468, -15.346], [36.474, -15.377], [36.483, -15.389], [36.504, -15.394], [36.514, -15.402], [36.522, -15.405], [36.553, -15.495], [36.54, -15.51], [36.535, -15.524], [36.544, -15.551], [36.549, -15.569], [36.56, -15.593], [36.558, -15.6], [36.563, -15.607], [36.582, -15.616], [36.593, -15.623], [36.598, -15.624], [36.597, -15.631], [36.591, -15.634], [36.585, -15.639], [36.578, -15.641], [36.542, -15.697], [36.514, -15.727], [36.511, -15.736], [36.511, -15.765], [36.517, -15.784], [36.514, -15.809], [36.515, -15.815], [36.519, -15.828], [36.488, -15.829], [36.485, -15.833], [36.485, -15.852], [36.491, -15.859], [36.503, -15.884], [36.497, -15.886], [36.479, -15.888], [36.44, -15.871], [36.413, -15.872], [36.407, -15.869], [36.403, -15.861], [36.356, -15.831], [36.341, -15.824], [36.333, -15.842], [36.313, -15.86], [36.294, -15.888], [36.272, -15.912], [36.26, -15.938], [36.251, -15.944], [36.248, -15.953], [36.248, -15.971], [36.241, -15.998], [36.244, -16.012], [36.232, -16.026], [36.228, -16.037], [36.202, -16.049], [36.193, -16.049], [36.177, -16.058], [36.17, -16.072], [36.159, -16.076], [36.146, -16.087], [36.151, -16.097], [36.213, -16.158], [36.197, -16.165], [36.19, -16.179], [36.197, -16.195], [36.195, -16.2], [36.206, -16.21], [36.209, -16.227], [36.213, -16.239], [36.222, -16.246], [36.227, -16.265], [36.24, -16.29], [36.316, -16.353], [36.332, -16.369], [36.322, -16.369], [36.304, -16.376], [36.305, -16.377], [36.301, -16.379], [36.296, -16.379], [36.291, -16.384], [36.29, -16.392], [36.284, -16.402], [36.276, -16.404], [36.267, -16.409], [36.258, -16.418], [36.254, -16.443], [36.268, -16.456], [36.279, -16.46], [36.302, -16.463], [36.331, -16.47], [36.331, -16.478], [36.321, -16.482], [36.311, -16.491], [36.304, -16.49], [36.279, -16.497], [36.26, -16.494], [36.25, -16.498], [36.236, -16.497], [36.18, -16.514], [36.172, -16.521], [36.16, -16.524], [36.15, -16.535], [36.13, -16.567], [36.074, -16.591], [36.061, -16.594], [36.022, -16.616], [35.999, -16.626], [35.991, -16.633], [35.982, -16.647], [35.975, -16.651], [35.965, -16.644], [35.965, -16.64], [35.96, -16.634], [35.956, -16.623], [35.956, -16.601], [35.952, -16.582], [35.947, -16.572], [35.954, -16.563], [35.952, -16.555], [35.943, -16.534], [35.933, -16.522], [35.927, -16.518], [35.922, -16.52]]]]}}, {"type": "Feature", "properties": {"id": "Mocuba", "name": "Mocuba", "desert": 0, "offices": 6}, "geometry": {"type": "MultiPolygon", "coordinates": [[[[36.849, -16.704], [36.888, -16.701], [36.9, -16.707], [36.919, -16.723], [36.926, -16.731], [36.926, -16.735], [36.923, -16.747], [36.916, -16.764], [36.941, -16.769], [36.953, -16.781], [36.958, -16.788], [36.961, -16.799], [36.961, -16.813], [36.963, -16.818], [36.971, -16.827], [36.979, -16.828], [36.981, -16.822], [36.979, -16.818], [36.979, -16.809], [36.991, -16.792], [36.994, -16.777], [37.008, -16.77], [37.01, -16.766], [37.016, -16.749], [37.015, -16.718], [37.013, -16.71], [36.999, -16.697], [36.996, -16.692], [36.993, -16.68], [36.997, -16.66], [37.004, -16.648], [37.027, -16.625], [37.041, -16.621], [37.056, -16.606], [37.072, -16.587], [37.089, -16.573], [37.108, -16.566], [37.121, -16.558], [37.123, -16.552], [37.137, -16.53], [37.14, -16.515], [37.151, -16.503], [37.146, -16.485], [37.134, -16.483], [37.099, -16.457], [37.094, -16.447], [37.094, -16.438], [37.096, -16.427], [37.112, -16.412], [37.118, -16.402], [37.122, -16.393], [37.132, -16.358], [37.136, -16.36], [37.144, -16.353], [37.18, -16.337], [37.188, -16.336], [37.192, -16.339], [37.196, -16.332], [37.214, -16.332], [37.221, -16.318], [37.231, -16.315], [37.248, -16.298], [37.266, -16.31], [37.277, -16.315], [37.289, -16.326], [37.29, -16.34], [37.297, -16.354], [37.297, -16.362], [37.287, -16.373], [37.3, -16.401], [37.307, -16.408], [37.315, -16.412], [37.316, -16.426], [37.33, -16.423], [37.378, -16.436], [37.39, -16.469], [37.4, -16.48], [37.422, -16.486], [37.468, -16.518], [37.466, -16.529], [37.466, -16.55], [37.467, -16.562], [37.471, -16.574], [37.493, -16.591], [37.467, -16.607], [37.464, -16.62], [37.475, -16.626], [37.484, -16.636], [37.484, -16.643], [37.498, -16.672], [37.502, -16.681], [37.505, -16.707], [37.501, -16.72], [37.515, -16.734], [37.521, -16.765], [37.508, -16.776], [37.51, -16.784], [37.506, -16.791], [37.495, -16.792], [37.491, -16.802], [37.492, -16.806], [37.497, -16.817], [37.492, -16.825], [37.484, -16.826], [37.489, -16.834], [37.496, -16.838], [37.496, -16.844], [37.491, -16.851], [37.488, -16.847], [37.483, -16.844], [37.482, -16.848], [37.476, -16.859], [37.478, -16.87], [37.471, -16.873], [37.468, -16.881], [37.457, -16.894], [37.46, -16.898], [37.445, -16.899], [37.445, -16.903], [37.452, -16.904], [37.456, -16.909], [37.456, -16.921], [37.46, -16.924], [37.43, -16.951], [37.421, -16.955], [37.415, -16.956], [37.401, -16.969], [37.395, -16.978], [37.394, -16.971], [37.386, -16.961], [37.382, -16.961], [37.321, -16.97], [37.296, -16.975], [37.289, -16.997], [37.285, -17.022], [37.277, -17.035], [37.267, -17.033], [37.256, -17.026], [37.243, -17.026], [37.226, -17.049], [37.208, -17.046], [37.201, -17.048], [37.174, -17.061], [37.162, -17.076], [37.156, -17.081], [37.154, -17.09], [37.143, -17.111], [37.125, -17.127], [37.113, -17.149], [37.097, -17.154], [37.084, -17.16], [37.081, -17.177], [37.068, -17.195], [37.068, -17.216], [37.055, -17.219], [37.049, -17.197], [37.035, -17.189], [37.024, -17.186], [37.018, -17.185], [37.012, -17.19], [37.001, -17.207], [36.992, -17.196], [36.986, -17.193], [36.97, -17.198], [36.964, -17.198], [36.96, -17.193], [36.928, -17.235], [36.93, -17.247], [36.935, -17.256], [36.938, -17.271], [36.933, -17.303], [36.929, -17.315], [36.924, -17.32], [36.831, -17.302], [36.839, -17.33], [36.834, -17.332], [36.83, -17.339], [36.829, -17.346], [36.833, -17.357], [36.836, -17.361], [36.823, -17.371], [36.794, -17.404], [36.784, -17.399], [36.779, -17.399], [36.776, -17.397], [36.76, -17.385], [36.751, -17.375], [36.743, -17.37], [36.685, -17.372], [36.603, -17.327], [36.598, -17.319], [36.602, -17.307], [36.609, -17.298], [36.605, -17.285], [36.605, -17.278], [36.62, -17.25], [36.622, -17.239], [36.62, -17.237], [36.587, -17.223], [36.576, -17.212], [36.554, -17.194], [36.544, -17.179], [36.463, -17.169], [36.451, -17.203], [36.434, -17.194], [36.434, -17.172], [36.41, -17.123], [36.413, -17.112], [36.394, -17.084], [36.388, -17.059], [36.362, -17.033], [36.359, -17.011], [36.346, -17.004], [36.341, -17.006], [36.335, -16.999], [36.329, -16.967], [36.317, -16.948], [36.315, -16.931], [36.306, -16.923], [36.3, -16.925], [36.294, -16.914], [36.283, -16.909], [36.286, -16.888], [36.284, -16.873], [36.286, -16.864], [36.266, -16.831], [36.266, -16.827], [36.279, -16.818], [36.274, -16.795], [36.27, -16.79], [36.265, -16.778], [36.246, -16.77], [36.244, -16.765], [36.248, -16.755], [36.253, -16.749], [36.251, -16.746], [36.257, -16.746], [36.255, -16.745], [36.255, -16.736], [36.258, -16.73], [36.255, -16.726], [36.26, -16.706], [36.258, -16.702], [36.26, -16.68], [36.266, -16.676], [36.282, -16.656], [36.283, -16.652], [36.279, -16.641], [36.271, -16.627], [36.25, -16.607], [36.233, -16.589], [36.227, -16.586], [36.197, -16.571], [36.185, -16.572], [36.167, -16.571], [36.139, -16.573], [36.127, -16.568], [36.134, -16.562], [36.136, -16.555], [36.155, -16.529], [36.16, -16.524], [36.172, -16.521], [36.18, -16.514], [36.236, -16.497], [36.25, -16.498], [36.26, -16.494], [36.279, -16.497], [36.304, -16.49], [36.311, -16.491], [36.321, -16.482], [36.331, -16.478], [36.335, -16.484], [36.351, -16.488], [36.356, -16.504], [36.372, -16.505], [36.384, -16.517], [36.391, -16.515], [36.393, -16.523], [36.397, -16.526], [36.402, -16.523], [36.415, -16.528], [36.43, -16.54], [36.436, -16.546], [36.442, -16.549], [36.483, -16.557], [36.487, -16.557], [36.503, -16.55], [36.505, -16.562], [36.539, -16.563], [36.546, -16.565], [36.552, -16.57], [36.56, -16.568], [36.569, -16.56], [36.581, -16.567], [36.605, -16.572], [36.614, -16.578], [36.634, -16.601], [36.654, -16.611], [36.667, -16.614], [36.677, -16.62], [36.675, -16.623], [36.676, -16.625], [36.683, -16.632], [36.697, -16.633], [36.703, -16.635], [36.706, -16.644], [36.721, -16.655], [36.731, -16.654], [36.738, -16.652], [36.749, -16.654], [36.756, -16.662], [36.758, -16.671], [36.761, -16.678], [36.799, -16.69], [36.83, -16.688], [36.849, -16.704]]]]}}, {"type": "Feature", "properties": {"id": "Mopeia", "name": "Mopeia", "desert": 0, "offices": 1}, "geometry": {"type": "MultiPolygon", "coordinates": [[[[35.461, -17.902], [35.447, -17.874], [35.42, -17.836], [35.39, -17.802], [35.365, -17.758], [35.368, -17.74], [35.367, -17.733], [35.362, -17.724], [35.336, -17.691], [35.318, -17.691], [35.315, -17.686], [35.318, -17.68], [35.33, -17.68], [35.336, -17.677], [35.336, -17.669], [35.322, -17.626], [35.323, -17.597], [35.374, -17.598], [35.384, -17.597], [35.395, -17.601], [35.41, -17.599], [35.442, -17.6], [35.469, -17.608], [35.479, -17.619], [35.488, -17.641], [35.517, -17.657], [35.551, -17.653], [35.618, -17.652], [35.805, -17.643], [35.821, -17.639], [35.812, -17.625], [35.819, -17.622], [35.817, -17.61], [35.797, -17.566], [35.788, -17.538], [35.789, -17.524], [35.788, -17.514], [35.795, -17.509], [35.898, -17.501], [35.918, -17.503], [35.942, -17.512], [35.953, -17.513], [35.989, -17.501], [35.98, -17.491], [35.99, -17.499], [36.011, -17.498], [36.105, -17.502], [36.375, -17.509], [36.391, -17.517], [36.401, -17.53], [36.416, -17.559], [36.431, -17.584], [36.443, -17.586], [36.452, -17.592], [36.467, -17.606], [36.485, -17.614], [36.493, -17.622], [36.513, -17.656], [36.549, -17.675], [36.558, -17.675], [36.567, -17.683], [36.599, -17.696], [36.605, -17.707], [36.614, -17.708], [36.623, -17.707], [36.636, -17.701], [36.639, -17.706], [36.636, -17.72], [36.637, -17.741], [36.644, -17.758], [36.657, -17.759], [36.656, -17.948], [36.682, -18.068], [36.693, -18.066], [36.691, -18.083], [36.694, -18.091], [36.717, -18.087], [36.716, -18.102], [36.704, -18.109], [36.687, -18.131], [36.677, -18.135], [36.666, -18.147], [36.657, -18.152], [36.65, -18.161], [36.657, -18.164], [36.669, -18.16], [36.664, -18.176], [36.656, -18.185], [36.647, -18.192], [36.641, -18.213], [36.638, -18.172], [36.629, -18.157], [36.638, -18.123], [36.615, -18.099], [36.58, -18.108], [36.561, -18.1], [36.537, -18.098], [36.546, -18.074], [36.539, -18.07], [36.53, -18.05], [36.5, -18.053], [36.476, -18.052], [36.455, -18.035], [36.448, -18.033], [36.443, -18.038], [36.413, -18.05], [36.409, -18.064], [36.391, -18.073], [36.377, -18.071], [36.368, -18.075], [36.354, -18.103], [36.341, -18.102], [36.328, -18.096], [36.319, -18.099], [36.303, -18.086], [36.302, -18.117], [36.311, -18.123], [36.318, -18.139], [36.307, -18.147], [36.282, -18.143], [36.278, -18.152], [36.239, -18.192], [36.234, -18.192], [36.235, -18.195], [36.203, -18.226], [36.186, -18.222], [36.172, -18.222], [36.148, -18.208], [36.139, -18.2], [36.119, -18.173], [36.11, -18.166], [36.081, -18.162], [36.053, -18.154], [36.04, -18.155], [36.023, -18.151], [36.012, -18.137], [35.995, -18.104], [35.984, -18.109], [35.977, -18.11], [35.968, -18.121], [35.959, -18.118], [35.958, -18.114], [35.955, -18.111], [35.944, -18.109], [35.933, -18.105], [35.92, -18.103], [35.89, -18.106], [35.887, -18.102], [35.873, -18.103], [35.865, -18.106], [35.837, -18.122], [35.828, -18.11], [35.816, -18.104], [35.794, -18.098], [35.781, -18.091], [35.755, -18.075], [35.73, -18.064], [35.705, -18.048], [35.691, -18.042], [35.677, -18.034], [35.584, -18.018], [35.575, -18.015], [35.566, -18.01], [35.56, -18.004], [35.556, -17.996], [35.537, -17.991], [35.521, -17.984], [35.511, -17.966], [35.503, -17.958], [35.491, -17.949], [35.477, -17.93], [35.461, -17.902]]]]}}, {"type": "Feature", "properties": {"id": "Morrumbala", "name": "Morrumbala", "desert": 0, "offices": 1}, "geometry": {"type": "MultiPolygon", "coordinates": [[[[35.297, -17.126], [35.299, -17.124], [35.307, -17.124], [35.31, -17.121], [35.306, -17.116], [35.306, -17.103], [35.303, -17.096], [35.308, -17.078], [35.306, -17.067], [35.313, -17.06], [35.309, -17.058], [35.297, -17.061], [35.295, -17.054], [35.297, -17.051], [35.296, -17.038], [35.293, -17.032], [35.295, -17.022], [35.294, -17.011], [35.296, -17.002], [35.305, -16.982], [35.302, -16.981], [35.298, -16.973], [35.297, -16.962], [35.283, -16.965], [35.278, -16.96], [35.27, -16.959], [35.27, -16.954], [35.274, -16.95], [35.273, -16.948], [35.265, -16.945], [35.264, -16.942], [35.265, -16.936], [35.27, -16.936], [35.271, -16.933], [35.268, -16.929], [35.268, -16.927], [35.273, -16.924], [35.274, -16.914], [35.285, -16.899], [35.285, -16.898], [35.278, -16.894], [35.273, -16.894], [35.273, -16.891], [35.283, -16.885], [35.286, -16.874], [35.295, -16.868], [35.304, -16.855], [35.306, -16.851], [35.305, -16.843], [35.31, -16.837], [35.312, -16.828], [35.306, -16.817], [35.306, -16.806], [35.294, -16.795], [35.292, -16.785], [35.295, -16.773], [35.289, -16.759], [35.283, -16.75], [35.286, -16.742], [35.294, -16.736], [35.285, -16.735], [35.282, -16.733], [35.285, -16.715], [35.279, -16.706], [35.261, -16.692], [35.255, -16.68], [35.242, -16.681], [35.245, -16.675], [35.236, -16.669], [35.232, -16.662], [35.229, -16.652], [35.225, -16.651], [35.221, -16.653], [35.215, -16.653], [35.208, -16.636], [35.198, -16.635], [35.187, -16.625], [35.183, -16.625], [35.179, -16.621], [35.17, -16.62], [35.168, -16.616], [35.172, -16.606], [35.17, -16.605], [35.161, -16.607], [35.159, -16.605], [35.157, -16.6], [35.155, -16.597], [35.154, -16.586], [35.147, -16.569], [35.148, -16.563], [35.145, -16.561], [35.145, -16.556], [35.151, -16.552], [35.16, -16.55], [35.163, -16.546], [35.177, -16.538], [35.178, -16.535], [35.177, -16.526], [35.187, -16.517], [35.199, -16.515], [35.206, -16.516], [35.21, -16.514], [35.205, -16.508], [35.212, -16.5], [35.215, -16.495], [35.219, -16.493], [35.244, -16.49], [35.25, -16.487], [35.256, -16.48], [35.262, -16.47], [35.264, -16.459], [35.262, -16.444], [35.265, -16.433], [35.262, -16.407], [35.264, -16.405], [35.262, -16.402], [35.265, -16.392], [35.275, -16.378], [35.288, -16.367], [35.296, -16.357], [35.313, -16.356], [35.325, -16.353], [35.334, -16.359], [35.417, -16.453], [35.485, -16.547], [35.489, -16.546], [35.495, -16.537], [35.524, -16.507], [35.567, -16.539], [35.572, -16.547], [35.589, -16.589], [35.611, -16.628], [35.605, -16.65], [35.608, -16.651], [35.612, -16.65], [35.632, -16.636], [35.639, -16.622], [35.648, -16.616], [35.661, -16.591], [35.66, -16.576], [35.81, -16.553], [35.819, -16.544], [35.83, -16.538], [35.833, -16.533], [35.835, -16.531], [35.83, -16.524], [35.853, -16.492], [35.878, -16.532], [35.927, -16.518], [35.933, -16.522], [35.938, -16.527], [35.952, -16.555], [35.954, -16.563], [35.947, -16.572], [35.952, -16.582], [35.956, -16.601], [35.956, -16.623], [35.96, -16.634], [35.965, -16.64], [35.965, -16.644], [35.975, -16.651], [35.982, -16.647], [35.991, -16.633], [35.999, -16.626], [36.022, -16.616], [36.061, -16.594], [36.074, -16.591], [36.127, -16.568], [36.139, -16.573], [36.167, -16.571], [36.185, -16.572], [36.197, -16.571], [36.233, -16.589], [36.25, -16.607], [36.271, -16.627], [36.282, -16.647], [36.283, -16.655], [36.279, -16.661], [36.266, -16.676], [36.26, -16.68], [36.258, -16.702], [36.26, -16.706], [36.255, -16.726], [36.258, -16.73], [36.255, -16.736], [36.255, -16.745], [36.257, -16.746], [36.251, -16.746], [36.253, -16.749], [36.248, -16.755], [36.244, -16.765], [36.246, -16.77], [36.265, -16.778], [36.27, -16.79], [36.274, -16.795], [36.279, -16.818], [36.266, -16.827], [36.266, -16.831], [36.286, -16.864], [36.284, -16.873], [36.286, -16.888], [36.283, -16.909], [36.294, -16.914], [36.3, -16.925], [36.306, -16.923], [36.315, -16.931], [36.317, -16.948], [36.329, -16.967], [36.335, -16.999], [36.341, -17.006], [36.346, -17.004], [36.359, -17.011], [36.362, -17.033], [36.388, -17.059], [36.394, -17.084], [36.413, -17.112], [36.41, -17.123], [36.434, -17.172], [36.434, -17.194], [36.451, -17.203], [36.444, -17.215], [36.432, -17.273], [36.404, -17.291], [36.362, -17.338], [36.404, -17.365], [36.439, -17.415], [36.442, -17.425], [36.461, -17.454], [36.461, -17.457], [36.404, -17.535], [36.406, -17.537], [36.391, -17.517], [36.375, -17.509], [36.105, -17.502], [36.011, -17.498], [35.99, -17.499], [35.98, -17.491], [35.989, -17.501], [35.953, -17.513], [35.942, -17.512], [35.918, -17.503], [35.898, -17.501], [35.795, -17.509], [35.788, -17.514], [35.789, -17.524], [35.788, -17.538], [35.797, -17.566], [35.817, -17.61], [35.819, -17.622], [35.812, -17.625], [35.821, -17.639], [35.805, -17.643], [35.618, -17.652], [35.551, -17.653], [35.517, -17.657], [35.488, -17.641], [35.479, -17.619], [35.469, -17.608], [35.442, -17.6], [35.41, -17.599], [35.395, -17.601], [35.384, -17.597], [35.374, -17.598], [35.323, -17.597], [35.32, -17.587], [35.327, -17.578], [35.331, -17.566], [35.331, -17.549], [35.333, -17.544], [35.335, -17.528], [35.34, -17.517], [35.343, -17.494], [35.334, -17.48], [35.336, -17.471], [35.334, -17.451], [35.338, -17.443], [35.326, -17.422], [35.319, -17.333], [35.333, -17.331], [35.325, -17.316], [35.322, -17.299], [35.306, -17.273], [35.295, -17.268], [35.299, -17.25], [35.296, -17.241], [35.303, -17.238], [35.305, -17.219], [35.312, -17.208], [35.308, -17.201], [35.308, -17.195], [35.301, -17.188], [35.295, -17.17], [35.301, -17.165], [35.303, -17.148], [35.304, -17.141], [35.296, -17.141], [35.291, -17.138], [35.294, -17.126], [35.297, -17.126]]]]}}, {"type": "Feature", "properties": {"id": "Namacurra", "name": "Namacurra", "desert": 0, "offices": 1}, "geometry": {"type": "MultiPolygon", "coordinates": [[[[37.337, -17.675], [37.337, -17.677], [37.334, -17.676], [37.334, -17.675], [37.337, -17.675]]], [[[37.337, -17.672], [37.338, -17.673], [37.336, -17.672], [37.336, -17.672], [37.337, -17.672]]], [[[37.331, -17.675], [37.331, -17.677], [37.33, -17.678], [37.329, -17.676], [37.331, -17.675]]], [[[37.364, -17.663], [37.348, -17.672], [37.345, -17.671], [37.346, -17.67], [37.341, -17.665], [37.329, -17.673], [37.328, -17.677], [37.329, -17.681], [37.327, -17.685], [37.313, -17.692], [37.3, -17.689], [37.296, -17.68], [37.296, -17.678], [37.299, -17.677], [37.301, -17.673], [37.303, -17.672], [37.306, -17.669], [37.312, -17.668], [37.307, -17.666], [37.3, -17.672], [37.298, -17.675], [37.294, -17.678], [37.296, -17.685], [37.29, -17.691], [37.288, -17.699], [37.277, -17.7], [37.275, -17.703], [37.275, -17.706], [37.278, -17.702], [37.289, -17.7], [37.296, -17.693], [37.297, -17.696], [37.295, -17.7], [37.253, -17.729], [37.233, -17.746], [37.22, -17.76], [37.213, -17.763], [37.208, -17.762], [37.206, -17.752], [37.2, -17.74], [37.19, -17.728], [37.19, -17.725], [37.188, -17.723], [37.188, -17.714], [37.184, -17.706], [37.151, -17.692], [37.148, -17.682], [37.16, -17.678], [37.16, -17.674], [37.141, -17.667], [37.145, -17.66], [37.142, -17.649], [37.117, -17.662], [37.112, -17.673], [37.093, -17.677], [37.099, -17.668], [37.094, -17.665], [37.084, -17.665], [37.079, -17.662], [37.059, -17.671], [37.05, -17.681], [37.042, -17.684], [37.039, -17.67], [37.047, -17.66], [37.042, -17.656], [37.024, -17.65], [37.026, -17.646], [37.027, -17.626], [37.018, -17.625], [37.004, -17.628], [37.0, -17.627], [36.989, -17.636], [36.976, -17.63], [36.971, -17.618], [36.963, -17.617], [36.94, -17.624], [36.923, -17.61], [36.915, -17.589], [36.905, -17.585], [36.895, -17.575], [36.891, -17.565], [36.891, -17.554], [36.881, -17.545], [36.871, -17.543], [36.867, -17.533], [36.86, -17.525], [36.857, -17.514], [36.839, -17.494], [36.815, -17.492], [36.795, -17.465], [36.793, -17.438], [36.798, -17.426], [36.799, -17.42], [36.794, -17.404], [36.823, -17.371], [36.831, -17.366], [36.836, -17.36], [36.833, -17.357], [36.829, -17.346], [36.83, -17.339], [36.834, -17.332], [36.839, -17.33], [36.831, -17.302], [36.924, -17.32], [36.929, -17.315], [36.933, -17.303], [36.938, -17.271], [36.935, -17.256], [36.93, -17.247], [36.928, -17.235], [36.96, -17.193], [36.964, -17.198], [36.97, -17.198], [36.986, -17.193], [36.992, -17.196], [37.001, -17.207], [37.012, -17.19], [37.018, -17.185], [37.035, -17.189], [37.049, -17.197], [37.055, -17.219], [37.068, -17.216], [37.073, -17.236], [37.083, -17.263], [37.122, -17.325], [37.129, -17.329], [37.178, -17.349], [37.224, -17.397], [37.238, -17.43], [37.256, -17.444], [37.277, -17.451], [37.298, -17.481], [37.304, -17.491], [37.306, -17.506], [37.299, -17.511], [37.307, -17.525], [37.336, -17.538], [37.333, -17.565], [37.338, -17.569], [37.344, -17.563], [37.373, -17.599], [37.358, -17.598], [37.363, -17.634], [37.366, -17.646], [37.364, -17.652], [37.368, -17.659], [37.364, -17.663]]]]}}, {"type": "Feature", "properties": {"id": "Namarroi", "name": "Namarroi", "desert": 1, "offices": 0}, "geometry": {"type": "MultiPolygon", "coordinates": [[[[36.928, -15.786], [37.036, -15.841], [37.053, -15.894], [37.081, -15.918], [37.11, -15.967], [37.104, -15.98], [37.104, -15.999], [37.097, -16.012], [37.098, -16.023], [37.11, -16.035], [37.112, -16.055], [37.108, -16.096], [37.101, -16.12], [37.105, -16.134], [37.114, -16.156], [37.126, -16.177], [37.128, -16.189], [37.119, -16.203], [37.114, -16.209], [37.109, -16.211], [37.079, -16.254], [37.079, -16.245], [37.073, -16.229], [37.072, -16.22], [37.065, -16.216], [37.045, -16.22], [37.041, -16.219], [37.035, -16.2], [37.027, -16.198], [37.019, -16.2], [37.015, -16.196], [37.016, -16.188], [37.012, -16.183], [37.007, -16.171], [37.002, -16.167], [36.982, -16.157], [36.967, -16.16], [36.959, -16.154], [36.96, -16.142], [36.956, -16.136], [36.933, -16.136], [36.927, -16.14], [36.918, -16.133], [36.909, -16.131], [36.897, -16.134], [36.882, -16.142], [36.871, -16.144], [36.865, -16.141], [36.862, -16.129], [36.852, -16.125], [36.839, -16.13], [36.82, -16.126], [36.808, -16.095], [36.807, -16.083], [36.801, -16.081], [36.797, -16.065], [36.79, -16.063], [36.78, -16.064], [36.773, -16.035], [36.773, -16.022], [36.77, -16.019], [36.746, -16.02], [36.738, -16.019], [36.74, -16.007], [36.738, -16.004], [36.729, -15.997], [36.718, -15.998], [36.709, -16.005], [36.702, -15.999], [36.698, -16.0], [36.687, -16.008], [36.674, -16.01], [36.664, -16.019], [36.654, -16.019], [36.628, -16.014], [36.622, -16.007], [36.617, -16.005], [36.606, -16.008], [36.598, -16.003], [36.593, -16.004], [36.588, -16.002], [36.589, -15.993], [36.586, -15.99], [36.572, -15.994], [36.568, -15.979], [36.553, -15.951], [36.54, -15.915], [36.54, -15.901], [36.537, -15.899], [36.522, -15.897], [36.518, -15.894], [36.518, -15.885], [36.507, -15.881], [36.501, -15.881], [36.491, -15.859], [36.485, -15.852], [36.485, -15.833], [36.488, -15.829], [36.519, -15.828], [36.515, -15.815], [36.514, -15.809], [36.517, -15.784], [36.511, -15.765], [36.511, -15.736], [36.514, -15.727], [36.542, -15.697], [36.578, -15.641], [36.585, -15.639], [36.591, -15.634], [36.597, -15.631], [36.598, -15.624], [36.593, -15.623], [36.582, -15.616], [36.563, -15.607], [36.558, -15.6], [36.56, -15.593], [36.549, -15.569], [36.544, -15.551], [36.535, -15.524], [36.54, -15.51], [36.555, -15.517], [36.562, -15.522], [36.563, -15.534], [36.567, -15.537], [36.596, -15.534], [36.601, -15.539], [36.604, -15.55], [36.616, -15.571], [36.658, -15.583], [36.666, -15.588], [36.668, -15.586], [36.672, -15.566], [36.674, -15.565], [36.671, -15.546], [36.668, -15.541], [36.669, -15.533], [36.675, -15.527], [36.675, -15.521], [36.696, -15.5], [36.71, -15.481], [36.745, -15.489], [36.793, -15.531], [36.806, -15.587], [36.859, -15.593], [36.895, -15.584], [36.915, -15.582], [36.911, -15.586], [36.91, -15.595], [36.919, -15.604], [36.928, -15.605], [36.932, -15.608], [36.938, -15.61], [36.941, -15.624], [36.947, -15.626], [36.927, -15.644], [36.942, -15.678], [36.943, -15.71], [36.933, -15.733], [36.926, -15.785], [36.928, -15.786]]]]}}, {"type": "Feature", "properties": {"id": "Nicoadala", "name": "Nicoadala", "desert": 0, "offices": 1}, "geometry": {"type": "MultiPolygon", "coordinates": [[[[36.913, -17.927], [36.906, -17.895], [36.9, -17.889], [36.87, -17.878], [36.861, -17.88], [36.843, -17.891], [36.821, -17.901], [36.813, -17.908], [36.811, -17.948], [36.808, -17.956], [36.8, -17.959], [36.785, -17.96], [36.772, -17.967], [36.762, -17.969], [36.756, -17.965], [36.752, -17.94], [36.74, -17.921], [36.7, -17.941], [36.692, -17.952], [36.683, -17.956], [36.678, -17.948], [36.667, -17.939], [36.664, -17.938], [36.656, -17.948], [36.657, -17.759], [36.644, -17.758], [36.637, -17.741], [36.636, -17.72], [36.639, -17.706], [36.636, -17.701], [36.623, -17.707], [36.614, -17.708], [36.605, -17.707], [36.599, -17.696], [36.567, -17.683], [36.558, -17.675], [36.549, -17.675], [36.513, -17.656], [36.493, -17.622], [36.485, -17.614], [36.467, -17.606], [36.452, -17.592], [36.443, -17.586], [36.431, -17.584], [36.418, -17.562], [36.404, -17.535], [36.461, -17.457], [36.461, -17.454], [36.442, -17.425], [36.439, -17.415], [36.404, -17.365], [36.362, -17.338], [36.404, -17.291], [36.432, -17.273], [36.444, -17.213], [36.451, -17.203], [36.456, -17.19], [36.463, -17.169], [36.544, -17.179], [36.554, -17.194], [36.576, -17.212], [36.587, -17.223], [36.62, -17.237], [36.622, -17.239], [36.62, -17.25], [36.605, -17.278], [36.605, -17.285], [36.609, -17.298], [36.602, -17.307], [36.598, -17.319], [36.603, -17.327], [36.685, -17.372], [36.743, -17.37], [36.751, -17.375], [36.76, -17.385], [36.776, -17.397], [36.779, -17.399], [36.784, -17.399], [36.794, -17.404], [36.799, -17.42], [36.798, -17.426], [36.793, -17.438], [36.795, -17.465], [36.815, -17.492], [36.839, -17.494], [36.857, -17.514], [36.86, -17.525], [36.867, -17.533], [36.871, -17.543], [36.881, -17.545], [36.891, -17.554], [36.891, -17.565], [36.895, -17.575], [36.905, -17.585], [36.915, -17.589], [36.923, -17.61], [36.94, -17.624], [36.963, -17.617], [36.971, -17.618], [36.976, -17.63], [36.989, -17.636], [37.0, -17.627], [37.004, -17.628], [37.018, -17.625], [37.027, -17.626], [37.026, -17.646], [37.024, -17.65], [37.042, -17.656], [37.047, -17.66], [37.039, -17.67], [37.042, -17.684], [37.05, -17.681], [37.059, -17.671], [37.079, -17.662], [37.084, -17.665], [37.094, -17.665], [37.099, -17.668], [37.093, -17.677], [37.112, -17.673], [37.117, -17.662], [37.142, -17.649], [37.145, -17.66], [37.141, -17.667], [37.16, -17.674], [37.16, -17.678], [37.148, -17.682], [37.151, -17.692], [37.171, -17.701], [37.162, -17.703], [37.154, -17.71], [37.146, -17.705], [37.142, -17.695], [37.136, -17.691], [37.128, -17.69], [37.121, -17.693], [37.12, -17.701], [37.122, -17.71], [37.118, -17.718], [37.113, -17.722], [37.097, -17.729], [37.098, -17.732], [37.099, -17.732], [37.105, -17.744], [37.111, -17.743], [37.116, -17.744], [37.12, -17.752], [37.118, -17.753], [37.113, -17.751], [37.107, -17.753], [37.104, -17.751], [37.099, -17.754], [37.095, -17.75], [37.092, -17.751], [37.092, -17.755], [37.093, -17.757], [37.101, -17.761], [37.096, -17.766], [37.098, -17.771], [37.092, -17.777], [37.092, -17.78], [37.099, -17.781], [37.102, -17.784], [37.105, -17.783], [37.104, -17.775], [37.11, -17.773], [37.11, -17.767], [37.123, -17.763], [37.132, -17.754], [37.143, -17.758], [37.154, -17.753], [37.156, -17.757], [37.161, -17.758], [37.16, -17.761], [37.151, -17.763], [37.15, -17.765], [37.149, -17.768], [37.154, -17.771], [37.154, -17.773], [37.157, -17.771], [37.167, -17.771], [37.171, -17.77], [37.177, -17.764], [37.175, -17.753], [37.185, -17.738], [37.188, -17.741], [37.189, -17.749], [37.198, -17.764], [37.196, -17.765], [37.185, -17.784], [37.172, -17.793], [37.151, -17.81], [37.114, -17.849], [37.044, -17.939], [37.003, -17.995], [37.0, -18.001], [36.987, -18.018], [36.981, -18.021], [36.974, -18.018], [36.968, -18.011], [36.969, -18.006], [36.964, -18.001], [36.958, -17.987], [36.953, -17.98], [36.935, -17.966], [36.921, -17.961], [36.918, -17.951], [36.917, -17.943], [36.922, -17.942], [36.926, -17.944], [36.925, -17.948], [36.921, -17.951], [36.922, -17.955], [36.93, -17.951], [36.932, -17.948], [36.922, -17.953], [36.926, -17.949], [36.927, -17.945], [36.922, -17.941], [36.916, -17.942], [36.913, -17.927]]], [[[37.132, -17.694], [37.136, -17.697], [37.141, -17.706], [37.15, -17.714], [37.154, -17.715], [37.16, -17.714], [37.166, -17.709], [37.169, -17.708], [37.173, -17.709], [37.176, -17.712], [37.177, -17.723], [37.181, -17.734], [37.178, -17.738], [37.178, -17.746], [37.174, -17.751], [37.175, -17.764], [37.171, -17.767], [37.163, -17.769], [37.152, -17.768], [37.152, -17.765], [37.16, -17.765], [37.164, -17.76], [37.163, -17.756], [37.158, -17.755], [37.157, -17.753], [37.158, -17.747], [37.163, -17.743], [37.163, -17.741], [37.159, -17.74], [37.155, -17.741], [37.154, -17.735], [37.142, -17.73], [37.154, -17.736], [37.155, -17.742], [37.162, -17.742], [37.158, -17.745], [37.157, -17.75], [37.153, -17.751], [37.149, -17.754], [37.144, -17.756], [37.139, -17.755], [37.134, -17.752], [37.131, -17.753], [37.121, -17.763], [37.112, -17.764], [37.11, -17.765], [37.109, -17.771], [37.103, -17.774], [37.103, -17.782], [37.102, -17.783], [37.099, -17.78], [37.094, -17.78], [37.093, -17.777], [37.098, -17.773], [37.099, -17.771], [37.097, -17.766], [37.102, -17.76], [37.101, -17.759], [37.098, -17.759], [37.093, -17.757], [37.093, -17.752], [37.095, -17.751], [37.1, -17.755], [37.103, -17.752], [37.11, -17.754], [37.113, -17.752], [37.118, -17.754], [37.121, -17.752], [37.118, -17.744], [37.116, -17.743], [37.111, -17.742], [37.105, -17.743], [37.1, -17.732], [37.108, -17.727], [37.114, -17.725], [37.124, -17.716], [37.127, -17.709], [37.125, -17.697], [37.128, -17.694], [37.132, -17.694]]]]}}, {"type": "Feature", "properties": {"id": "Pebane", "name": "Pebane", "desert": 1, "offices": 0}, "geometry": {"type": "MultiPolygon", "coordinates": [[[[38.084, -17.201], [38.091, -17.206], [38.093, -17.211], [38.094, -17.216], [38.091, -17.219], [38.091, -17.221], [38.085, -17.215], [38.079, -17.201], [38.084, -17.201]]], [[[38.076, -17.206], [38.078, -17.21], [38.078, -17.212], [38.074, -17.205], [38.076, -17.206]]], [[[38.072, -17.179], [38.072, -17.179], [38.072, -17.181], [38.072, -17.179]]], [[[38.468, -17.148], [38.467, -17.149], [38.464, -17.149], [38.466, -17.147], [38.468, -17.148]]], [[[38.47, -17.146], [38.47, -17.147], [38.467, -17.146], [38.467, -17.145], [38.47, -17.146]]], [[[38.462, -17.145], [38.459, -17.147], [38.454, -17.147], [38.457, -17.144], [38.462, -17.145]]], [[[38.496, -17.128], [38.496, -17.13], [38.493, -17.128], [38.495, -17.125], [38.496, -17.128]]], [[[38.497, -17.119], [38.496, -17.12], [38.496, -17.117], [38.497, -17.118], [38.497, -17.119]]], [[[38.524, -17.128], [38.523, -17.131], [38.521, -17.127], [38.522, -17.127], [38.524, -17.128]]], [[[38.499, -17.125], [38.5, -17.126], [38.5, -17.128], [38.497, -17.126], [38.498, -17.122], [38.499, -17.125]]], [[[38.498, -17.115], [38.5, -17.116], [38.498, -17.12], [38.497, -17.119], [38.498, -17.117], [38.495, -17.114], [38.498, -17.115]]], [[[38.578, -17.111], [38.577, -17.112], [38.579, -17.11], [38.579, -17.111], [38.578, -17.111]]], [[[38.587, -17.098], [38.588, -17.1], [38.588, -17.102], [38.587, -17.1], [38.584, -17.1], [38.586, -17.096], [38.587, -17.098]]], [[[38.593, -17.097], [38.594, -17.098], [38.592, -17.102], [38.59, -17.099], [38.592, -17.096], [38.593, -17.097]]], [[[38.59, -17.097], [38.591, -17.097], [38.59, -17.099], [38.589, -17.099], [38.59, -17.097]]], [[[38.666, -17.079], [38.667, -17.079], [38.663, -17.082], [38.661, -17.081], [38.662, -17.08], [38.659, -17.08], [38.666, -17.079]]], [[[38.88, -17.232], [38.884, -17.233], [38.885, -17.235], [38.877, -17.237], [38.874, -17.234], [38.875, -17.231], [38.88, -17.232]]], [[[38.67, -17.074], [38.671, -17.075], [38.669, -17.073], [38.67, -17.072], [38.67, -17.074]]], [[[38.675, -17.07], [38.674, -17.072], [38.673, -17.072], [38.672, -17.07], [38.675, -17.068], [38.675, -17.07]]], [[[38.673, -17.061], [38.674, -17.066], [38.671, -17.069], [38.671, -17.061], [38.673, -17.061]]], [[[38.676, -17.061], [38.677, -17.064], [38.675, -17.063], [38.675, -17.06], [38.676, -17.061]]], [[[38.839, -17.048], [38.837, -17.049], [38.837, -17.047], [38.839, -17.047], [38.839, -17.048]]], [[[38.672, -17.042], [38.673, -17.043], [38.67, -17.043], [38.67, -17.041], [38.672, -17.042]]], [[[38.677, -17.034], [38.675, -17.034], [38.674, -17.032], [38.678, -17.033], [38.677, -17.034]]], [[[39.078, -17.119], [39.077, -17.121], [39.07, -17.124], [39.068, -17.123], [39.068, -17.12], [39.072, -17.118], [39.078, -17.119]]], [[[39.122, -17.087], [39.127, -17.09], [39.126, -17.091], [39.12, -17.093], [39.116, -17.09], [39.118, -17.087], [39.122, -17.087]]], [[[39.085, -16.947], [39.087, -16.953], [39.082, -16.955], [39.084, -16.951], [39.084, -16.946], [39.085, -16.947]]], [[[39.083, -16.931], [39.082, -16.933], [39.084, -16.932], [39.085, -16.933], [39.08, -16.935], [39.081, -16.933], [39.082, -16.934], [39.083, -16.93], [39.083, -16.931]]], [[[39.078, -16.93], [39.079, -16.933], [39.077, -16.933], [39.075, -16.93], [39.078, -16.93]]], [[[39.108, -16.927], [39.108, -16.927], [39.106, -16.927], [39.109, -16.925], [39.108, -16.927]]], [[[39.121, -16.907], [39.121, -16.907], [39.123, -16.905], [39.123, -16.907], [39.121, -16.907]]], [[[39.127, -16.899], [39.128, -16.901], [39.126, -16.902], [39.126, -16.901], [39.126, -16.901], [39.127, -16.899]]], [[[38.577, -17.079], [38.578, -17.079], [38.578, -17.081], [38.575, -17.08], [38.575, -17.078], [38.577, -17.079]]], [[[38.669, -17.046], [38.67, -17.046], [38.67, -17.047], [38.668, -17.045], [38.669, -17.046]]], [[[37.992, -16.486], [38.0, -16.492], [38.001, -16.499], [38.003, -16.5], [38.008, -16.498], [38.016, -16.506], [38.02, -16.507], [38.023, -16.519], [38.026, -16.522], [38.033, -16.523], [38.038, -16.527], [38.049, -16.506], [38.081, -16.512], [38.126, -16.495], [38.173, -16.508], [38.181, -16.505], [38.186, -16.498], [38.262, -16.5], [38.275, -16.498], [38.325, -16.484], [38.335, -16.484], [38.35, -16.481], [38.34, -16.461], [38.344, -16.453], [38.355, -16.443], [38.366, -16.388], [38.378, -16.38], [38.415, -16.367], [38.421, -16.363], [38.444, -16.356], [38.449, -16.346], [38.459, -16.342], [38.465, -16.341], [38.487, -16.345], [38.508, -16.34], [38.525, -16.342], [38.532, -16.339], [38.535, -16.323], [38.545, -16.31], [38.55, -16.255], [38.565, -16.244], [38.579, -16.237], [38.58, -16.227], [38.588, -16.214], [38.599, -16.208], [38.6, -16.194], [38.605, -16.186], [38.635, -16.168], [38.647, -16.159], [38.66, -16.144], [38.692, -16.157], [38.706, -16.16], [38.73, -16.157], [38.743, -16.151], [38.761, -16.139], [38.831, -16.12], [38.844, -16.119], [38.853, -16.121], [38.867, -16.133], [38.881, -16.168], [38.888, -16.171], [38.894, -16.167], [38.895, -16.16], [38.9, -16.155], [38.918, -16.17], [38.918, -16.185], [38.921, -16.204], [38.929, -16.221], [38.932, -16.239], [38.946, -16.263], [38.957, -16.275], [38.962, -16.277], [38.979, -16.274], [38.986, -16.278], [38.987, -16.288], [38.997, -16.322], [39.005, -16.332], [39.004, -16.346], [39.015, -16.378], [39.016, -16.392], [39.023, -16.401], [39.029, -16.412], [39.035, -16.418], [39.028, -16.473], [39.022, -16.483], [39.029, -16.5], [39.04, -16.514], [39.041, -16.521], [39.01, -16.532], [39.005, -16.534], [39.0, -16.54], [39.0, -16.561], [38.997, -16.574], [38.995, -16.595], [38.985, -16.62], [38.986, -16.629], [38.989, -16.636], [39.0, -16.649], [39.028, -16.659], [39.036, -16.663], [39.044, -16.67], [39.048, -16.679], [39.05, -16.691], [39.048, -16.711], [39.051, -16.721], [39.07, -16.731], [39.074, -16.739], [39.075, -16.76], [39.079, -16.773], [39.113, -16.798], [39.116, -16.81], [39.121, -16.82], [39.129, -16.852], [39.127, -16.861], [39.13, -16.872], [39.137, -16.886], [39.127, -16.897], [39.125, -16.896], [39.127, -16.897], [39.126, -16.898], [39.123, -16.896], [39.123, -16.891], [39.115, -16.888], [39.118, -16.884], [39.119, -16.88], [39.118, -16.878], [39.114, -16.885], [39.114, -16.889], [39.121, -16.891], [39.123, -16.899], [39.125, -16.899], [39.126, -16.898], [39.127, -16.899], [39.126, -16.901], [39.121, -16.905], [39.121, -16.909], [39.118, -16.909], [39.118, -16.911], [39.116, -16.912], [39.114, -16.916], [39.105, -16.916], [39.096, -16.919], [39.092, -16.918], [39.09, -16.916], [39.092, -16.913], [39.098, -16.915], [39.102, -16.913], [39.1, -16.908], [39.093, -16.907], [39.093, -16.908], [39.099, -16.91], [39.1, -16.913], [39.091, -16.912], [39.089, -16.915], [39.091, -16.919], [39.09, -16.922], [39.081, -16.929], [39.076, -16.928], [39.069, -16.921], [39.065, -16.921], [39.062, -16.923], [39.068, -16.922], [39.073, -16.926], [39.074, -16.931], [39.063, -16.934], [39.061, -16.94], [39.063, -16.944], [39.06, -16.946], [39.056, -16.95], [39.056, -16.955], [39.077, -16.96], [39.083, -16.959], [39.082, -16.961], [39.076, -16.963], [39.081, -16.962], [39.088, -16.956], [39.092, -16.957], [39.092, -16.953], [39.091, -16.95], [39.089, -16.937], [39.093, -16.931], [39.096, -16.931], [39.1, -16.928], [39.111, -16.931], [39.118, -16.935], [39.119, -16.939], [39.122, -16.936], [39.122, -16.941], [39.096, -16.974], [39.08, -17.004], [39.073, -17.014], [39.067, -17.014], [39.045, -17.011], [39.013, -17.009], [38.987, -17.011], [38.958, -17.018], [38.93, -17.029], [38.928, -17.028], [38.924, -17.03], [38.922, -17.029], [38.921, -17.03], [38.923, -17.032], [38.921, -17.034], [38.881, -17.049], [38.834, -17.06], [38.821, -17.061], [38.825, -17.053], [38.835, -17.056], [38.839, -17.048], [38.849, -17.045], [38.851, -17.04], [38.847, -17.037], [38.844, -17.04], [38.847, -17.038], [38.85, -17.039], [38.849, -17.044], [38.845, -17.046], [38.837, -17.046], [38.836, -17.051], [38.833, -17.053], [38.823, -17.052], [38.82, -17.058], [38.813, -17.058], [38.809, -17.061], [38.81, -17.064], [38.812, -17.064], [38.811, -17.065], [38.742, -17.074], [38.712, -17.082], [38.697, -17.079], [38.688, -17.074], [38.689, -17.068], [38.685, -17.064], [38.682, -17.049], [38.679, -17.045], [38.672, -17.04], [38.672, -17.038], [38.675, -17.037], [38.692, -17.037], [38.693, -17.036], [38.69, -17.037], [38.686, -17.035], [38.687, -17.029], [38.686, -17.027], [38.679, -17.021], [38.675, -17.021], [38.67, -17.025], [38.665, -17.025], [38.662, -17.021], [38.663, -17.018], [38.669, -17.013], [38.673, -17.006], [38.68, -17.004], [38.684, -16.989], [38.681, -16.987], [38.674, -16.99], [38.665, -16.989], [38.663, -16.98], [38.659, -16.978], [38.652, -16.98], [38.65, -16.984], [38.645, -16.984], [38.638, -16.98], [38.636, -16.974], [38.636, -16.976], [38.637, -16.98], [38.645, -16.985], [38.65, -16.985], [38.652, -16.984], [38.653, -16.981], [38.658, -16.979], [38.662, -16.981], [38.663, -16.988], [38.665, -16.99], [38.675, -16.992], [38.682, -16.99], [38.679, -17.002], [38.671, -17.005], [38.669, -17.01], [38.66, -17.018], [38.662, -17.025], [38.668, -17.028], [38.672, -17.028], [38.677, -17.023], [38.679, -17.023], [38.681, -17.031], [38.672, -17.031], [38.667, -17.034], [38.664, -17.04], [38.663, -17.047], [38.661, -17.04], [38.656, -17.037], [38.656, -17.03], [38.652, -17.027], [38.647, -17.029], [38.648, -17.03], [38.651, -17.028], [38.655, -17.032], [38.654, -17.034], [38.654, -17.037], [38.66, -17.042], [38.662, -17.049], [38.671, -17.052], [38.672, -17.054], [38.672, -17.058], [38.673, -17.057], [38.675, -17.06], [38.671, -17.059], [38.669, -17.064], [38.663, -17.063], [38.656, -17.066], [38.652, -17.063], [38.653, -17.058], [38.65, -17.056], [38.653, -17.059], [38.651, -17.062], [38.654, -17.067], [38.658, -17.068], [38.665, -17.067], [38.668, -17.068], [38.669, -17.072], [38.662, -17.075], [38.665, -17.076], [38.664, -17.077], [38.655, -17.08], [38.645, -17.093], [38.651, -17.09], [38.654, -17.087], [38.657, -17.088], [38.663, -17.085], [38.666, -17.085], [38.672, -17.08], [38.678, -17.078], [38.682, -17.078], [38.685, -17.08], [38.685, -17.082], [38.682, -17.085], [38.66, -17.094], [38.601, -17.109], [38.603, -17.1], [38.606, -17.098], [38.602, -17.099], [38.6, -17.094], [38.605, -17.093], [38.603, -17.092], [38.6, -17.093], [38.6, -17.101], [38.599, -17.103], [38.6, -17.104], [38.599, -17.107], [38.596, -17.107], [38.594, -17.104], [38.595, -17.084], [38.593, -17.078], [38.591, -17.078], [38.592, -17.094], [38.592, -17.094], [38.591, -17.09], [38.587, -17.088], [38.591, -17.093], [38.588, -17.096], [38.585, -17.087], [38.582, -17.084], [38.581, -17.081], [38.577, -17.075], [38.577, -17.072], [38.58, -17.069], [38.577, -17.069], [38.573, -17.075], [38.575, -17.08], [38.581, -17.088], [38.581, -17.091], [38.585, -17.093], [38.585, -17.095], [38.582, -17.097], [38.584, -17.103], [38.575, -17.11], [38.575, -17.112], [38.573, -17.115], [38.571, -17.115], [38.57, -17.111], [38.563, -17.112], [38.56, -17.114], [38.559, -17.119], [38.565, -17.12], [38.562, -17.118], [38.563, -17.115], [38.573, -17.117], [38.576, -17.115], [38.577, -17.115], [38.578, -17.119], [38.56, -17.126], [38.527, -17.135], [38.523, -17.134], [38.526, -17.132], [38.526, -17.129], [38.522, -17.123], [38.526, -17.121], [38.518, -17.122], [38.506, -17.12], [38.508, -17.108], [38.503, -17.103], [38.508, -17.101], [38.509, -17.097], [38.508, -17.092], [38.514, -17.087], [38.513, -17.087], [38.505, -17.091], [38.507, -17.099], [38.5, -17.102], [38.5, -17.106], [38.503, -17.109], [38.502, -17.112], [38.498, -17.113], [38.492, -17.11], [38.493, -17.12], [38.49, -17.122], [38.485, -17.122], [38.482, -17.117], [38.483, -17.12], [38.486, -17.123], [38.492, -17.122], [38.493, -17.117], [38.495, -17.118], [38.494, -17.122], [38.489, -17.125], [38.485, -17.131], [38.479, -17.136], [38.477, -17.141], [38.476, -17.139], [38.473, -17.141], [38.452, -17.142], [38.452, -17.145], [38.455, -17.145], [38.453, -17.146], [38.45, -17.146], [38.449, -17.144], [38.435, -17.143], [38.435, -17.145], [38.438, -17.145], [38.432, -17.145], [38.426, -17.15], [38.434, -17.146], [38.447, -17.146], [38.455, -17.149], [38.469, -17.15], [38.481, -17.147], [38.49, -17.137], [38.504, -17.133], [38.505, -17.136], [38.5, -17.142], [38.489, -17.146], [38.441, -17.159], [38.426, -17.167], [38.421, -17.168], [38.414, -17.172], [38.334, -17.202], [38.315, -17.21], [38.245, -17.235], [38.248, -17.233], [38.254, -17.231], [38.258, -17.227], [38.269, -17.225], [38.274, -17.22], [38.275, -17.217], [38.275, -17.216], [38.268, -17.225], [38.259, -17.225], [38.226, -17.241], [38.221, -17.246], [38.199, -17.257], [38.186, -17.268], [38.187, -17.275], [38.185, -17.278], [38.186, -17.282], [38.183, -17.282], [38.182, -17.28], [38.177, -17.281], [38.161, -17.291], [38.144, -17.296], [38.139, -17.296], [38.132, -17.28], [38.132, -17.259], [38.13, -17.246], [38.127, -17.238], [38.128, -17.236], [38.133, -17.236], [38.147, -17.239], [38.151, -17.235], [38.147, -17.238], [38.127, -17.235], [38.126, -17.229], [38.138, -17.22], [38.145, -17.213], [38.151, -17.205], [38.15, -17.201], [38.149, -17.201], [38.15, -17.205], [38.135, -17.22], [38.127, -17.224], [38.124, -17.222], [38.122, -17.208], [38.128, -17.192], [38.127, -17.185], [38.135, -17.181], [38.126, -17.183], [38.123, -17.182], [38.125, -17.172], [38.117, -17.168], [38.117, -17.162], [38.116, -17.167], [38.123, -17.174], [38.12, -17.179], [38.125, -17.188], [38.125, -17.192], [38.123, -17.197], [38.118, -17.201], [38.115, -17.197], [38.116, -17.191], [38.113, -17.188], [38.115, -17.19], [38.113, -17.196], [38.118, -17.205], [38.115, -17.218], [38.106, -17.218], [38.091, -17.203], [38.084, -17.2], [38.078, -17.199], [38.074, -17.191], [38.073, -17.192], [38.075, -17.194], [38.075, -17.198], [38.067, -17.192], [38.067, -17.187], [38.073, -17.184], [38.074, -17.181], [38.074, -17.175], [38.068, -17.172], [38.067, -17.17], [38.071, -17.166], [38.078, -17.163], [38.078, -17.158], [38.068, -17.149], [38.053, -17.12], [38.069, -17.115], [38.071, -17.109], [38.059, -17.088], [38.067, -17.048], [38.052, -17.02], [38.051, -17.013], [38.034, -16.998], [38.041, -16.984], [38.028, -16.975], [38.016, -16.963], [38.003, -16.963], [37.998, -16.964], [37.997, -16.962], [37.999, -16.958], [38.012, -16.949], [38.016, -16.937], [38.008, -16.931], [38.004, -16.923], [38.003, -16.911], [37.999, -16.899], [38.002, -16.892], [37.994, -16.88], [37.999, -16.872], [37.997, -16.866], [37.998, -16.861], [37.997, -16.858], [37.991, -16.855], [37.988, -16.847], [37.987, -16.834], [37.99, -16.837], [37.993, -16.835], [37.989, -16.824], [37.993, -16.816], [37.999, -16.812], [38.004, -16.804], [38.002, -16.801], [37.996, -16.798], [37.997, -16.784], [37.989, -16.772], [37.985, -16.769], [37.985, -16.765], [37.991, -16.762], [37.991, -16.759], [37.986, -16.755], [37.984, -16.75], [37.978, -16.748], [37.983, -16.736], [37.991, -16.73], [37.993, -16.717], [37.986, -16.713], [37.995, -16.696], [37.986, -16.689], [37.959, -16.682], [37.943, -16.67], [37.921, -16.65], [37.919, -16.614], [37.924, -16.607], [37.927, -16.591], [37.918, -16.588], [37.917, -16.582], [37.92, -16.571], [37.916, -16.559], [37.902, -16.545], [37.9, -16.528], [37.902, -16.517], [37.907, -16.507], [37.92, -16.5], [37.925, -16.499], [37.93, -16.5], [37.952, -16.483], [37.966, -16.48], [37.992, -16.486]]], [[[39.124, -16.898], [39.125, -16.899], [39.123, -16.898], [39.123, -16.897], [39.124, -16.898]]], [[[39.071, -16.934], [39.079, -16.937], [39.083, -16.937], [39.083, -16.95], [39.078, -16.955], [39.06, -16.952], [39.064, -16.944], [39.062, -16.94], [39.063, -16.936], [39.068, -16.934], [39.071, -16.934]]]]}}, {"type": "Feature", "properties": {"id": "Nampula city", "name": "Nampula", "desert": 0, "offices": 17}, "geometry": {"type": "MultiPolygon", "coordinates": [[[[39.595, -15.016], [39.579, -15.032], [39.557, -15.06], [39.566, -15.081], [39.568, -15.095], [39.578, -15.106], [39.584, -15.117], [39.585, -15.134], [39.587, -15.141], [39.585, -15.153], [39.579, -15.154], [39.569, -15.152], [39.559, -15.152], [39.552, -15.155], [39.542, -15.164], [39.523, -15.173], [39.504, -15.186], [39.503, -15.207], [39.479, -15.209], [39.481, -15.242], [39.483, -15.256], [39.482, -15.277], [39.489, -15.287], [39.492, -15.299], [39.493, -15.306], [39.49, -15.313], [39.475, -15.324], [39.451, -15.322], [39.445, -15.326], [39.433, -15.341], [39.424, -15.342], [39.42, -15.341], [39.404, -15.329], [39.396, -15.326], [39.383, -15.344], [39.376, -15.348], [39.382, -15.356], [39.381, -15.364], [39.379, -15.37], [39.361, -15.379], [39.361, -15.384], [39.367, -15.398], [39.375, -15.402], [39.371, -15.406], [39.364, -15.405], [39.348, -15.396], [39.34, -15.394], [39.335, -15.395], [39.33, -15.401], [39.325, -15.415], [39.31, -15.41], [39.3, -15.412], [39.288, -15.409], [39.283, -15.409], [39.267, -15.418], [39.247, -15.435], [39.242, -15.436], [39.237, -15.434], [39.234, -15.437], [39.231, -15.415], [39.174, -15.382], [39.161, -15.371], [39.151, -15.372], [39.141, -15.371], [39.137, -15.373], [39.132, -15.369], [39.128, -15.369], [39.101, -15.379], [39.09, -15.381], [39.063, -15.378], [39.047, -15.393], [39.041, -15.406], [39.027, -15.402], [39.023, -15.4], [39.021, -15.397], [39.02, -15.391], [39.019, -15.388], [39.01, -15.388], [38.995, -15.39], [38.993, -15.386], [38.994, -15.381], [39.002, -15.365], [39.008, -15.358], [39.003, -15.349], [39.009, -15.335], [38.999, -15.335], [38.99, -15.332], [38.977, -15.32], [38.969, -15.315], [38.948, -15.291], [38.891, -15.278], [38.883, -15.272], [38.875, -15.262], [38.86, -15.26], [38.848, -15.252], [38.842, -15.25], [38.829, -15.242], [38.825, -15.229], [38.819, -15.227], [38.801, -15.232], [38.792, -15.23], [38.784, -15.231], [38.768, -15.224], [38.767, -15.22], [38.767, -15.209], [38.754, -15.179], [38.756, -15.175], [38.776, -15.16], [38.78, -15.151], [38.78, -15.137], [38.774, -15.13], [38.77, -15.114], [38.762, -15.111], [38.742, -15.11], [38.735, -15.108], [38.729, -15.1], [38.717, -15.089], [38.693, -15.082], [38.674, -15.082], [38.664, -15.078], [38.655, -15.07], [38.646, -15.066], [38.652, -15.056], [38.666, -15.041], [38.676, -15.034], [38.696, -15.025], [38.711, -15.024], [38.722, -15.02], [38.727, -15.013], [38.735, -15.008], [38.747, -15.014], [38.761, -15.008], [38.774, -15.008], [38.796, -15.016], [38.806, -15.023], [38.815, -15.025], [38.814, -15.018], [38.801, -14.999], [38.802, -14.991], [38.794, -14.965], [38.784, -14.949], [38.777, -14.946], [38.779, -14.936], [38.772, -14.925], [38.788, -14.903], [38.79, -14.905], [38.799, -14.904], [38.806, -14.893], [38.809, -14.881], [38.826, -14.874], [38.846, -14.869], [38.868, -14.874], [38.881, -14.873], [38.895, -14.869], [38.913, -14.867], [38.921, -14.871], [38.929, -14.88], [38.948, -14.873], [38.98, -14.87], [39.0, -14.863], [39.031, -14.872], [39.042, -14.873], [39.054, -14.871], [39.064, -14.87], [39.071, -14.865], [39.091, -14.844], [39.102, -14.843], [39.112, -14.848], [39.12, -14.854], [39.128, -14.857], [39.144, -14.856], [39.152, -14.857], [39.159, -14.864], [39.165, -14.876], [39.182, -14.89], [39.191, -14.887], [39.196, -14.89], [39.225, -14.874], [39.231, -14.897], [39.235, -14.9], [39.248, -14.897], [39.257, -14.899], [39.263, -14.902], [39.266, -14.911], [39.304, -14.954], [39.318, -14.954], [39.328, -14.951], [39.337, -14.952], [39.349, -14.968], [39.353, -14.982], [39.357, -14.989], [39.365, -14.989], [39.38, -14.994], [39.397, -15.004], [39.405, -14.999], [39.411, -14.998], [39.418, -15.008], [39.432, -15.01], [39.438, -15.003], [39.456, -15.008], [39.469, -15.007], [39.481, -15.005], [39.495, -15.009], [39.521, -14.995], [39.536, -14.992], [39.544, -14.996], [39.548, -14.992], [39.552, -14.992], [39.574, -14.999], [39.578, -14.998], [39.587, -14.995], [39.591, -14.999], [39.608, -15.007], [39.595, -15.016]]]]}}, {"type": "Feature", "properties": {"id": "Angoche", "name": "Angoche", "desert": 0, "offices": 2}, "geometry": {"type": "MultiPolygon", "coordinates": [[[[39.811, -16.375], [39.812, -16.376], [39.812, -16.378], [39.808, -16.375], [39.811, -16.375]]], [[[39.807, -16.37], [39.81, -16.371], [39.81, -16.373], [39.805, -16.372], [39.802, -16.369], [39.807, -16.37]]], [[[39.81, -16.369], [39.809, -16.369], [39.807, -16.368], [39.81, -16.368], [39.81, -16.369]]], [[[39.804, -16.368], [39.802, -16.368], [39.802, -16.366], [39.804, -16.366], [39.804, -16.368]]], [[[39.757, -16.265], [39.766, -16.273], [39.756, -16.276], [39.747, -16.275], [39.739, -16.279], [39.748, -16.276], [39.757, -16.277], [39.766, -16.274], [39.77, -16.277], [39.773, -16.285], [39.774, -16.294], [39.777, -16.298], [39.785, -16.305], [39.781, -16.307], [39.777, -16.313], [39.776, -16.311], [39.773, -16.312], [39.776, -16.312], [39.777, -16.314], [39.774, -16.321], [39.772, -16.323], [39.758, -16.323], [39.741, -16.314], [39.74, -16.315], [39.748, -16.32], [39.76, -16.325], [39.776, -16.325], [39.779, -16.333], [39.776, -16.324], [39.781, -16.317], [39.782, -16.323], [39.786, -16.328], [39.786, -16.336], [39.783, -16.337], [39.78, -16.335], [39.778, -16.337], [39.776, -16.34], [39.776, -16.349], [39.778, -16.339], [39.786, -16.337], [39.787, -16.33], [39.789, -16.334], [39.788, -16.328], [39.784, -16.322], [39.786, -16.314], [39.799, -16.308], [39.804, -16.308], [39.806, -16.309], [39.803, -16.325], [39.796, -16.336], [39.795, -16.346], [39.789, -16.34], [39.79, -16.354], [39.792, -16.358], [39.794, -16.357], [39.799, -16.366], [39.801, -16.366], [39.799, -16.369], [39.801, -16.369], [39.801, -16.371], [39.811, -16.381], [39.817, -16.393], [39.823, -16.397], [39.823, -16.399], [39.822, -16.398], [39.82, -16.399], [39.825, -16.401], [39.822, -16.402], [39.826, -16.408], [39.822, -16.409], [39.825, -16.41], [39.824, -16.411], [39.812, -16.411], [39.81, -16.413], [39.804, -16.416], [39.791, -16.419], [39.794, -16.419], [39.794, -16.421], [39.796, -16.419], [39.818, -16.414], [39.822, -16.416], [39.822, -16.424], [39.815, -16.428], [39.82, -16.428], [39.822, -16.425], [39.823, -16.416], [39.829, -16.415], [39.832, -16.418], [39.83, -16.419], [39.831, -16.42], [39.837, -16.419], [39.844, -16.427], [39.844, -16.431], [39.841, -16.433], [39.838, -16.431], [39.837, -16.433], [39.837, -16.439], [39.839, -16.438], [39.838, -16.433], [39.846, -16.433], [39.855, -16.436], [39.859, -16.433], [39.863, -16.435], [39.863, -16.439], [39.859, -16.442], [39.842, -16.45], [39.81, -16.461], [39.8, -16.467], [39.795, -16.473], [39.793, -16.472], [39.793, -16.463], [39.795, -16.46], [39.797, -16.461], [39.799, -16.463], [39.8, -16.462], [39.794, -16.457], [39.788, -16.457], [39.782, -16.46], [39.774, -16.46], [39.764, -16.457], [39.742, -16.445], [39.741, -16.438], [39.736, -16.426], [39.737, -16.41], [39.735, -16.399], [39.718, -16.387], [39.702, -16.389], [39.675, -16.365], [39.664, -16.358], [39.636, -16.348], [39.625, -16.34], [39.608, -16.32], [39.592, -16.296], [39.589, -16.286], [39.584, -16.278], [39.584, -16.254], [39.586, -16.235], [39.576, -16.221], [39.563, -16.199], [39.554, -16.192], [39.528, -16.178], [39.512, -16.151], [39.485, -16.12], [39.466, -16.101], [39.436, -16.095], [39.419, -16.084], [39.411, -16.078], [39.407, -16.072], [39.413, -16.058], [39.414, -16.051], [39.419, -16.046], [39.425, -16.044], [39.445, -16.046], [39.504, -16.063], [39.515, -16.075], [39.53, -16.061], [39.55, -16.047], [39.553, -16.029], [39.558, -16.022], [39.573, -16.008], [39.585, -16.004], [39.595, -15.999], [39.601, -15.991], [39.607, -15.987], [39.632, -15.987], [39.638, -15.984], [39.638, -15.979], [39.632, -15.975], [39.623, -15.962], [39.623, -15.953], [39.627, -15.941], [39.632, -15.931], [39.638, -15.926], [39.651, -15.923], [39.661, -15.923], [39.666, -15.927], [39.7, -15.927], [39.706, -15.921], [39.712, -15.918], [39.724, -15.915], [39.738, -15.915], [39.734, -15.906], [39.709, -15.888], [39.7, -15.879], [39.678, -15.849], [39.681, -15.829], [39.689, -15.821], [39.706, -15.819], [39.717, -15.828], [39.724, -15.829], [39.743, -15.829], [39.768, -15.834], [39.78, -15.829], [39.783, -15.825], [39.792, -15.822], [39.817, -15.822], [39.82, -15.819], [39.812, -15.805], [39.793, -15.798], [39.782, -15.781], [39.764, -15.768], [39.766, -15.764], [39.777, -15.739], [39.784, -15.733], [39.789, -15.726], [39.805, -15.714], [39.815, -15.718], [39.831, -15.716], [39.858, -15.719], [39.864, -15.735], [39.871, -15.738], [39.878, -15.748], [39.882, -15.758], [39.874, -15.769], [39.873, -15.785], [39.88, -15.795], [39.88, -15.809], [39.887, -15.811], [39.898, -15.809], [39.898, -15.815], [39.888, -15.824], [39.89, -15.833], [39.897, -15.835], [39.919, -15.851], [39.942, -15.851], [39.958, -15.855], [39.972, -15.861], [39.979, -15.86], [39.986, -15.863], [39.997, -15.883], [40.001, -15.883], [40.015, -15.89], [40.035, -15.905], [40.045, -15.902], [40.055, -15.901], [40.072, -15.914], [40.086, -15.917], [40.112, -15.915], [40.116, -15.918], [40.126, -15.921], [40.13, -15.917], [40.133, -15.917], [40.138, -15.914], [40.143, -15.913], [40.142, -15.921], [40.144, -15.927], [40.142, -15.927], [40.14, -15.937], [40.134, -15.937], [40.129, -15.943], [40.12, -15.946], [40.117, -15.949], [40.118, -15.954], [40.117, -15.961], [40.122, -15.968], [40.114, -15.984], [40.114, -15.99], [40.109, -15.996], [40.105, -15.998], [40.102, -15.998], [40.097, -15.99], [40.098, -15.989], [40.102, -15.988], [40.103, -15.985], [40.101, -15.984], [40.098, -15.984], [40.096, -15.985], [40.102, -15.985], [40.102, -15.988], [40.098, -15.988], [40.096, -15.99], [40.096, -15.992], [40.1, -15.997], [40.099, -15.999], [40.09, -15.997], [40.081, -15.999], [40.071, -16.006], [40.065, -16.015], [40.062, -16.015], [40.056, -16.011], [40.052, -16.011], [40.057, -16.012], [40.066, -16.019], [40.065, -16.021], [40.062, -16.025], [40.048, -16.029], [40.061, -16.029], [40.062, -16.039], [40.061, -16.047], [40.048, -16.067], [40.045, -16.078], [40.039, -16.088], [40.029, -16.097], [40.028, -16.102], [40.02, -16.107], [40.026, -16.105], [40.032, -16.1], [40.033, -16.095], [40.045, -16.085], [40.055, -16.065], [40.065, -16.051], [40.067, -16.033], [40.066, -16.027], [40.08, -16.006], [40.082, -16.005], [40.1, -16.005], [40.101, -16.009], [40.103, -16.006], [40.114, -16.005], [40.121, -15.999], [40.124, -15.992], [40.133, -15.985], [40.135, -15.979], [40.133, -15.972], [40.139, -15.976], [40.136, -15.986], [40.136, -16.001], [40.127, -16.015], [40.118, -16.024], [40.106, -16.045], [40.106, -16.049], [40.109, -16.051], [40.101, -16.059], [40.099, -16.066], [40.099, -16.07], [40.103, -16.07], [40.105, -16.073], [40.104, -16.078], [40.093, -16.086], [40.072, -16.114], [40.051, -16.129], [40.033, -16.164], [40.032, -16.176], [40.027, -16.187], [40.022, -16.189], [39.999, -16.207], [39.97, -16.237], [39.96, -16.243], [39.936, -16.242], [39.914, -16.246], [39.92, -16.241], [39.921, -16.238], [39.919, -16.238], [39.919, -16.241], [39.915, -16.242], [39.914, -16.24], [39.909, -16.246], [39.905, -16.246], [39.902, -16.241], [39.903, -16.24], [39.906, -16.24], [39.909, -16.236], [39.904, -16.238], [39.904, -16.235], [39.901, -16.235], [39.901, -16.23], [39.898, -16.227], [39.9, -16.225], [39.885, -16.208], [39.886, -16.2], [39.889, -16.2], [39.895, -16.202], [39.89, -16.197], [39.894, -16.191], [39.897, -16.192], [39.9, -16.195], [39.896, -16.189], [39.896, -16.183], [39.894, -16.176], [39.889, -16.181], [39.887, -16.174], [39.885, -16.177], [39.886, -16.181], [39.884, -16.185], [39.879, -16.182], [39.882, -16.185], [39.882, -16.197], [39.882, -16.2], [39.879, -16.202], [39.873, -16.201], [39.868, -16.198], [39.856, -16.189], [39.854, -16.184], [39.853, -16.184], [39.856, -16.195], [39.861, -16.199], [39.869, -16.201], [39.877, -16.207], [39.88, -16.211], [39.88, -16.215], [39.87, -16.219], [39.867, -16.222], [39.864, -16.223], [39.846, -16.218], [39.838, -16.212], [39.833, -16.212], [39.829, -16.217], [39.825, -16.218], [39.829, -16.218], [39.834, -16.215], [39.838, -16.214], [39.848, -16.221], [39.864, -16.225], [39.871, -16.224], [39.88, -16.219], [39.885, -16.219], [39.887, -16.222], [39.888, -16.23], [39.887, -16.235], [39.884, -16.237], [39.887, -16.236], [39.886, -16.241], [39.885, -16.241], [39.885, -16.247], [39.881, -16.248], [39.878, -16.244], [39.853, -16.235], [39.846, -16.238], [39.839, -16.245], [39.831, -16.249], [39.825, -16.245], [39.827, -16.241], [39.827, -16.238], [39.821, -16.236], [39.82, -16.237], [39.826, -16.238], [39.826, -16.242], [39.823, -16.244], [39.817, -16.242], [39.813, -16.244], [39.823, -16.245], [39.832, -16.252], [39.834, -16.255], [39.834, -16.257], [39.832, -16.26], [39.83, -16.26], [39.822, -16.256], [39.816, -16.257], [39.823, -16.258], [39.832, -16.263], [39.835, -16.258], [39.836, -16.251], [39.838, -16.249], [39.852, -16.24], [39.858, -16.239], [39.864, -16.248], [39.861, -16.259], [39.855, -16.265], [39.849, -16.265], [39.84, -16.27], [39.83, -16.27], [39.82, -16.275], [39.809, -16.276], [39.801, -16.281], [39.787, -16.285], [39.782, -16.285], [39.776, -16.282], [39.772, -16.274], [39.775, -16.266], [39.772, -16.273], [39.771, -16.273], [39.762, -16.266], [39.754, -16.254], [39.747, -16.248], [39.754, -16.256], [39.757, -16.265]]], [[[39.794, -16.346], [39.796, -16.349], [39.795, -16.354], [39.795, -16.351], [39.792, -16.346], [39.792, -16.345], [39.794, -16.346]]], [[[39.816, -16.3], [39.812, -16.306], [39.812, -16.309], [39.809, -16.31], [39.808, -16.303], [39.813, -16.298], [39.816, -16.298], [39.816, -16.3]]], [[[39.808, -16.288], [39.808, -16.29], [39.803, -16.292], [39.802, -16.296], [39.798, -16.3], [39.788, -16.302], [39.785, -16.302], [39.779, -16.298], [39.775, -16.291], [39.775, -16.287], [39.781, -16.291], [39.786, -16.291], [39.798, -16.291], [39.807, -16.287], [39.808, -16.288]]], [[[39.858, -16.419], [39.858, -16.419], [39.859, -16.419], [39.857, -16.42], [39.858, -16.419]]], [[[39.823, -16.383], [39.821, -16.384], [39.821, -16.38], [39.822, -16.381], [39.823, -16.383]]], [[[39.886, -16.276], [39.883, -16.282], [39.883, -16.29], [39.88, -16.295], [39.863, -16.303], [39.856, -16.31], [39.856, -16.33], [39.857, -16.33], [39.858, -16.315], [39.86, -16.31], [39.868, -16.306], [39.869, -16.309], [39.873, -16.311], [39.87, -16.308], [39.87, -16.305], [39.881, -16.3], [39.886, -16.292], [39.892, -16.292], [39.892, -16.294], [39.894, -16.294], [39.891, -16.296], [39.89, -16.3], [39.895, -16.295], [39.894, -16.292], [39.889, -16.291], [39.887, -16.287], [39.889, -16.283], [39.897, -16.277], [39.908, -16.277], [39.916, -16.282], [39.922, -16.295], [39.924, -16.295], [39.926, -16.298], [39.92, -16.303], [39.91, -16.303], [39.907, -16.305], [39.916, -16.306], [39.901, -16.317], [39.898, -16.322], [39.896, -16.322], [39.896, -16.323], [39.9, -16.324], [39.899, -16.328], [39.892, -16.329], [39.89, -16.335], [39.89, -16.332], [39.888, -16.332], [39.886, -16.334], [39.887, -16.336], [39.892, -16.336], [39.892, -16.331], [39.901, -16.327], [39.901, -16.323], [39.906, -16.317], [39.911, -16.319], [39.924, -16.308], [39.931, -16.305], [39.925, -16.317], [39.924, -16.323], [39.918, -16.324], [39.911, -16.331], [39.912, -16.34], [39.916, -16.341], [39.916, -16.345], [39.913, -16.352], [39.908, -16.352], [39.908, -16.353], [39.905, -16.352], [39.9, -16.358], [39.893, -16.357], [39.894, -16.359], [39.9, -16.359], [39.905, -16.353], [39.911, -16.354], [39.916, -16.351], [39.918, -16.348], [39.918, -16.342], [39.915, -16.336], [39.915, -16.333], [39.916, -16.332], [39.914, -16.331], [39.915, -16.329], [39.917, -16.329], [39.918, -16.334], [39.919, -16.33], [39.922, -16.33], [39.925, -16.332], [39.935, -16.328], [39.937, -16.311], [39.939, -16.309], [39.941, -16.31], [39.943, -16.306], [39.948, -16.303], [39.951, -16.303], [39.951, -16.307], [39.937, -16.329], [39.913, -16.358], [39.906, -16.37], [39.905, -16.376], [39.903, -16.379], [39.902, -16.38], [39.901, -16.377], [39.904, -16.374], [39.901, -16.376], [39.9, -16.38], [39.896, -16.378], [39.895, -16.377], [39.896, -16.374], [39.895, -16.373], [39.895, -16.37], [39.894, -16.368], [39.895, -16.37], [39.894, -16.373], [39.895, -16.374], [39.894, -16.38], [39.891, -16.383], [39.892, -16.381], [39.881, -16.38], [39.885, -16.383], [39.889, -16.382], [39.889, -16.385], [39.897, -16.381], [39.898, -16.391], [39.905, -16.398], [39.903, -16.401], [39.904, -16.407], [39.899, -16.415], [39.903, -16.413], [39.908, -16.401], [39.912, -16.399], [39.913, -16.4], [39.913, -16.403], [39.908, -16.407], [39.907, -16.412], [39.898, -16.42], [39.893, -16.421], [39.886, -16.419], [39.863, -16.422], [39.86, -16.424], [39.855, -16.424], [39.86, -16.42], [39.866, -16.418], [39.869, -16.413], [39.873, -16.414], [39.873, -16.413], [39.869, -16.412], [39.865, -16.417], [39.857, -16.418], [39.858, -16.417], [39.857, -16.416], [39.854, -16.419], [39.849, -16.414], [39.84, -16.409], [39.838, -16.403], [39.842, -16.398], [39.843, -16.393], [39.839, -16.386], [39.84, -16.382], [39.838, -16.386], [39.842, -16.393], [39.84, -16.399], [39.837, -16.401], [39.829, -16.384], [39.816, -16.368], [39.802, -16.361], [39.798, -16.356], [39.796, -16.356], [39.799, -16.337], [39.8, -16.335], [39.807, -16.336], [39.805, -16.333], [39.808, -16.327], [39.809, -16.316], [39.811, -16.311], [39.815, -16.31], [39.816, -16.323], [39.82, -16.325], [39.818, -16.322], [39.818, -16.319], [39.826, -16.326], [39.827, -16.33], [39.833, -16.331], [39.833, -16.33], [39.828, -16.328], [39.827, -16.323], [39.822, -16.322], [39.819, -16.315], [39.818, -16.316], [39.816, -16.315], [39.816, -16.312], [39.819, -16.313], [39.818, -16.31], [39.819, -16.306], [39.828, -16.291], [39.845, -16.287], [39.852, -16.287], [39.869, -16.28], [39.874, -16.28], [39.882, -16.275], [39.886, -16.276]]], [[[39.921, -16.326], [39.921, -16.328], [39.916, -16.328], [39.916, -16.326], [39.92, -16.325], [39.921, -16.326]]], [[[39.913, -16.312], [39.909, -16.316], [39.906, -16.316], [39.911, -16.311], [39.913, -16.312]]], [[[39.917, -16.275], [39.92, -16.277], [39.921, -16.28], [39.916, -16.279], [39.913, -16.275], [39.917, -16.275]]], [[[39.86, -16.263], [39.861, -16.264], [39.857, -16.264], [39.858, -16.263], [39.86, -16.263]]], [[[39.871, -16.247], [39.877, -16.25], [39.877, -16.252], [39.871, -16.251], [39.868, -16.246], [39.871, -16.247]]], [[[39.796, -16.285], [39.794, -16.284], [39.798, -16.283], [39.798, -16.284], [39.796, -16.285]]], [[[39.758, -16.262], [39.76, -16.265], [39.76, -16.266], [39.757, -16.265], [39.756, -16.261], [39.758, -16.262]]], [[[40.032, -16.353], [40.031, -16.355], [40.029, -16.354], [40.03, -16.352], [40.032, -16.353]]], [[[39.93, -16.325], [39.928, -16.326], [39.928, -16.323], [39.93, -16.324], [39.93, -16.325]]], [[[39.933, -16.323], [39.931, -16.325], [39.933, -16.321], [39.933, -16.323], [39.933, -16.323]]], [[[39.929, -16.32], [39.927, -16.323], [39.926, -16.323], [39.928, -16.316], [39.929, -16.32]]], [[[39.935, -16.305], [39.932, -16.308], [39.932, -16.308], [39.933, -16.304], [39.935, -16.303], [39.935, -16.305]]], [[[39.921, -16.284], [39.925, -16.288], [39.925, -16.291], [39.92, -16.287], [39.919, -16.283], [39.921, -16.284]]], [[[39.926, -16.277], [39.929, -16.279], [39.93, -16.281], [39.923, -16.276], [39.926, -16.277]]], [[[39.918, -16.27], [39.923, -16.27], [39.936, -16.273], [39.935, -16.275], [39.943, -16.273], [39.945, -16.274], [39.945, -16.277], [39.933, -16.28], [39.92, -16.271], [39.915, -16.27], [39.918, -16.27]]], [[[39.969, -16.261], [39.969, -16.263], [39.968, -16.26], [39.969, -16.26], [39.969, -16.261]]], [[[40.034, -16.178], [40.035, -16.185], [40.033, -16.189], [40.031, -16.179], [40.032, -16.176], [40.034, -16.178]]], [[[39.859, -16.193], [39.862, -16.194], [39.862, -16.196], [39.86, -16.196], [39.857, -16.192], [39.859, -16.193]]], [[[39.89, -16.19], [39.889, -16.195], [39.885, -16.195], [39.883, -16.192], [39.886, -16.189], [39.89, -16.19]]]]}}, {"type": "Feature", "properties": {"id": "Lalaua", "name": "Lalaua", "desert": 1, "offices": 0}, "geometry": {"type": "MultiPolygon", "coordinates": [[[[38.084, -14.679], [38.065, -14.695], [38.064, -14.697], [38.056, -14.704], [38.049, -14.717], [38.042, -14.719], [38.012, -14.745], [38.003, -14.749], [37.999, -14.759], [37.986, -14.767], [37.971, -14.781], [37.958, -14.79], [37.947, -14.808], [37.92, -14.814], [37.911, -14.812], [37.882, -14.793], [37.871, -14.793], [37.858, -14.778], [37.855, -14.769], [37.849, -14.76], [37.84, -14.763], [37.819, -14.763], [37.806, -14.757], [37.799, -14.757], [37.793, -14.744], [37.785, -14.708], [37.771, -14.7], [37.766, -14.691], [37.766, -14.674], [37.779, -14.662], [37.781, -14.651], [37.776, -14.617], [37.772, -14.611], [37.766, -14.587], [37.748, -14.572], [37.729, -14.585], [37.715, -14.583], [37.699, -14.569], [37.699, -14.509], [37.702, -14.489], [37.68, -14.43], [37.676, -14.413], [37.674, -14.396], [37.674, -14.372], [37.683, -14.363], [37.686, -14.354], [37.686, -14.342], [37.693, -14.318], [37.699, -14.316], [37.711, -14.304], [37.718, -14.301], [37.724, -14.295], [37.772, -14.271], [37.779, -14.265], [37.785, -14.255], [37.797, -14.249], [37.824, -14.253], [37.84, -14.253], [37.858, -14.251], [37.868, -14.256], [37.879, -14.274], [37.913, -14.309], [37.928, -14.316], [37.94, -14.313], [37.961, -14.296], [37.983, -14.274], [37.988, -14.272], [37.999, -14.26], [38.019, -14.247], [38.032, -14.248], [38.037, -14.251], [38.049, -14.254], [38.062, -14.252], [38.071, -14.259], [38.084, -14.258], [38.095, -14.251], [38.106, -14.252], [38.119, -14.26], [38.125, -14.256], [38.135, -14.247], [38.148, -14.236], [38.162, -14.228], [38.173, -14.231], [38.183, -14.229], [38.212, -14.202], [38.237, -14.175], [38.248, -14.167], [38.279, -14.159], [38.304, -14.147], [38.335, -14.155], [38.355, -14.142], [38.373, -14.138], [38.43, -14.114], [38.441, -14.114], [38.47, -14.122], [38.481, -14.127], [38.51, -14.152], [38.522, -14.155], [38.533, -14.152], [38.544, -14.145], [38.563, -14.144], [38.576, -14.146], [38.609, -14.157], [38.62, -14.151], [38.649, -14.141], [38.662, -14.133], [38.67, -14.136], [38.675, -14.142], [38.686, -14.148], [38.687, -14.164], [38.673, -14.177], [38.655, -14.189], [38.642, -14.195], [38.624, -14.216], [38.609, -14.229], [38.593, -14.24], [38.591, -14.25], [38.592, -14.258], [38.577, -14.286], [38.567, -14.295], [38.556, -14.303], [38.547, -14.304], [38.539, -14.313], [38.529, -14.34], [38.524, -14.348], [38.521, -14.362], [38.521, -14.378], [38.525, -14.39], [38.519, -14.406], [38.52, -14.416], [38.528, -14.432], [38.527, -14.442], [38.514, -14.461], [38.501, -14.468], [38.49, -14.485], [38.497, -14.498], [38.493, -14.51], [38.493, -14.517], [38.495, -14.526], [38.484, -14.568], [38.485, -14.579], [38.476, -14.585], [38.458, -14.593], [38.435, -14.595], [38.418, -14.594], [38.395, -14.583], [38.352, -14.599], [38.34, -14.593], [38.31, -14.583], [38.299, -14.586], [38.275, -14.586], [38.265, -14.593], [38.254, -14.599], [38.24, -14.585], [38.231, -14.588], [38.226, -14.602], [38.23, -14.613], [38.229, -14.621], [38.209, -14.625], [38.199, -14.628], [38.195, -14.633], [38.176, -14.625], [38.168, -14.635], [38.15, -14.646], [38.141, -14.65], [38.129, -14.651], [38.122, -14.658], [38.108, -14.681], [38.084, -14.679]]]]}}, {"type": "Feature", "properties": {"id": "Malema", "name": "Malema", "desert": 0, "offices": 2}, "geometry": {"type": "MultiPolygon", "coordinates": [[[[37.729, -14.584], [37.748, -14.572], [37.766, -14.587], [37.772, -14.611], [37.776, -14.617], [37.781, -14.651], [37.779, -14.662], [37.766, -14.674], [37.766, -14.691], [37.771, -14.7], [37.785, -14.708], [37.793, -14.744], [37.799, -14.757], [37.806, -14.757], [37.819, -14.763], [37.84, -14.763], [37.849, -14.76], [37.855, -14.769], [37.858, -14.778], [37.871, -14.793], [37.882, -14.793], [37.911, -14.812], [37.92, -14.814], [37.947, -14.808], [37.916, -14.839], [37.911, -14.848], [37.908, -14.885], [37.89, -14.906], [37.883, -14.911], [37.871, -14.906], [37.864, -14.909], [37.855, -14.917], [37.838, -14.922], [37.832, -14.916], [37.825, -14.918], [37.81, -14.916], [37.805, -14.922], [37.796, -14.927], [37.776, -14.93], [37.763, -14.939], [37.739, -14.95], [37.731, -14.955], [37.73, -14.958], [37.708, -14.972], [37.695, -14.984], [37.668, -15.02], [37.66, -15.022], [37.661, -15.033], [37.647, -15.054], [37.643, -15.064], [37.667, -15.087], [37.671, -15.101], [37.681, -15.114], [37.682, -15.12], [37.681, -15.124], [37.671, -15.13], [37.643, -15.157], [37.637, -15.166], [37.621, -15.163], [37.612, -15.166], [37.595, -15.191], [37.592, -15.191], [37.545, -15.151], [37.538, -15.148], [37.532, -15.148], [37.517, -15.133], [37.477, -15.154], [37.465, -15.166], [37.449, -15.175], [37.437, -15.181], [37.42, -15.186], [37.415, -15.184], [37.408, -15.177], [37.406, -15.16], [37.4, -15.139], [37.38, -15.118], [37.362, -15.105], [37.356, -15.111], [37.338, -15.133], [37.323, -15.135], [37.314, -15.132], [37.309, -15.125], [37.309, -15.124], [37.296, -15.115], [37.292, -15.111], [37.288, -15.1], [37.283, -15.095], [37.264, -15.098], [37.258, -15.087], [37.247, -15.077], [37.244, -15.069], [37.24, -15.048], [37.242, -15.035], [37.242, -15.021], [37.236, -15.021], [37.224, -15.032], [37.218, -15.029], [37.215, -15.025], [37.222, -15.014], [37.22, -15.008], [37.212, -15.005], [37.202, -15.005], [37.192, -14.997], [37.003, -14.996], [36.697, -14.999], [36.714, -14.986], [36.731, -14.969], [36.746, -14.949], [36.757, -14.94], [36.766, -14.928], [36.769, -14.916], [36.767, -14.911], [36.772, -14.907], [36.785, -14.903], [36.792, -14.893], [36.797, -14.889], [36.8, -14.881], [36.814, -14.868], [36.835, -14.862], [36.834, -14.858], [36.83, -14.856], [36.829, -14.849], [36.832, -14.841], [36.835, -14.839], [36.842, -14.84], [36.847, -14.836], [36.846, -14.833], [36.84, -14.829], [36.838, -14.824], [36.84, -14.817], [36.85, -14.803], [36.866, -14.789], [36.869, -14.789], [36.884, -14.78], [36.884, -14.77], [36.886, -14.767], [36.895, -14.765], [36.902, -14.762], [36.908, -14.757], [36.937, -14.745], [36.944, -14.734], [36.943, -14.726], [36.946, -14.718], [36.953, -14.712], [36.961, -14.711], [36.964, -14.707], [36.974, -14.704], [36.985, -14.695], [36.998, -14.677], [37.006, -14.673], [37.02, -14.672], [37.03, -14.667], [37.043, -14.668], [37.053, -14.664], [37.079, -14.642], [37.083, -14.642], [37.096, -14.639], [37.12, -14.615], [37.157, -14.597], [37.165, -14.594], [37.182, -14.591], [37.2, -14.609], [37.234, -14.609], [37.24, -14.6], [37.255, -14.591], [37.258, -14.591], [37.283, -14.576], [37.296, -14.571], [37.301, -14.572], [37.332, -14.554], [37.338, -14.542], [37.347, -14.53], [37.36, -14.518], [37.397, -14.495], [37.415, -14.477], [37.425, -14.465], [37.427, -14.45], [37.43, -14.442], [37.47, -14.415], [37.486, -14.394], [37.504, -14.387], [37.516, -14.387], [37.547, -14.4], [37.569, -14.391], [37.588, -14.369], [37.6, -14.36], [37.611, -14.349], [37.608, -14.296], [37.62, -14.288], [37.631, -14.29], [37.645, -14.288], [37.668, -14.276], [37.683, -14.274], [37.695, -14.278], [37.711, -14.297], [37.718, -14.298], [37.719, -14.3], [37.711, -14.304], [37.699, -14.316], [37.692, -14.32], [37.686, -14.342], [37.686, -14.354], [37.683, -14.363], [37.674, -14.372], [37.674, -14.396], [37.676, -14.413], [37.68, -14.43], [37.702, -14.489], [37.699, -14.509], [37.699, -14.569], [37.715, -14.583], [37.729, -14.584]]]]}}, {"type": "Feature", "properties": {"id": "Meconta (Namialo)", "name": "Meconta", "desert": 0, "offices": 2}, "geometry": {"type": "MultiPolygon", "coordinates": [[[[39.799, -15.271], [39.795, -15.275], [39.803, -15.307], [39.798, -15.313], [39.798, -15.317], [39.808, -15.326], [39.817, -15.327], [39.821, -15.334], [39.821, -15.338], [39.817, -15.341], [39.799, -15.389], [39.821, -15.4], [39.832, -15.416], [39.84, -15.419], [39.849, -15.427], [39.849, -15.434], [39.838, -15.43], [39.81, -15.439], [39.774, -15.455], [39.767, -15.46], [39.762, -15.467], [39.775, -15.474], [39.771, -15.483], [39.773, -15.491], [39.771, -15.5], [39.773, -15.516], [39.771, -15.524], [39.772, -15.539], [39.777, -15.543], [39.784, -15.557], [39.788, -15.569], [39.787, -15.573], [39.784, -15.576], [39.777, -15.576], [39.763, -15.579], [39.755, -15.59], [39.742, -15.593], [39.742, -15.623], [39.736, -15.631], [39.712, -15.616], [39.701, -15.606], [39.694, -15.605], [39.677, -15.608], [39.645, -15.625], [39.62, -15.629], [39.61, -15.641], [39.576, -15.621], [39.575, -15.618], [39.558, -15.601], [39.533, -15.597], [39.523, -15.607], [39.517, -15.618], [39.508, -15.626], [39.496, -15.613], [39.49, -15.609], [39.479, -15.593], [39.471, -15.591], [39.443, -15.592], [39.418, -15.602], [39.412, -15.602], [39.396, -15.596], [39.392, -15.599], [39.384, -15.621], [39.375, -15.627], [39.378, -15.639], [39.375, -15.641], [39.363, -15.639], [39.351, -15.617], [39.327, -15.614], [39.309, -15.638], [39.285, -15.633], [39.283, -15.642], [39.261, -15.63], [39.255, -15.63], [39.252, -15.633], [39.262, -15.609], [39.263, -15.604], [39.26, -15.595], [39.26, -15.583], [39.253, -15.581], [39.247, -15.584], [39.245, -15.58], [39.245, -15.574], [39.248, -15.566], [39.236, -15.562], [39.227, -15.548], [39.228, -15.532], [39.218, -15.512], [39.211, -15.489], [39.197, -15.482], [39.197, -15.478], [39.208, -15.456], [39.214, -15.45], [39.228, -15.443], [39.237, -15.434], [39.242, -15.436], [39.247, -15.435], [39.267, -15.418], [39.283, -15.409], [39.288, -15.409], [39.3, -15.412], [39.31, -15.41], [39.325, -15.415], [39.33, -15.401], [39.335, -15.395], [39.34, -15.394], [39.348, -15.396], [39.364, -15.405], [39.371, -15.406], [39.375, -15.402], [39.367, -15.398], [39.361, -15.384], [39.361, -15.379], [39.379, -15.37], [39.381, -15.364], [39.382, -15.356], [39.376, -15.348], [39.383, -15.344], [39.396, -15.326], [39.404, -15.329], [39.42, -15.341], [39.424, -15.342], [39.433, -15.341], [39.445, -15.326], [39.451, -15.322], [39.475, -15.324], [39.49, -15.313], [39.493, -15.306], [39.492, -15.299], [39.489, -15.287], [39.482, -15.277], [39.483, -15.256], [39.481, -15.242], [39.479, -15.209], [39.503, -15.207], [39.504, -15.186], [39.523, -15.173], [39.542, -15.164], [39.552, -15.155], [39.559, -15.152], [39.569, -15.152], [39.579, -15.154], [39.585, -15.153], [39.587, -15.141], [39.585, -15.134], [39.584, -15.117], [39.578, -15.106], [39.568, -15.095], [39.566, -15.081], [39.557, -15.06], [39.579, -15.032], [39.595, -15.017], [39.609, -15.006], [39.614, -15.006], [39.626, -14.99], [39.629, -14.978], [39.641, -14.97], [39.659, -14.938], [39.706, -14.919], [39.732, -14.918], [39.749, -14.905], [39.769, -14.893], [39.801, -14.899], [39.813, -14.886], [39.821, -14.883], [39.828, -14.884], [39.834, -14.882], [39.84, -14.877], [39.85, -14.873], [39.858, -14.867], [39.867, -14.866], [39.871, -14.871], [39.873, -14.884], [39.876, -14.889], [39.881, -14.893], [39.888, -14.896], [39.91, -14.898], [39.928, -14.906], [39.945, -14.907], [39.968, -14.899], [39.965, -14.889], [39.969, -14.893], [39.976, -14.88], [39.967, -14.867], [39.968, -14.866], [39.986, -14.862], [39.998, -14.856], [40.018, -14.864], [40.043, -14.857], [40.049, -14.854], [40.059, -14.853], [40.067, -14.869], [40.069, -14.877], [40.067, -14.884], [40.053, -14.895], [40.047, -14.904], [40.038, -14.933], [40.037, -14.942], [40.037, -14.962], [40.03, -14.986], [40.03, -14.999], [40.027, -15.002], [40.031, -15.007], [40.043, -15.008], [40.051, -15.011], [40.055, -15.018], [40.048, -15.021], [40.025, -15.034], [40.01, -15.041], [40.0, -15.041], [39.99, -15.046], [39.978, -15.047], [39.962, -15.051], [39.962, -15.062], [39.941, -15.062], [39.932, -15.064], [39.883, -15.109], [39.888, -15.119], [39.897, -15.133], [39.889, -15.15], [39.893, -15.16], [39.901, -15.171], [39.908, -15.195], [39.913, -15.203], [39.91, -15.216], [39.84, -15.252], [39.839, -15.261], [39.835, -15.262], [39.83, -15.261], [39.825, -15.262], [39.819, -15.268], [39.813, -15.265], [39.808, -15.266], [39.799, -15.271]]]]}}, {"type": "Feature", "properties": {"id": "Mecuburi", "name": "Mecuburi", "desert": 0, "offices": 2}, "geometry": {"type": "MultiPolygon", "coordinates": [[[[38.485, -14.578], [38.484, -14.568], [38.495, -14.526], [38.493, -14.517], [38.493, -14.51], [38.497, -14.498], [38.49, -14.485], [38.501, -14.468], [38.514, -14.461], [38.527, -14.442], [38.528, -14.432], [38.52, -14.416], [38.519, -14.406], [38.525, -14.39], [38.521, -14.378], [38.521, -14.362], [38.524, -14.348], [38.529, -14.34], [38.539, -14.313], [38.547, -14.304], [38.556, -14.303], [38.567, -14.295], [38.577, -14.286], [38.592, -14.258], [38.591, -14.25], [38.593, -14.24], [38.609, -14.229], [38.624, -14.216], [38.642, -14.195], [38.655, -14.189], [38.673, -14.177], [38.687, -14.164], [38.686, -14.148], [38.703, -14.152], [38.715, -14.152], [38.736, -14.132], [38.751, -14.124], [38.767, -14.118], [38.779, -14.106], [38.795, -14.107], [38.811, -14.113], [38.822, -14.113], [38.851, -14.094], [38.88, -14.071], [38.904, -14.059], [38.922, -14.054], [38.955, -14.037], [38.986, -14.017], [39.006, -14.01], [39.033, -14.011], [39.048, -14.008], [39.056, -14.004], [39.076, -13.986], [39.086, -13.972], [39.107, -13.959], [39.118, -13.949], [39.142, -13.934], [39.163, -13.932], [39.172, -13.938], [39.187, -13.953], [39.207, -14.02], [39.216, -14.037], [39.242, -14.068], [39.253, -14.077], [39.262, -14.078], [39.28, -14.083], [39.285, -14.102], [39.291, -14.144], [39.308, -14.172], [39.319, -14.23], [39.32, -14.261], [39.304, -14.302], [39.309, -14.307], [39.322, -14.314], [39.328, -14.314], [39.337, -14.326], [39.331, -14.327], [39.319, -14.335], [39.282, -14.371], [39.294, -14.427], [39.301, -14.445], [39.301, -14.464], [39.294, -14.485], [39.287, -14.492], [39.287, -14.494], [39.267, -14.518], [39.252, -14.538], [39.239, -14.553], [39.236, -14.56], [39.235, -14.572], [39.23, -14.588], [39.219, -14.6], [39.216, -14.611], [39.212, -14.614], [39.195, -14.643], [39.187, -14.654], [39.188, -14.673], [39.206, -14.679], [39.228, -14.7], [39.256, -14.712], [39.26, -14.72], [39.26, -14.727], [39.264, -14.733], [39.264, -14.741], [39.274, -14.757], [39.271, -14.786], [39.258, -14.798], [39.248, -14.811], [39.248, -14.82], [39.26, -14.847], [39.258, -14.846], [39.254, -14.849], [39.229, -14.855], [39.227, -14.857], [39.225, -14.874], [39.196, -14.89], [39.191, -14.887], [39.182, -14.89], [39.165, -14.876], [39.159, -14.864], [39.152, -14.857], [39.144, -14.856], [39.128, -14.857], [39.12, -14.854], [39.112, -14.848], [39.102, -14.843], [39.091, -14.844], [39.071, -14.865], [39.064, -14.87], [39.042, -14.873], [39.031, -14.872], [39.0, -14.863], [38.98, -14.87], [38.948, -14.873], [38.929, -14.88], [38.921, -14.871], [38.913, -14.867], [38.895, -14.869], [38.881, -14.873], [38.868, -14.874], [38.846, -14.869], [38.826, -14.874], [38.809, -14.881], [38.806, -14.893], [38.799, -14.904], [38.79, -14.905], [38.788, -14.903], [38.78, -14.914], [38.773, -14.912], [38.763, -14.914], [38.751, -14.909], [38.737, -14.908], [38.717, -14.921], [38.694, -14.942], [38.685, -14.945], [38.662, -14.947], [38.651, -14.954], [38.638, -14.959], [38.614, -14.959], [38.603, -14.962], [38.597, -14.956], [38.588, -14.952], [38.579, -14.94], [38.572, -14.927], [38.585, -14.914], [38.585, -14.906], [38.582, -14.9], [38.578, -14.883], [38.556, -14.867], [38.513, -14.848], [38.509, -14.842], [38.514, -14.829], [38.533, -14.792], [38.539, -14.773], [38.549, -14.758], [38.554, -14.745], [38.554, -14.736], [38.546, -14.726], [38.543, -14.715], [38.538, -14.703], [38.52, -14.675], [38.526, -14.662], [38.52, -14.628], [38.516, -14.62], [38.51, -14.618], [38.508, -14.608], [38.498, -14.602], [38.485, -14.578]]], [[[39.337, -14.326], [39.34, -14.325], [39.341, -14.325], [39.34, -14.325], [39.337, -14.326]]]]}}, {"type": "Feature", "properties": {"id": "Memba", "name": "Memba", "desert": 1, "offices": 0}, "geometry": {"type": "MultiPolygon", "coordinates": [[[[40.376, -14.328], [40.378, -14.317], [40.384, -14.313], [40.392, -14.312], [40.398, -14.307], [40.414, -14.302], [40.416, -14.3], [40.416, -14.295], [40.412, -14.286], [40.422, -14.282], [40.43, -14.276], [40.433, -14.266], [40.439, -14.264], [40.453, -14.263], [40.445, -14.239], [40.434, -14.237], [40.428, -14.24], [40.419, -14.251], [40.395, -14.259], [40.37, -14.274], [40.354, -14.285], [40.345, -14.286], [40.34, -14.283], [40.327, -14.271], [40.29, -14.274], [40.28, -14.273], [40.273, -14.266], [40.268, -14.249], [40.261, -14.243], [40.244, -14.247], [40.232, -14.245], [40.231, -14.229], [40.22, -14.212], [40.216, -14.209], [40.209, -14.187], [40.204, -14.181], [40.178, -14.157], [40.16, -14.148], [40.151, -14.14], [40.143, -14.126], [40.112, -14.105], [40.115, -14.099], [40.131, -14.083], [40.135, -14.075], [40.133, -14.069], [40.134, -14.065], [40.148, -14.059], [40.152, -14.055], [40.153, -14.049], [40.147, -14.05], [40.143, -14.049], [40.138, -14.035], [40.133, -14.03], [40.118, -14.024], [40.111, -14.019], [40.097, -14.02], [40.086, -14.024], [40.08, -14.019], [40.065, -14.016], [40.062, -14.008], [40.064, -13.998], [40.05, -13.983], [40.037, -13.98], [40.022, -13.955], [40.016, -13.95], [40.019, -13.944], [40.02, -13.935], [40.025, -13.931], [40.029, -13.922], [40.036, -13.886], [40.044, -13.886], [40.053, -13.882], [40.073, -13.878], [40.118, -13.88], [40.166, -13.872], [40.157, -13.832], [40.15, -13.809], [40.14, -13.804], [40.128, -13.806], [40.118, -13.803], [40.115, -13.793], [40.118, -13.78], [40.122, -13.769], [40.127, -13.77], [40.135, -13.762], [40.155, -13.757], [40.171, -13.764], [40.175, -13.764], [40.202, -13.74], [40.201, -13.708], [40.204, -13.694], [40.213, -13.688], [40.225, -13.658], [40.241, -13.637], [40.243, -13.628], [40.279, -13.623], [40.323, -13.611], [40.355, -13.607], [40.368, -13.609], [40.378, -13.613], [40.409, -13.633], [40.409, -13.634], [40.398, -13.649], [40.379, -13.656], [40.368, -13.664], [40.383, -13.705], [40.383, -13.732], [40.368, -13.735], [40.367, -13.75], [40.359, -13.753], [40.349, -13.75], [40.324, -13.75], [40.333, -13.773], [40.318, -13.828], [40.37, -13.819], [40.402, -13.804], [40.448, -13.805], [40.47, -13.794], [40.481, -13.777], [40.485, -13.759], [40.503, -13.771], [40.571, -13.71], [40.574, -13.714], [40.575, -13.759], [40.573, -13.769], [40.576, -13.784], [40.579, -13.787], [40.581, -13.795], [40.584, -13.798], [40.583, -13.811], [40.586, -13.818], [40.585, -13.834], [40.588, -13.85], [40.588, -13.889], [40.593, -13.9], [40.603, -13.909], [40.606, -13.916], [40.616, -13.927], [40.618, -13.946], [40.62, -13.954], [40.617, -13.966], [40.621, -13.969], [40.623, -13.981], [40.623, -13.985], [40.618, -13.985], [40.612, -13.98], [40.599, -13.985], [40.596, -13.983], [40.597, -13.981], [40.596, -13.978], [40.594, -13.979], [40.592, -13.976], [40.586, -13.976], [40.582, -13.98], [40.58, -13.98], [40.58, -13.982], [40.576, -13.986], [40.575, -13.995], [40.578, -14.001], [40.584, -14.002], [40.591, -14.008], [40.598, -14.006], [40.604, -14.008], [40.608, -14.007], [40.607, -14.001], [40.61, -13.998], [40.612, -13.999], [40.617, -13.997], [40.62, -13.999], [40.622, -13.998], [40.626, -14.014], [40.631, -14.018], [40.636, -14.018], [40.638, -14.027], [40.634, -14.03], [40.632, -14.035], [40.634, -14.043], [40.633, -14.048], [40.63, -14.051], [40.63, -14.053], [40.632, -14.053], [40.631, -14.059], [40.632, -14.063], [40.629, -14.07], [40.627, -14.07], [40.625, -14.078], [40.628, -14.081], [40.623, -14.08], [40.621, -14.083], [40.614, -14.086], [40.611, -14.09], [40.604, -14.089], [40.602, -14.094], [40.593, -14.089], [40.587, -14.093], [40.585, -14.096], [40.59, -14.102], [40.595, -14.1], [40.598, -14.102], [40.601, -14.102], [40.601, -14.106], [40.603, -14.109], [40.608, -14.108], [40.607, -14.111], [40.605, -14.111], [40.607, -14.122], [40.612, -14.122], [40.613, -14.123], [40.604, -14.13], [40.603, -14.133], [40.605, -14.138], [40.61, -14.143], [40.605, -14.143], [40.602, -14.146], [40.6, -14.145], [40.599, -14.148], [40.59, -14.149], [40.587, -14.154], [40.584, -14.153], [40.581, -14.154], [40.572, -14.153], [40.561, -14.155], [40.56, -14.145], [40.559, -14.153], [40.556, -14.156], [40.547, -14.155], [40.541, -14.156], [40.54, -14.151], [40.536, -14.159], [40.531, -14.161], [40.528, -14.165], [40.526, -14.165], [40.526, -14.169], [40.518, -14.169], [40.513, -14.171], [40.51, -14.171], [40.502, -14.173], [40.5, -14.175], [40.501, -14.177], [40.503, -14.175], [40.508, -14.174], [40.52, -14.176], [40.526, -14.175], [40.527, -14.181], [40.531, -14.184], [40.536, -14.2], [40.539, -14.202], [40.544, -14.203], [40.546, -14.209], [40.555, -14.215], [40.555, -14.216], [40.557, -14.218], [40.557, -14.219], [40.555, -14.22], [40.553, -14.226], [40.547, -14.227], [40.546, -14.23], [40.559, -14.237], [40.561, -14.236], [40.561, -14.234], [40.558, -14.225], [40.563, -14.225], [40.567, -14.233], [40.57, -14.233], [40.574, -14.23], [40.566, -14.219], [40.568, -14.216], [40.569, -14.212], [40.57, -14.212], [40.572, -14.214], [40.572, -14.212], [40.575, -14.213], [40.577, -14.216], [40.58, -14.216], [40.581, -14.213], [40.58, -14.208], [40.585, -14.206], [40.586, -14.207], [40.585, -14.212], [40.588, -14.214], [40.587, -14.216], [40.59, -14.216], [40.592, -14.219], [40.597, -14.221], [40.594, -14.222], [40.594, -14.228], [40.592, -14.229], [40.592, -14.231], [40.587, -14.235], [40.588, -14.236], [40.586, -14.238], [40.59, -14.244], [40.596, -14.245], [40.6, -14.25], [40.6, -14.254], [40.602, -14.254], [40.6, -14.258], [40.595, -14.26], [40.593, -14.263], [40.593, -14.266], [40.596, -14.27], [40.595, -14.274], [40.597, -14.276], [40.599, -14.276], [40.614, -14.267], [40.613, -14.27], [40.609, -14.276], [40.61, -14.279], [40.615, -14.27], [40.615, -14.264], [40.617, -14.261], [40.616, -14.26], [40.618, -14.257], [40.617, -14.249], [40.613, -14.246], [40.614, -14.241], [40.616, -14.237], [40.617, -14.23], [40.618, -14.229], [40.617, -14.227], [40.621, -14.225], [40.621, -14.219], [40.623, -14.216], [40.63, -14.215], [40.634, -14.219], [40.639, -14.218], [40.639, -14.214], [40.642, -14.213], [40.64, -14.21], [40.642, -14.207], [40.645, -14.205], [40.651, -14.199], [40.664, -14.196], [40.665, -14.192], [40.67, -14.199], [40.681, -14.203], [40.688, -14.199], [40.69, -14.191], [40.693, -14.187], [40.703, -14.188], [40.706, -14.19], [40.711, -14.203], [40.718, -14.207], [40.713, -14.226], [40.714, -14.237], [40.713, -14.247], [40.714, -14.254], [40.718, -14.26], [40.729, -14.268], [40.735, -14.27], [40.739, -14.275], [40.733, -14.296], [40.731, -14.313], [40.732, -14.317], [40.735, -14.32], [40.732, -14.33], [40.734, -14.333], [40.731, -14.333], [40.729, -14.338], [40.724, -14.34], [40.72, -14.346], [40.713, -14.348], [40.705, -14.349], [40.698, -14.357], [40.695, -14.366], [40.685, -14.371], [40.677, -14.383], [40.673, -14.384], [40.665, -14.378], [40.663, -14.371], [40.657, -14.364], [40.655, -14.355], [40.651, -14.353], [40.646, -14.342], [40.64, -14.334], [40.639, -14.33], [40.638, -14.329], [40.632, -14.33], [40.629, -14.327], [40.624, -14.326], [40.621, -14.329], [40.623, -14.335], [40.631, -14.335], [40.634, -14.338], [40.635, -14.344], [40.633, -14.347], [40.635, -14.348], [40.635, -14.35], [40.633, -14.354], [40.635, -14.354], [40.635, -14.358], [40.64, -14.362], [40.64, -14.364], [40.637, -14.365], [40.637, -14.367], [40.637, -14.37], [40.64, -14.373], [40.585, -14.372], [40.573, -14.38], [40.553, -14.407], [40.54, -14.419], [40.532, -14.421], [40.517, -14.428], [40.488, -14.466], [40.483, -14.467], [40.467, -14.473], [40.447, -14.472], [40.439, -14.467], [40.432, -14.458], [40.405, -14.451], [40.392, -14.443], [40.392, -14.422], [40.387, -14.391], [40.375, -14.38], [40.377, -14.372], [40.374, -14.352], [40.377, -14.342], [40.376, -14.328]]], [[[40.627, -14.084], [40.629, -14.085], [40.629, -14.087], [40.625, -14.085], [40.627, -14.084]]]]}}, {"type": "Feature", "properties": {"id": "Mogincual", "name": "Mongincual", "desert": 1, "offices": 0}, "geometry": {"type": "MultiPolygon", "coordinates": [[[[40.123, -15.949], [40.122, -15.952], [40.12, -15.953], [40.121, -15.948], [40.123, -15.949]]], [[[40.131, -15.944], [40.131, -15.942], [40.132, -15.941], [40.132, -15.943], [40.131, -15.944]]], [[[40.137, -15.938], [40.137, -15.94], [40.133, -15.94], [40.135, -15.938], [40.137, -15.938]]], [[[40.02, -15.894], [40.001, -15.883], [39.997, -15.883], [39.986, -15.863], [39.979, -15.86], [39.972, -15.861], [39.958, -15.855], [39.942, -15.851], [39.919, -15.851], [39.897, -15.835], [39.89, -15.833], [39.888, -15.824], [39.898, -15.815], [39.898, -15.809], [39.887, -15.811], [39.88, -15.809], [39.88, -15.795], [39.873, -15.785], [39.874, -15.769], [39.882, -15.758], [39.878, -15.748], [39.871, -15.738], [39.864, -15.735], [39.858, -15.719], [39.831, -15.716], [39.815, -15.718], [39.785, -15.706], [39.774, -15.7], [39.761, -15.685], [39.744, -15.672], [39.734, -15.662], [39.74, -15.638], [39.736, -15.631], [39.742, -15.623], [39.742, -15.593], [39.755, -15.59], [39.763, -15.579], [39.777, -15.576], [39.784, -15.576], [39.787, -15.573], [39.788, -15.569], [39.784, -15.557], [39.777, -15.543], [39.772, -15.539], [39.771, -15.524], [39.773, -15.516], [39.771, -15.5], [39.773, -15.491], [39.771, -15.483], [39.775, -15.474], [39.762, -15.467], [39.767, -15.46], [39.774, -15.455], [39.81, -15.439], [39.838, -15.43], [39.849, -15.434], [39.849, -15.427], [39.84, -15.419], [39.832, -15.416], [39.821, -15.4], [39.799, -15.389], [39.817, -15.341], [39.821, -15.338], [39.821, -15.334], [39.817, -15.327], [39.808, -15.326], [39.798, -15.317], [39.798, -15.313], [39.803, -15.307], [39.795, -15.275], [39.799, -15.271], [39.808, -15.266], [39.813, -15.265], [39.819, -15.268], [39.825, -15.262], [39.83, -15.261], [39.835, -15.262], [39.839, -15.261], [39.84, -15.252], [39.91, -15.216], [39.913, -15.203], [39.908, -15.195], [39.913, -15.188], [39.92, -15.18], [39.938, -15.167], [39.952, -15.165], [39.965, -15.168], [39.971, -15.165], [39.984, -15.166], [40.0, -15.171], [40.009, -15.185], [40.017, -15.191], [40.026, -15.193], [40.03, -15.197], [40.035, -15.207], [40.044, -15.213], [40.053, -15.213], [40.075, -15.22], [40.108, -15.22], [40.11, -15.216], [40.109, -15.192], [40.113, -15.184], [40.129, -15.171], [40.132, -15.157], [40.188, -15.108], [40.195, -15.1], [40.222, -15.095], [40.231, -15.095], [40.224, -15.113], [40.226, -15.13], [40.233, -15.14], [40.24, -15.145], [40.247, -15.151], [40.25, -15.161], [40.253, -15.166], [40.241, -15.174], [40.225, -15.198], [40.22, -15.208], [40.233, -15.226], [40.242, -15.249], [40.253, -15.261], [40.249, -15.277], [40.245, -15.316], [40.245, -15.33], [40.252, -15.381], [40.26, -15.383], [40.279, -15.407], [40.302, -15.444], [40.317, -15.457], [40.323, -15.46], [40.343, -15.456], [40.349, -15.463], [40.357, -15.468], [40.36, -15.475], [40.369, -15.505], [40.371, -15.509], [40.381, -15.514], [40.403, -15.512], [40.421, -15.507], [40.457, -15.511], [40.47, -15.504], [40.487, -15.483], [40.51, -15.465], [40.515, -15.458], [40.532, -15.451], [40.54, -15.444], [40.542, -15.447], [40.539, -15.448], [40.541, -15.454], [40.548, -15.456], [40.548, -15.459], [40.55, -15.46], [40.559, -15.457], [40.563, -15.457], [40.566, -15.462], [40.565, -15.466], [40.567, -15.471], [40.564, -15.476], [40.564, -15.48], [40.566, -15.481], [40.566, -15.482], [40.564, -15.483], [40.564, -15.482], [40.56, -15.481], [40.557, -15.484], [40.551, -15.484], [40.549, -15.486], [40.55, -15.491], [40.551, -15.485], [40.558, -15.488], [40.562, -15.486], [40.562, -15.491], [40.564, -15.492], [40.562, -15.494], [40.564, -15.495], [40.566, -15.488], [40.569, -15.487], [40.568, -15.483], [40.57, -15.487], [40.561, -15.499], [40.554, -15.502], [40.55, -15.508], [40.543, -15.515], [40.541, -15.514], [40.54, -15.514], [40.535, -15.521], [40.533, -15.52], [40.53, -15.522], [40.527, -15.531], [40.524, -15.534], [40.521, -15.535], [40.517, -15.534], [40.517, -15.526], [40.522, -15.525], [40.526, -15.521], [40.526, -15.519], [40.522, -15.518], [40.522, -15.519], [40.525, -15.52], [40.524, -15.522], [40.52, -15.525], [40.514, -15.525], [40.514, -15.533], [40.507, -15.539], [40.504, -15.539], [40.5, -15.536], [40.495, -15.537], [40.491, -15.541], [40.485, -15.539], [40.49, -15.542], [40.486, -15.546], [40.479, -15.544], [40.479, -15.547], [40.483, -15.549], [40.488, -15.548], [40.493, -15.543], [40.497, -15.541], [40.501, -15.545], [40.5, -15.551], [40.501, -15.556], [40.496, -15.561], [40.485, -15.563], [40.484, -15.565], [40.486, -15.569], [40.483, -15.567], [40.481, -15.565], [40.48, -15.569], [40.467, -15.574], [40.464, -15.577], [40.462, -15.581], [40.456, -15.579], [40.46, -15.586], [40.448, -15.587], [40.44, -15.595], [40.422, -15.596], [40.419, -15.6], [40.424, -15.596], [40.44, -15.597], [40.449, -15.59], [40.459, -15.588], [40.468, -15.58], [40.47, -15.579], [40.473, -15.58], [40.472, -15.585], [40.469, -15.587], [40.454, -15.594], [40.441, -15.604], [40.425, -15.618], [40.423, -15.623], [40.424, -15.629], [40.421, -15.635], [40.398, -15.663], [40.394, -15.678], [40.388, -15.683], [40.382, -15.695], [40.377, -15.701], [40.372, -15.716], [40.35, -15.746], [40.322, -15.769], [40.311, -15.786], [40.293, -15.802], [40.286, -15.806], [40.28, -15.813], [40.265, -15.824], [40.259, -15.831], [40.25, -15.838], [40.239, -15.85], [40.231, -15.854], [40.226, -15.853], [40.221, -15.855], [40.227, -15.854], [40.228, -15.858], [40.23, -15.859], [40.233, -15.858], [40.235, -15.854], [40.237, -15.853], [40.237, -15.855], [40.234, -15.858], [40.22, -15.868], [40.209, -15.883], [40.199, -15.889], [40.181, -15.906], [40.176, -15.914], [40.169, -15.921], [40.165, -15.928], [40.164, -15.932], [40.157, -15.938], [40.154, -15.944], [40.148, -15.943], [40.12, -15.956], [40.12, -15.954], [40.126, -15.948], [40.132, -15.947], [40.137, -15.941], [40.143, -15.938], [40.145, -15.924], [40.143, -15.92], [40.143, -15.912], [40.133, -15.917], [40.13, -15.917], [40.126, -15.921], [40.116, -15.918], [40.112, -15.915], [40.086, -15.917], [40.072, -15.914], [40.055, -15.901], [40.045, -15.902], [40.035, -15.905], [40.02, -15.894]]], [[[40.464, -15.58], [40.465, -15.578], [40.466, -15.577], [40.463, -15.582], [40.464, -15.58]]], [[[40.5, -15.563], [40.483, -15.574], [40.482, -15.573], [40.483, -15.57], [40.487, -15.569], [40.496, -15.561], [40.5, -15.56], [40.5, -15.563]]], [[[40.487, -15.565], [40.488, -15.566], [40.487, -15.567], [40.486, -15.566], [40.487, -15.565]]], [[[40.518, -15.538], [40.516, -15.543], [40.511, -15.546], [40.515, -15.536], [40.518, -15.536], [40.518, -15.538]]], [[[40.517, -15.528], [40.515, -15.528], [40.516, -15.526], [40.517, -15.526], [40.517, -15.528]]], [[[40.535, -15.522], [40.533, -15.528], [40.53, -15.529], [40.53, -15.524], [40.532, -15.521], [40.535, -15.522]]], [[[40.541, -15.517], [40.538, -15.52], [40.537, -15.52], [40.54, -15.514], [40.541, -15.517]]], [[[40.555, -15.452], [40.556, -15.455], [40.552, -15.457], [40.547, -15.454], [40.548, -15.452], [40.555, -15.452]]], [[[40.563, -15.454], [40.564, -15.455], [40.564, -15.455], [40.561, -15.453], [40.563, -15.454]]]]}}, {"type": "Feature", "properties": {"id": "Mogovolas", "name": "Mogovolas", "desert": 0, "offices": 1}, "geometry": {"type": "MultiPolygon", "coordinates": [[[[39.658, -15.923], [39.638, -15.926], [39.632, -15.931], [39.627, -15.941], [39.623, -15.953], [39.623, -15.962], [39.632, -15.975], [39.638, -15.979], [39.638, -15.984], [39.632, -15.987], [39.607, -15.987], [39.601, -15.991], [39.595, -15.999], [39.585, -16.004], [39.573, -16.008], [39.558, -16.022], [39.553, -16.029], [39.55, -16.047], [39.53, -16.061], [39.515, -16.075], [39.504, -16.063], [39.445, -16.046], [39.425, -16.044], [39.419, -16.046], [39.414, -16.051], [39.415, -16.045], [39.409, -16.029], [39.407, -16.015], [39.385, -16.005], [39.376, -16.002], [39.365, -16.001], [39.357, -16.008], [39.345, -16.013], [39.335, -16.012], [39.308, -16.003], [39.302, -15.998], [39.306, -15.981], [39.305, -15.977], [39.299, -15.975], [39.277, -15.96], [39.263, -15.958], [39.248, -15.965], [39.242, -15.963], [39.234, -15.966], [39.226, -15.964], [39.208, -15.953], [39.201, -15.953], [39.194, -15.948], [39.197, -15.941], [39.196, -15.935], [39.173, -15.924], [39.164, -15.911], [39.157, -15.915], [39.152, -15.919], [39.132, -15.92], [39.127, -15.925], [39.127, -15.929], [39.12, -15.929], [39.119, -15.935], [39.108, -15.934], [39.099, -15.938], [39.093, -15.938], [39.085, -15.927], [39.079, -15.926], [39.059, -15.93], [39.049, -15.928], [39.041, -15.919], [39.027, -15.916], [39.018, -15.896], [39.014, -15.895], [39.008, -15.896], [38.999, -15.89], [38.974, -15.89], [38.951, -15.902], [38.922, -15.91], [38.91, -15.916], [38.904, -15.923], [38.899, -15.924], [38.881, -15.916], [38.873, -15.915], [38.86, -15.917], [38.845, -15.915], [38.848, -15.892], [38.839, -15.886], [38.828, -15.883], [38.825, -15.874], [38.822, -15.841], [38.815, -15.836], [38.807, -15.826], [38.804, -15.817], [38.804, -15.801], [38.802, -15.792], [38.788, -15.777], [38.8, -15.761], [38.8, -15.754], [38.805, -15.752], [38.812, -15.751], [38.812, -15.736], [38.818, -15.717], [38.816, -15.708], [38.817, -15.698], [38.824, -15.688], [38.83, -15.684], [38.838, -15.667], [38.841, -15.651], [38.841, -15.642], [38.827, -15.629], [38.828, -15.62], [38.844, -15.61], [38.846, -15.613], [38.855, -15.602], [38.873, -15.592], [38.882, -15.591], [38.886, -15.587], [38.879, -15.582], [38.855, -15.579], [38.853, -15.554], [38.855, -15.535], [38.853, -15.528], [38.855, -15.521], [38.88, -15.498], [38.89, -15.492], [38.903, -15.478], [38.932, -15.466], [38.946, -15.456], [38.965, -15.449], [38.971, -15.444], [38.966, -15.442], [38.958, -15.443], [38.949, -15.441], [38.938, -15.426], [38.936, -15.422], [38.937, -15.397], [38.93, -15.386], [38.936, -15.382], [38.955, -15.38], [38.962, -15.38], [38.968, -15.386], [38.987, -15.39], [38.995, -15.39], [39.01, -15.388], [39.019, -15.388], [39.02, -15.391], [39.021, -15.397], [39.023, -15.4], [39.027, -15.402], [39.041, -15.406], [39.047, -15.393], [39.063, -15.378], [39.09, -15.381], [39.101, -15.379], [39.128, -15.369], [39.132, -15.369], [39.137, -15.373], [39.141, -15.371], [39.151, -15.372], [39.161, -15.371], [39.174, -15.382], [39.231, -15.415], [39.234, -15.437], [39.228, -15.443], [39.211, -15.452], [39.203, -15.464], [39.197, -15.478], [39.197, -15.482], [39.211, -15.489], [39.218, -15.512], [39.228, -15.532], [39.227, -15.548], [39.236, -15.562], [39.248, -15.566], [39.245, -15.574], [39.245, -15.58], [39.247, -15.584], [39.253, -15.581], [39.26, -15.583], [39.26, -15.595], [39.263, -15.604], [39.262, -15.609], [39.252, -15.633], [39.255, -15.63], [39.261, -15.63], [39.283, -15.642], [39.285, -15.633], [39.309, -15.638], [39.327, -15.614], [39.351, -15.617], [39.363, -15.639], [39.375, -15.641], [39.378, -15.639], [39.375, -15.627], [39.384, -15.621], [39.392, -15.599], [39.396, -15.596], [39.412, -15.602], [39.418, -15.602], [39.443, -15.592], [39.471, -15.591], [39.479, -15.593], [39.49, -15.609], [39.496, -15.613], [39.508, -15.626], [39.517, -15.618], [39.523, -15.607], [39.533, -15.597], [39.558, -15.601], [39.575, -15.618], [39.576, -15.621], [39.61, -15.641], [39.62, -15.629], [39.645, -15.625], [39.677, -15.608], [39.687, -15.606], [39.701, -15.606], [39.712, -15.616], [39.732, -15.627], [39.736, -15.631], [39.74, -15.638], [39.734, -15.662], [39.744, -15.672], [39.761, -15.685], [39.774, -15.7], [39.785, -15.706], [39.805, -15.714], [39.789, -15.726], [39.784, -15.733], [39.777, -15.739], [39.764, -15.768], [39.782, -15.781], [39.793, -15.798], [39.812, -15.805], [39.82, -15.819], [39.817, -15.822], [39.792, -15.822], [39.783, -15.825], [39.78, -15.829], [39.768, -15.834], [39.743, -15.829], [39.724, -15.829], [39.717, -15.828], [39.706, -15.819], [39.689, -15.821], [39.681, -15.829], [39.678, -15.849], [39.7, -15.879], [39.709, -15.888], [39.734, -15.906], [39.738, -15.915], [39.724, -15.915], [39.712, -15.918], [39.706, -15.921], [39.7, -15.927], [39.666, -15.927], [39.661, -15.923], [39.658, -15.923]]]]}}, {"type": "Feature", "properties": {"id": "Moma", "name": "Moma", "desert": 0, "offices": 2}, "geometry": {"type": "MultiPolygon", "coordinates": [[[[39.132, -16.908], [39.131, -16.909], [39.132, -16.907], [39.132, -16.907], [39.132, -16.908]]], [[[39.225, -16.773], [39.226, -16.775], [39.228, -16.776], [39.224, -16.776], [39.221, -16.773], [39.225, -16.773]]], [[[39.218, -16.77], [39.219, -16.771], [39.22, -16.772], [39.217, -16.771], [39.218, -16.77]]], [[[39.24, -16.681], [39.24, -16.682], [39.241, -16.686], [39.238, -16.683], [39.238, -16.68], [39.24, -16.681]]], [[[39.249, -16.736], [39.248, -16.738], [39.247, -16.738], [39.247, -16.735], [39.248, -16.734], [39.249, -16.736]]], [[[39.725, -16.644], [39.724, -16.645], [39.722, -16.643], [39.727, -16.642], [39.725, -16.644]]], [[[39.808, -16.564], [39.808, -16.566], [39.806, -16.566], [39.806, -16.564], [39.808, -16.564]]], [[[39.664, -16.358], [39.675, -16.365], [39.702, -16.389], [39.718, -16.387], [39.735, -16.399], [39.737, -16.41], [39.736, -16.426], [39.741, -16.438], [39.742, -16.445], [39.764, -16.457], [39.782, -16.46], [39.788, -16.457], [39.793, -16.457], [39.789, -16.458], [39.79, -16.459], [39.794, -16.459], [39.791, -16.463], [39.786, -16.462], [39.781, -16.465], [39.774, -16.465], [39.779, -16.467], [39.788, -16.466], [39.776, -16.48], [39.774, -16.482], [39.764, -16.48], [39.763, -16.476], [39.765, -16.474], [39.763, -16.472], [39.764, -16.474], [39.761, -16.477], [39.762, -16.481], [39.773, -16.485], [39.778, -16.484], [39.783, -16.478], [39.787, -16.476], [39.789, -16.479], [39.791, -16.477], [39.789, -16.485], [39.777, -16.493], [39.755, -16.503], [39.724, -16.519], [39.714, -16.526], [39.71, -16.532], [39.694, -16.541], [39.675, -16.556], [39.633, -16.573], [39.629, -16.576], [39.623, -16.587], [39.618, -16.59], [39.614, -16.59], [39.61, -16.595], [39.606, -16.598], [39.579, -16.609], [39.564, -16.612], [39.554, -16.619], [39.55, -16.62], [39.544, -16.625], [39.54, -16.633], [39.541, -16.633], [39.541, -16.636], [39.535, -16.644], [39.525, -16.648], [39.517, -16.656], [39.505, -16.662], [39.471, -16.684], [39.46, -16.69], [39.398, -16.719], [39.334, -16.745], [39.327, -16.749], [39.311, -16.763], [39.306, -16.764], [39.296, -16.77], [39.282, -16.771], [39.276, -16.774], [39.271, -16.773], [39.265, -16.775], [39.259, -16.773], [39.257, -16.768], [39.261, -16.765], [39.261, -16.763], [39.258, -16.765], [39.256, -16.765], [39.246, -16.752], [39.245, -16.743], [39.25, -16.736], [39.249, -16.73], [39.248, -16.728], [39.249, -16.724], [39.247, -16.725], [39.242, -16.718], [39.238, -16.711], [39.237, -16.702], [39.246, -16.692], [39.254, -16.69], [39.264, -16.684], [39.288, -16.676], [39.299, -16.665], [39.285, -16.676], [39.279, -16.677], [39.246, -16.688], [39.245, -16.688], [39.24, -16.68], [39.237, -16.678], [39.238, -16.675], [39.236, -16.675], [39.236, -16.682], [39.242, -16.689], [39.241, -16.693], [39.234, -16.7], [39.23, -16.696], [39.226, -16.697], [39.229, -16.697], [39.231, -16.699], [39.233, -16.707], [39.233, -16.715], [39.232, -16.716], [39.236, -16.716], [39.239, -16.725], [39.239, -16.732], [39.236, -16.738], [39.237, -16.74], [39.236, -16.75], [39.239, -16.758], [39.243, -16.764], [39.243, -16.767], [39.239, -16.769], [39.218, -16.767], [39.207, -16.758], [39.196, -16.754], [39.191, -16.755], [39.189, -16.749], [39.188, -16.743], [39.184, -16.738], [39.188, -16.745], [39.187, -16.748], [39.189, -16.753], [39.191, -16.756], [39.206, -16.759], [39.211, -16.764], [39.212, -16.768], [39.207, -16.772], [39.202, -16.773], [39.192, -16.771], [39.181, -16.776], [39.175, -16.774], [39.175, -16.775], [39.183, -16.776], [39.191, -16.773], [39.194, -16.773], [39.195, -16.775], [39.205, -16.775], [39.213, -16.77], [39.213, -16.773], [39.217, -16.772], [39.225, -16.779], [39.236, -16.78], [39.23, -16.787], [39.227, -16.788], [39.219, -16.788], [39.215, -16.793], [39.211, -16.794], [39.211, -16.795], [39.217, -16.795], [39.221, -16.789], [39.228, -16.789], [39.24, -16.78], [39.243, -16.782], [39.241, -16.784], [39.25, -16.789], [39.253, -16.794], [39.252, -16.795], [39.254, -16.795], [39.248, -16.801], [39.252, -16.8], [39.255, -16.797], [39.255, -16.793], [39.257, -16.791], [39.262, -16.79], [39.265, -16.787], [39.269, -16.787], [39.269, -16.79], [39.261, -16.797], [39.243, -16.805], [39.242, -16.807], [39.225, -16.817], [39.218, -16.823], [39.209, -16.828], [39.181, -16.848], [39.18, -16.848], [39.178, -16.845], [39.174, -16.846], [39.174, -16.849], [39.176, -16.85], [39.173, -16.853], [39.173, -16.856], [39.157, -16.871], [39.145, -16.892], [39.142, -16.895], [39.141, -16.893], [39.137, -16.895], [39.136, -16.899], [39.129, -16.907], [39.127, -16.911], [39.126, -16.911], [39.124, -16.907], [39.129, -16.901], [39.129, -16.899], [39.127, -16.897], [39.137, -16.886], [39.13, -16.872], [39.127, -16.861], [39.129, -16.852], [39.121, -16.82], [39.116, -16.81], [39.113, -16.798], [39.079, -16.773], [39.075, -16.76], [39.074, -16.739], [39.07, -16.731], [39.051, -16.721], [39.048, -16.711], [39.05, -16.691], [39.048, -16.679], [39.044, -16.67], [39.036, -16.663], [39.028, -16.659], [39.0, -16.649], [38.989, -16.636], [38.986, -16.629], [38.985, -16.62], [38.995, -16.595], [38.997, -16.574], [39.0, -16.561], [39.0, -16.54], [39.005, -16.534], [39.01, -16.532], [39.041, -16.521], [39.04, -16.514], [39.029, -16.5], [39.022, -16.483], [39.028, -16.473], [39.035, -16.418], [39.029, -16.412], [39.023, -16.401], [39.016, -16.392], [39.015, -16.378], [39.004, -16.346], [39.005, -16.332], [38.997, -16.322], [38.987, -16.288], [38.986, -16.278], [38.979, -16.274], [38.962, -16.277], [38.957, -16.275], [38.946, -16.263], [38.932, -16.239], [38.929, -16.221], [38.921, -16.204], [38.918, -16.185], [38.918, -16.171], [38.923, -16.162], [38.918, -16.146], [38.925, -16.132], [38.934, -16.124], [38.938, -16.119], [38.927, -16.109], [38.922, -16.091], [38.913, -16.075], [38.912, -16.065], [38.915, -16.048], [38.897, -16.029], [38.896, -16.02], [38.884, -16.005], [38.871, -15.998], [38.869, -15.983], [38.874, -15.954], [38.871, -15.942], [38.86, -15.927], [38.852, -15.925], [38.845, -15.915], [38.86, -15.917], [38.873, -15.915], [38.881, -15.916], [38.899, -15.924], [38.904, -15.923], [38.91, -15.916], [38.922, -15.91], [38.951, -15.902], [38.974, -15.89], [38.999, -15.89], [39.008, -15.896], [39.014, -15.895], [39.018, -15.896], [39.027, -15.916], [39.041, -15.919], [39.049, -15.928], [39.059, -15.93], [39.079, -15.926], [39.085, -15.927], [39.093, -15.938], [39.099, -15.938], [39.108, -15.934], [39.119, -15.935], [39.12, -15.929], [39.127, -15.929], [39.127, -15.925], [39.132, -15.92], [39.152, -15.919], [39.157, -15.915], [39.164, -15.911], [39.173, -15.924], [39.196, -15.935], [39.197, -15.941], [39.194, -15.948], [39.201, -15.953], [39.208, -15.953], [39.226, -15.964], [39.234, -15.966], [39.242, -15.963], [39.248, -15.965], [39.263, -15.958], [39.277, -15.96], [39.299, -15.975], [39.305, -15.977], [39.306, -15.981], [39.302, -15.998], [39.308, -16.003], [39.335, -16.012], [39.345, -16.013], [39.357, -16.008], [39.365, -16.001], [39.376, -16.002], [39.407, -16.015], [39.409, -16.029], [39.415, -16.045], [39.413, -16.058], [39.407, -16.072], [39.411, -16.078], [39.436, -16.095], [39.466, -16.101], [39.485, -16.12], [39.512, -16.151], [39.528, -16.178], [39.554, -16.192], [39.563, -16.199], [39.576, -16.221], [39.586, -16.235], [39.584, -16.254], [39.584, -16.278], [39.589, -16.286], [39.592, -16.296], [39.608, -16.32], [39.625, -16.34], [39.636, -16.348], [39.664, -16.358]]]]}}, {"type": "Feature", "properties": {"id": "Monapo", "name": "Monapo", "desert": 0, "offices": 2}, "geometry": {"type": "MultiPolygon", "coordinates": [[[[39.903, -15.176], [39.889, -15.15], [39.897, -15.133], [39.888, -15.119], [39.883, -15.109], [39.932, -15.064], [39.941, -15.062], [39.962, -15.062], [39.962, -15.051], [39.978, -15.047], [39.99, -15.046], [40.0, -15.041], [40.01, -15.041], [40.025, -15.034], [40.048, -15.021], [40.055, -15.018], [40.051, -15.011], [40.043, -15.008], [40.031, -15.007], [40.027, -15.002], [40.03, -14.999], [40.03, -14.986], [40.037, -14.962], [40.037, -14.942], [40.044, -14.913], [40.047, -14.904], [40.053, -14.895], [40.067, -14.884], [40.069, -14.877], [40.064, -14.861], [40.059, -14.853], [40.049, -14.854], [40.043, -14.857], [40.018, -14.864], [39.998, -14.856], [39.986, -14.862], [39.967, -14.867], [39.976, -14.88], [39.969, -14.893], [39.958, -14.883], [39.958, -14.844], [39.964, -14.826], [39.943, -14.823], [39.924, -14.826], [39.915, -14.818], [39.917, -14.812], [39.898, -14.814], [39.875, -14.806], [39.864, -14.796], [39.853, -14.791], [39.844, -14.781], [39.84, -14.762], [39.831, -14.749], [39.806, -14.689], [39.806, -14.678], [39.81, -14.668], [39.824, -14.652], [39.825, -14.647], [39.825, -14.639], [39.822, -14.627], [39.822, -14.606], [39.825, -14.588], [39.831, -14.568], [39.841, -14.564], [39.853, -14.549], [39.88, -14.549], [39.886, -14.559], [39.898, -14.573], [39.91, -14.576], [39.951, -14.567], [39.968, -14.558], [39.981, -14.555], [40.004, -14.546], [40.028, -14.549], [40.049, -14.534], [40.054, -14.534], [40.054, -14.536], [40.054, -14.531], [40.075, -14.489], [40.087, -14.483], [40.109, -14.469], [40.124, -14.463], [40.137, -14.448], [40.177, -14.427], [40.186, -14.417], [40.19, -14.408], [40.193, -14.404], [40.213, -14.392], [40.22, -14.389], [40.26, -14.392], [40.269, -14.39], [40.271, -14.389], [40.324, -14.394], [40.316, -14.409], [40.322, -14.424], [40.312, -14.432], [40.309, -14.45], [40.295, -14.48], [40.304, -14.502], [40.306, -14.504], [40.326, -14.505], [40.313, -14.534], [40.351, -14.563], [40.318, -14.596], [40.311, -14.608], [40.331, -14.627], [40.34, -14.627], [40.347, -14.63], [40.36, -14.651], [40.353, -14.671], [40.365, -14.68], [40.368, -14.692], [40.375, -14.692], [40.38, -14.707], [40.39, -14.713], [40.396, -14.722], [40.421, -14.74], [40.465, -14.744], [40.47, -14.746], [40.472, -14.75], [40.471, -14.758], [40.464, -14.758], [40.436, -14.767], [40.387, -14.806], [40.367, -14.808], [40.371, -14.843], [40.371, -14.874], [40.361, -14.906], [40.357, -14.916], [40.34, -14.935], [40.341, -14.965], [40.351, -14.99], [40.356, -15.001], [40.362, -15.002], [40.371, -14.993], [40.378, -14.992], [40.385, -14.995], [40.387, -15.002], [40.399, -15.014], [40.418, -15.017], [40.439, -15.023], [40.442, -15.027], [40.441, -15.029], [40.423, -15.035], [40.398, -15.038], [40.39, -15.035], [40.368, -15.04], [40.33, -15.074], [40.318, -15.075], [40.306, -15.072], [40.298, -15.065], [40.279, -15.058], [40.268, -15.062], [40.257, -15.077], [40.238, -15.092], [40.231, -15.095], [40.222, -15.095], [40.195, -15.1], [40.188, -15.108], [40.132, -15.157], [40.129, -15.171], [40.113, -15.184], [40.109, -15.192], [40.11, -15.216], [40.108, -15.22], [40.075, -15.22], [40.053, -15.213], [40.044, -15.213], [40.035, -15.207], [40.03, -15.197], [40.026, -15.193], [40.017, -15.191], [40.009, -15.185], [40.0, -15.171], [39.984, -15.166], [39.971, -15.165], [39.965, -15.168], [39.952, -15.165], [39.938, -15.167], [39.92, -15.18], [39.908, -15.194], [39.903, -15.176]]]]}}, {"type": "Feature", "properties": {"id": "Mossuril", "name": "Mossuril", "desert": 0, "offices": 1}, "geometry": {"type": "MultiPolygon", "coordinates": [[[[40.797, -14.975], [40.798, -14.983], [40.796, -14.985], [40.794, -14.981], [40.795, -14.975], [40.797, -14.975]]], [[[40.787, -15.051], [40.788, -15.051], [40.787, -15.055], [40.781, -15.055], [40.782, -15.051], [40.787, -15.051]]], [[[40.745, -15.029], [40.743, -15.032], [40.74, -15.032], [40.735, -15.037], [40.732, -15.041], [40.731, -15.045], [40.726, -15.048], [40.727, -15.04], [40.73, -15.035], [40.736, -15.03], [40.745, -15.029]]], [[[40.83, -14.849], [40.824, -14.869], [40.82, -14.873], [40.816, -14.873], [40.819, -14.869], [40.819, -14.865], [40.821, -14.865], [40.82, -14.868], [40.821, -14.868], [40.824, -14.864], [40.824, -14.86], [40.819, -14.863], [40.815, -14.861], [40.81, -14.866], [40.81, -14.864], [40.817, -14.857], [40.815, -14.853], [40.811, -14.85], [40.812, -14.849], [40.819, -14.853], [40.824, -14.854], [40.828, -14.85], [40.828, -14.848], [40.83, -14.849]]], [[[40.827, -14.788], [40.835, -14.789], [40.836, -14.796], [40.835, -14.801], [40.83, -14.799], [40.832, -14.796], [40.833, -14.799], [40.834, -14.798], [40.833, -14.793], [40.831, -14.793], [40.829, -14.796], [40.827, -14.796], [40.828, -14.792], [40.826, -14.791], [40.826, -14.787], [40.827, -14.788]]], [[[40.836, -14.54], [40.839, -14.541], [40.839, -14.545], [40.837, -14.547], [40.837, -14.543], [40.834, -14.541], [40.832, -14.544], [40.837, -14.549], [40.832, -14.551], [40.831, -14.543], [40.835, -14.539], [40.836, -14.54]]], [[[40.248, -15.085], [40.257, -15.077], [40.268, -15.062], [40.279, -15.058], [40.298, -15.065], [40.306, -15.072], [40.318, -15.075], [40.33, -15.074], [40.368, -15.04], [40.39, -15.035], [40.398, -15.038], [40.423, -15.035], [40.441, -15.029], [40.442, -15.027], [40.439, -15.023], [40.418, -15.017], [40.399, -15.014], [40.387, -15.002], [40.385, -14.995], [40.378, -14.992], [40.371, -14.993], [40.362, -15.002], [40.356, -15.001], [40.351, -14.99], [40.341, -14.965], [40.34, -14.935], [40.357, -14.916], [40.361, -14.906], [40.371, -14.874], [40.371, -14.843], [40.367, -14.808], [40.387, -14.806], [40.436, -14.767], [40.464, -14.758], [40.489, -14.757], [40.519, -14.764], [40.533, -14.77], [40.539, -14.744], [40.551, -14.727], [40.553, -14.711], [40.561, -14.709], [40.633, -14.7], [40.651, -14.683], [40.671, -14.658], [40.721, -14.657], [40.72, -14.563], [40.737, -14.544], [40.764, -14.547], [40.76, -14.552], [40.761, -14.558], [40.766, -14.561], [40.775, -14.562], [40.781, -14.565], [40.778, -14.56], [40.782, -14.56], [40.783, -14.561], [40.79, -14.56], [40.792, -14.549], [40.789, -14.54], [40.797, -14.54], [40.8, -14.538], [40.8, -14.527], [40.81, -14.527], [40.813, -14.53], [40.818, -14.528], [40.825, -14.534], [40.827, -14.545], [40.83, -14.548], [40.829, -14.55], [40.832, -14.554], [40.83, -14.553], [40.828, -14.549], [40.827, -14.549], [40.826, -14.554], [40.83, -14.558], [40.827, -14.572], [40.823, -14.576], [40.822, -14.597], [40.819, -14.604], [40.812, -14.611], [40.81, -14.613], [40.808, -14.612], [40.801, -14.62], [40.798, -14.629], [40.8, -14.634], [40.803, -14.635], [40.803, -14.637], [40.807, -14.639], [40.806, -14.646], [40.809, -14.647], [40.809, -14.65], [40.815, -14.654], [40.815, -14.657], [40.82, -14.658], [40.821, -14.656], [40.824, -14.656], [40.824, -14.659], [40.827, -14.658], [40.83, -14.66], [40.831, -14.664], [40.829, -14.665], [40.833, -14.666], [40.835, -14.677], [40.837, -14.682], [40.836, -14.695], [40.834, -14.698], [40.836, -14.706], [40.835, -14.711], [40.837, -14.713], [40.835, -14.721], [40.837, -14.724], [40.835, -14.725], [40.838, -14.727], [40.835, -14.729], [40.837, -14.732], [40.835, -14.733], [40.837, -14.735], [40.838, -14.75], [40.836, -14.78], [40.834, -14.781], [40.832, -14.775], [40.831, -14.777], [40.825, -14.776], [40.821, -14.781], [40.823, -14.792], [40.819, -14.795], [40.816, -14.799], [40.817, -14.804], [40.821, -14.812], [40.826, -14.812], [40.826, -14.808], [40.83, -14.805], [40.834, -14.804], [40.835, -14.818], [40.831, -14.839], [40.83, -14.839], [40.83, -14.833], [40.831, -14.828], [40.826, -14.826], [40.819, -14.826], [40.814, -14.83], [40.809, -14.837], [40.806, -14.846], [40.798, -14.844], [40.79, -14.845], [40.771, -14.851], [40.765, -14.858], [40.766, -14.861], [40.77, -14.862], [40.755, -14.873], [40.746, -14.875], [40.742, -14.877], [40.74, -14.876], [40.732, -14.877], [40.726, -14.88], [40.72, -14.886], [40.715, -14.888], [40.706, -14.887], [40.699, -14.896], [40.692, -14.898], [40.688, -14.901], [40.663, -14.903], [40.657, -14.907], [40.652, -14.907], [40.651, -14.906], [40.66, -14.901], [40.662, -14.895], [40.656, -14.89], [40.657, -14.884], [40.655, -14.874], [40.65, -14.872], [40.645, -14.866], [40.639, -14.85], [40.642, -14.844], [40.647, -14.842], [40.648, -14.84], [40.639, -14.843], [40.638, -14.848], [40.635, -14.85], [40.637, -14.861], [40.636, -14.866], [40.633, -14.867], [40.634, -14.87], [40.638, -14.871], [40.64, -14.879], [40.644, -14.879], [40.649, -14.883], [40.646, -14.89], [40.648, -14.915], [40.655, -14.923], [40.658, -14.925], [40.661, -14.925], [40.663, -14.929], [40.672, -14.931], [40.675, -14.934], [40.678, -14.933], [40.681, -14.935], [40.683, -14.935], [40.684, -14.932], [40.687, -14.933], [40.689, -14.939], [40.691, -14.937], [40.688, -14.929], [40.694, -14.928], [40.695, -14.925], [40.697, -14.926], [40.696, -14.927], [40.699, -14.928], [40.699, -14.93], [40.705, -14.934], [40.71, -14.934], [40.715, -14.931], [40.724, -14.934], [40.734, -14.932], [40.739, -14.935], [40.74, -14.952], [40.745, -14.967], [40.75, -14.972], [40.752, -14.978], [40.76, -14.986], [40.766, -14.992], [40.775, -14.996], [40.775, -15.001], [40.771, -15.007], [40.772, -15.008], [40.765, -15.015], [40.766, -15.003], [40.756, -15.0], [40.746, -15.0], [40.752, -14.998], [40.752, -14.993], [40.754, -14.991], [40.756, -14.992], [40.749, -14.986], [40.748, -14.982], [40.747, -14.982], [40.748, -14.986], [40.746, -14.988], [40.744, -14.983], [40.735, -14.99], [40.735, -14.985], [40.734, -14.985], [40.732, -14.99], [40.722, -14.993], [40.714, -14.993], [40.714, -14.99], [40.706, -14.989], [40.704, -14.991], [40.698, -14.989], [40.697, -14.99], [40.691, -14.989], [40.69, -14.99], [40.678, -14.99], [40.676, -14.989], [40.676, -14.987], [40.679, -14.985], [40.669, -14.981], [40.663, -14.969], [40.658, -14.967], [40.65, -14.968], [40.648, -14.969], [40.641, -14.968], [40.64, -14.965], [40.642, -14.963], [40.642, -14.96], [40.637, -14.957], [40.637, -14.953], [40.633, -14.951], [40.638, -14.961], [40.636, -14.967], [40.636, -14.97], [40.642, -14.973], [40.645, -14.976], [40.648, -14.975], [40.65, -14.979], [40.644, -14.985], [40.639, -14.986], [40.635, -14.986], [40.631, -14.983], [40.625, -14.984], [40.622, -14.992], [40.623, -14.992], [40.626, -14.986], [40.628, -14.985], [40.64, -14.992], [40.645, -14.993], [40.652, -15.0], [40.654, -15.006], [40.656, -15.008], [40.656, -15.012], [40.657, -15.008], [40.655, -15.004], [40.656, -14.998], [40.655, -14.993], [40.655, -14.991], [40.657, -14.991], [40.658, -15.0], [40.668, -15.012], [40.672, -15.021], [40.674, -15.024], [40.678, -15.025], [40.679, -15.027], [40.683, -15.028], [40.685, -15.031], [40.69, -15.032], [40.693, -15.031], [40.696, -15.033], [40.696, -15.044], [40.694, -15.049], [40.694, -15.054], [40.705, -15.073], [40.71, -15.074], [40.709, -15.081], [40.705, -15.085], [40.689, -15.091], [40.677, -15.093], [40.656, -15.09], [40.645, -15.087], [40.645, -15.085], [40.634, -15.087], [40.627, -15.09], [40.622, -15.096], [40.618, -15.099], [40.623, -15.094], [40.625, -15.091], [40.624, -15.09], [40.623, -15.094], [40.617, -15.096], [40.605, -15.109], [40.6, -15.108], [40.603, -15.111], [40.599, -15.114], [40.596, -15.123], [40.592, -15.119], [40.588, -15.116], [40.576, -15.118], [40.579, -15.119], [40.588, -15.118], [40.593, -15.124], [40.586, -15.132], [40.582, -15.143], [40.58, -15.142], [40.58, -15.138], [40.577, -15.135], [40.575, -15.138], [40.573, -15.135], [40.569, -15.134], [40.568, -15.132], [40.566, -15.132], [40.569, -15.128], [40.564, -15.13], [40.563, -15.126], [40.56, -15.125], [40.547, -15.125], [40.542, -15.131], [40.541, -15.136], [40.539, -15.135], [40.539, -15.127], [40.534, -15.126], [40.528, -15.127], [40.524, -15.132], [40.525, -15.139], [40.524, -15.153], [40.522, -15.157], [40.518, -15.156], [40.517, -15.159], [40.519, -15.16], [40.518, -15.173], [40.514, -15.174], [40.511, -15.169], [40.509, -15.174], [40.504, -15.175], [40.504, -15.181], [40.502, -15.184], [40.504, -15.19], [40.504, -15.198], [40.5, -15.2], [40.494, -15.2], [40.498, -15.201], [40.505, -15.2], [40.507, -15.185], [40.512, -15.178], [40.514, -15.178], [40.523, -15.192], [40.536, -15.196], [40.539, -15.195], [40.543, -15.197], [40.546, -15.196], [40.557, -15.202], [40.566, -15.203], [40.574, -15.192], [40.584, -15.184], [40.589, -15.187], [40.594, -15.185], [40.596, -15.182], [40.596, -15.174], [40.594, -15.171], [40.589, -15.166], [40.584, -15.166], [40.581, -15.164], [40.584, -15.164], [40.589, -15.162], [40.592, -15.164], [40.595, -15.164], [40.603, -15.159], [40.608, -15.152], [40.614, -15.152], [40.617, -15.153], [40.629, -15.167], [40.63, -15.173], [40.629, -15.182], [40.632, -15.175], [40.631, -15.17], [40.626, -15.16], [40.626, -15.157], [40.634, -15.17], [40.64, -15.175], [40.642, -15.175], [40.641, -15.174], [40.643, -15.171], [40.648, -15.175], [40.647, -15.177], [40.65, -15.179], [40.658, -15.188], [40.659, -15.196], [40.66, -15.223], [40.654, -15.228], [40.651, -15.237], [40.655, -15.245], [40.656, -15.25], [40.656, -15.246], [40.653, -15.239], [40.652, -15.235], [40.655, -15.23], [40.658, -15.229], [40.657, -15.232], [40.658, -15.238], [40.656, -15.242], [40.657, -15.245], [40.663, -15.246], [40.66, -15.251], [40.661, -15.252], [40.664, -15.245], [40.657, -15.244], [40.656, -15.242], [40.66, -15.237], [40.659, -15.232], [40.665, -15.224], [40.664, -15.216], [40.665, -15.214], [40.667, -15.238], [40.676, -15.246], [40.678, -15.252], [40.679, -15.256], [40.676, -15.264], [40.661, -15.285], [40.66, -15.29], [40.665, -15.285], [40.67, -15.275], [40.669, -15.279], [40.647, -15.312], [40.637, -15.322], [40.631, -15.338], [40.626, -15.347], [40.619, -15.351], [40.62, -15.353], [40.616, -15.358], [40.612, -15.361], [40.61, -15.366], [40.606, -15.366], [40.608, -15.367], [40.612, -15.366], [40.612, -15.367], [40.608, -15.37], [40.605, -15.374], [40.62, -15.362], [40.621, -15.355], [40.631, -15.356], [40.632, -15.353], [40.633, -15.356], [40.629, -15.358], [40.626, -15.36], [40.623, -15.361], [40.616, -15.366], [40.589, -15.399], [40.589, -15.395], [40.594, -15.392], [40.594, -15.389], [40.586, -15.385], [40.593, -15.39], [40.589, -15.393], [40.587, -15.399], [40.581, -15.405], [40.576, -15.407], [40.572, -15.405], [40.571, -15.403], [40.567, -15.404], [40.571, -15.403], [40.572, -15.406], [40.576, -15.408], [40.571, -15.423], [40.567, -15.425], [40.56, -15.42], [40.563, -15.425], [40.567, -15.426], [40.573, -15.424], [40.576, -15.42], [40.577, -15.423], [40.573, -15.428], [40.572, -15.437], [40.565, -15.439], [40.569, -15.443], [40.563, -15.45], [40.56, -15.448], [40.561, -15.447], [40.563, -15.448], [40.564, -15.445], [40.561, -15.446], [40.559, -15.449], [40.55, -15.449], [40.549, -15.451], [40.544, -15.452], [40.542, -15.45], [40.542, -15.447], [40.54, -15.444], [40.532, -15.451], [40.515, -15.458], [40.51, -15.465], [40.487, -15.483], [40.47, -15.504], [40.457, -15.511], [40.421, -15.507], [40.403, -15.512], [40.381, -15.514], [40.371, -15.509], [40.369, -15.505], [40.36, -15.475], [40.357, -15.468], [40.349, -15.463], [40.343, -15.456], [40.323, -15.46], [40.317, -15.457], [40.302, -15.444], [40.279, -15.407], [40.26, -15.383], [40.252, -15.381], [40.245, -15.33], [40.245, -15.316], [40.249, -15.277], [40.253, -15.261], [40.242, -15.249], [40.233, -15.226], [40.22, -15.208], [40.225, -15.198], [40.241, -15.174], [40.253, -15.166], [40.25, -15.161], [40.247, -15.151], [40.24, -15.145], [40.233, -15.14], [40.226, -15.13], [40.224, -15.12], [40.224, -15.113], [40.231, -15.095], [40.248, -15.085]], [[40.56, -15.42], [40.56, -15.42], [40.56, -15.42], [40.56, -15.42]], [[40.56, -15.42], [40.56, -15.42], [40.556, -15.424], [40.56, -15.42]]], [[[40.578, -15.425], [40.577, -15.434], [40.576, -15.435], [40.575, -15.433], [40.578, -15.424], [40.578, -15.425]]], [[[40.579, -15.409], [40.577, -15.409], [40.577, -15.408], [40.579, -15.407], [40.579, -15.409]]], [[[40.588, -15.402], [40.586, -15.406], [40.585, -15.406], [40.584, -15.403], [40.587, -15.401], [40.588, -15.402]]], [[[40.663, -15.196], [40.665, -15.199], [40.665, -15.208], [40.665, -15.21], [40.663, -15.211], [40.662, -15.195], [40.663, -15.196]]], [[[40.528, -15.149], [40.528, -15.15], [40.526, -15.152], [40.526, -15.149], [40.528, -15.149]]], [[[40.592, -15.12], [40.593, -15.121], [40.593, -15.122], [40.591, -15.119], [40.592, -15.12]]], [[[40.774, -15.079], [40.775, -15.082], [40.773, -15.086], [40.771, -15.085], [40.77, -15.081], [40.766, -15.08], [40.769, -15.079], [40.773, -15.075], [40.774, -15.079]]]]}}, {"type": "Feature", "properties": {"id": "Muecate", "name": "Muecate", "desert": 0, "offices": 1}, "geometry": {"type": "MultiPolygon", "coordinates": [[[[39.226, -14.866], [39.229, -14.855], [39.254, -14.849], [39.258, -14.846], [39.26, -14.847], [39.248, -14.82], [39.248, -14.811], [39.258, -14.798], [39.271, -14.786], [39.274, -14.757], [39.264, -14.741], [39.264, -14.733], [39.26, -14.727], [39.26, -14.72], [39.256, -14.712], [39.228, -14.7], [39.206, -14.679], [39.188, -14.673], [39.187, -14.654], [39.195, -14.643], [39.212, -14.614], [39.216, -14.611], [39.219, -14.6], [39.23, -14.588], [39.235, -14.572], [39.236, -14.56], [39.239, -14.553], [39.252, -14.538], [39.267, -14.518], [39.287, -14.494], [39.287, -14.492], [39.294, -14.485], [39.301, -14.464], [39.301, -14.445], [39.294, -14.427], [39.282, -14.371], [39.319, -14.335], [39.331, -14.327], [39.341, -14.325], [39.368, -14.314], [39.386, -14.315], [39.396, -14.311], [39.415, -14.307], [39.425, -14.325], [39.43, -14.327], [39.437, -14.336], [39.45, -14.34], [39.47, -14.351], [39.482, -14.367], [39.496, -14.378], [39.506, -14.388], [39.511, -14.389], [39.52, -14.389], [39.541, -14.377], [39.548, -14.375], [39.562, -14.38], [39.575, -14.379], [39.604, -14.395], [39.609, -14.404], [39.618, -14.404], [39.632, -14.413], [39.637, -14.404], [39.642, -14.399], [39.649, -14.402], [39.654, -14.409], [39.662, -14.413], [39.663, -14.417], [39.666, -14.422], [39.679, -14.42], [39.681, -14.425], [39.685, -14.425], [39.689, -14.415], [39.708, -14.405], [39.713, -14.409], [39.719, -14.411], [39.719, -14.402], [39.724, -14.398], [39.74, -14.398], [39.744, -14.403], [39.745, -14.408], [39.738, -14.431], [39.727, -14.44], [39.726, -14.446], [39.742, -14.444], [39.758, -14.436], [39.769, -14.433], [39.776, -14.428], [39.78, -14.431], [39.788, -14.439], [39.799, -14.466], [39.805, -14.488], [39.831, -14.568], [39.825, -14.588], [39.822, -14.606], [39.822, -14.627], [39.825, -14.639], [39.825, -14.647], [39.824, -14.652], [39.81, -14.668], [39.806, -14.678], [39.806, -14.689], [39.813, -14.707], [39.831, -14.749], [39.84, -14.762], [39.844, -14.781], [39.853, -14.791], [39.864, -14.796], [39.875, -14.806], [39.89, -14.812], [39.898, -14.814], [39.917, -14.812], [39.915, -14.818], [39.924, -14.826], [39.943, -14.823], [39.964, -14.826], [39.958, -14.844], [39.958, -14.883], [39.965, -14.889], [39.968, -14.899], [39.945, -14.907], [39.928, -14.906], [39.91, -14.898], [39.888, -14.896], [39.881, -14.893], [39.876, -14.889], [39.873, -14.884], [39.871, -14.871], [39.867, -14.866], [39.858, -14.867], [39.85, -14.873], [39.84, -14.877], [39.834, -14.882], [39.828, -14.884], [39.821, -14.883], [39.813, -14.886], [39.801, -14.899], [39.769, -14.893], [39.749, -14.905], [39.732, -14.918], [39.706, -14.919], [39.659, -14.938], [39.641, -14.97], [39.629, -14.978], [39.626, -14.99], [39.614, -15.006], [39.608, -15.007], [39.6, -15.004], [39.587, -14.995], [39.578, -14.998], [39.574, -14.999], [39.552, -14.992], [39.548, -14.992], [39.544, -14.996], [39.536, -14.992], [39.521, -14.995], [39.495, -15.009], [39.481, -15.005], [39.469, -15.007], [39.456, -15.008], [39.438, -15.003], [39.432, -15.01], [39.418, -15.008], [39.412, -14.998], [39.405, -14.999], [39.397, -15.004], [39.38, -14.994], [39.365, -14.989], [39.357, -14.989], [39.353, -14.982], [39.349, -14.968], [39.337, -14.952], [39.328, -14.951], [39.318, -14.954], [39.304, -14.954], [39.266, -14.911], [39.263, -14.902], [39.257, -14.899], [39.248, -14.897], [39.235, -14.9], [39.231, -14.897], [39.225, -14.874], [39.226, -14.866]]]]}}, {"type": "Feature", "properties": {"id": "Murrupula", "name": "Murrupula", "desert": 0, "offices": 1}, "geometry": {"type": "MultiPolygon", "coordinates": [[[[38.872, -15.58], [38.879, -15.582], [38.886, -15.587], [38.882, -15.591], [38.873, -15.592], [38.855, -15.602], [38.846, -15.613], [38.844, -15.61], [38.828, -15.62], [38.827, -15.629], [38.841, -15.642], [38.841, -15.651], [38.838, -15.667], [38.831, -15.681], [38.824, -15.688], [38.817, -15.698], [38.816, -15.708], [38.818, -15.717], [38.812, -15.736], [38.812, -15.751], [38.805, -15.752], [38.8, -15.754], [38.8, -15.761], [38.789, -15.775], [38.785, -15.768], [38.776, -15.768], [38.761, -15.772], [38.752, -15.771], [38.736, -15.756], [38.727, -15.744], [38.701, -15.727], [38.697, -15.719], [38.697, -15.707], [38.693, -15.693], [38.681, -15.676], [38.654, -15.679], [38.625, -15.679], [38.619, -15.676], [38.6, -15.674], [38.584, -15.659], [38.564, -15.647], [38.541, -15.618], [38.524, -15.588], [38.513, -15.578], [38.449, -15.553], [38.44, -15.542], [38.434, -15.525], [38.397, -15.501], [38.375, -15.476], [38.367, -15.462], [38.356, -15.461], [38.342, -15.463], [38.329, -15.46], [38.319, -15.447], [38.299, -15.453], [38.276, -15.453], [38.264, -15.449], [38.259, -15.441], [38.287, -15.394], [38.382, -15.391], [38.397, -15.383], [38.421, -15.345], [38.439, -15.334], [38.462, -15.333], [38.467, -15.324], [38.463, -15.318], [38.471, -15.311], [38.48, -15.315], [38.481, -15.31], [38.472, -15.303], [38.475, -15.299], [38.469, -15.29], [38.454, -15.274], [38.449, -15.262], [38.456, -15.254], [38.458, -15.246], [38.453, -15.231], [38.454, -15.209], [38.464, -15.19], [38.469, -15.185], [38.469, -15.174], [38.475, -15.167], [38.489, -15.159], [38.496, -15.144], [38.504, -15.138], [38.519, -15.135], [38.529, -15.123], [38.546, -15.06], [38.592, -15.05], [38.6, -15.051], [38.623, -15.048], [38.626, -15.055], [38.639, -15.063], [38.655, -15.07], [38.664, -15.078], [38.674, -15.082], [38.693, -15.082], [38.707, -15.086], [38.717, -15.089], [38.729, -15.1], [38.735, -15.108], [38.742, -15.11], [38.762, -15.111], [38.77, -15.114], [38.774, -15.13], [38.78, -15.137], [38.78, -15.151], [38.776, -15.16], [38.756, -15.175], [38.754, -15.179], [38.767, -15.209], [38.767, -15.22], [38.768, -15.224], [38.784, -15.231], [38.792, -15.23], [38.801, -15.232], [38.819, -15.227], [38.825, -15.229], [38.829, -15.242], [38.842, -15.25], [38.848, -15.252], [38.86, -15.26], [38.875, -15.262], [38.883, -15.272], [38.891, -15.278], [38.948, -15.291], [38.969, -15.315], [38.977, -15.32], [38.99, -15.332], [38.999, -15.335], [39.009, -15.335], [39.003, -15.349], [39.008, -15.358], [39.002, -15.365], [38.994, -15.381], [38.993, -15.386], [38.995, -15.39], [38.968, -15.386], [38.962, -15.38], [38.959, -15.38], [38.936, -15.382], [38.93, -15.386], [38.937, -15.397], [38.936, -15.422], [38.938, -15.426], [38.949, -15.441], [38.958, -15.443], [38.966, -15.442], [38.971, -15.444], [38.965, -15.449], [38.946, -15.456], [38.932, -15.466], [38.903, -15.478], [38.89, -15.492], [38.88, -15.498], [38.855, -15.521], [38.853, -15.528], [38.855, -15.535], [38.853, -15.554], [38.855, -15.579], [38.872, -15.58]]]]}}, {"type": "Feature", "properties": {"id": "Nacala-Velha", "name": "NacalaVelha", "desert": 0, "offices": 2}, "geometry": {"type": "MultiPolygon", "coordinates": [[[[40.62, -14.597], [40.621, -14.596], [40.623, -14.595], [40.621, -14.597], [40.62, -14.597]]], [[[40.491, -14.462], [40.517, -14.428], [40.532, -14.421], [40.54, -14.419], [40.553, -14.407], [40.573, -14.38], [40.585, -14.372], [40.64, -14.373], [40.639, -14.384], [40.644, -14.386], [40.647, -14.386], [40.647, -14.384], [40.649, -14.384], [40.65, -14.386], [40.648, -14.392], [40.641, -14.399], [40.638, -14.41], [40.637, -14.42], [40.643, -14.441], [40.65, -14.455], [40.668, -14.47], [40.657, -14.471], [40.652, -14.467], [40.647, -14.467], [40.645, -14.464], [40.635, -14.462], [40.631, -14.459], [40.624, -14.462], [40.625, -14.467], [40.622, -14.474], [40.63, -14.488], [40.636, -14.492], [40.64, -14.493], [40.647, -14.489], [40.65, -14.482], [40.656, -14.482], [40.658, -14.477], [40.659, -14.477], [40.66, -14.48], [40.657, -14.483], [40.656, -14.488], [40.653, -14.49], [40.647, -14.492], [40.644, -14.496], [40.633, -14.497], [40.631, -14.501], [40.632, -14.507], [40.631, -14.511], [40.62, -14.519], [40.621, -14.521], [40.63, -14.523], [40.638, -14.521], [40.645, -14.524], [40.646, -14.526], [40.633, -14.539], [40.633, -14.548], [40.627, -14.552], [40.625, -14.556], [40.627, -14.561], [40.629, -14.561], [40.629, -14.564], [40.63, -14.568], [40.627, -14.571], [40.627, -14.574], [40.625, -14.578], [40.627, -14.58], [40.626, -14.583], [40.627, -14.591], [40.626, -14.593], [40.621, -14.594], [40.618, -14.596], [40.619, -14.603], [40.62, -14.604], [40.626, -14.602], [40.626, -14.601], [40.622, -14.601], [40.622, -14.599], [40.628, -14.598], [40.632, -14.595], [40.639, -14.575], [40.65, -14.576], [40.652, -14.573], [40.659, -14.57], [40.661, -14.567], [40.671, -14.559], [40.672, -14.555], [40.67, -14.55], [40.67, -14.547], [40.665, -14.542], [40.669, -14.537], [40.673, -14.538], [40.676, -14.532], [40.677, -14.524], [40.675, -14.52], [40.676, -14.516], [40.672, -14.507], [40.673, -14.504], [40.673, -14.502], [40.678, -14.5], [40.683, -14.482], [40.681, -14.468], [40.68, -14.468], [40.681, -14.462], [40.677, -14.46], [40.676, -14.458], [40.683, -14.456], [40.689, -14.451], [40.702, -14.448], [40.705, -14.443], [40.715, -14.441], [40.72, -14.441], [40.724, -14.439], [40.733, -14.44], [40.739, -14.435], [40.743, -14.434], [40.748, -14.429], [40.758, -14.424], [40.757, -14.42], [40.761, -14.42], [40.763, -14.422], [40.77, -14.423], [40.772, -14.419], [40.779, -14.418], [40.785, -14.419], [40.788, -14.417], [40.794, -14.417], [40.801, -14.415], [40.802, -14.414], [40.801, -14.412], [40.805, -14.41], [40.809, -14.412], [40.81, -14.421], [40.815, -14.428], [40.825, -14.452], [40.83, -14.502], [40.827, -14.508], [40.823, -14.509], [40.825, -14.52], [40.82, -14.522], [40.811, -14.52], [40.807, -14.523], [40.804, -14.52], [40.799, -14.519], [40.795, -14.522], [40.785, -14.527], [40.781, -14.533], [40.768, -14.54], [40.766, -14.546], [40.737, -14.544], [40.72, -14.563], [40.721, -14.657], [40.671, -14.658], [40.651, -14.683], [40.633, -14.7], [40.561, -14.709], [40.553, -14.711], [40.551, -14.727], [40.539, -14.744], [40.533, -14.77], [40.519, -14.764], [40.489, -14.757], [40.471, -14.758], [40.472, -14.75], [40.47, -14.746], [40.451, -14.743], [40.421, -14.74], [40.396, -14.722], [40.39, -14.713], [40.38, -14.707], [40.375, -14.692], [40.368, -14.692], [40.365, -14.68], [40.353, -14.671], [40.36, -14.651], [40.347, -14.63], [40.34, -14.627], [40.331, -14.627], [40.311, -14.608], [40.318, -14.596], [40.351, -14.563], [40.313, -14.534], [40.326, -14.505], [40.306, -14.504], [40.304, -14.502], [40.295, -14.48], [40.309, -14.45], [40.312, -14.432], [40.322, -14.424], [40.316, -14.409], [40.325, -14.391], [40.34, -14.388], [40.347, -14.385], [40.347, -14.371], [40.36, -14.361], [40.363, -14.352], [40.374, -14.349], [40.377, -14.372], [40.375, -14.38], [40.387, -14.391], [40.392, -14.422], [40.392, -14.443], [40.405, -14.451], [40.432, -14.458], [40.439, -14.467], [40.447, -14.472], [40.467, -14.473], [40.483, -14.467], [40.488, -14.466], [40.491, -14.462]]]]}}, {"type": "Feature", "properties": {"id": "Erati", "name": "Erati", "desert": 0, "offices": 1}, "geometry": {"type": "MultiPolygon", "coordinates": [[[[40.109, -14.469], [40.087, -14.483], [40.075, -14.489], [40.054, -14.531], [40.054, -14.536], [40.054, -14.534], [40.049, -14.534], [40.028, -14.549], [40.004, -14.546], [39.981, -14.555], [39.968, -14.558], [39.951, -14.567], [39.91, -14.576], [39.898, -14.573], [39.886, -14.559], [39.88, -14.549], [39.853, -14.549], [39.841, -14.564], [39.831, -14.568], [39.805, -14.488], [39.799, -14.466], [39.788, -14.439], [39.776, -14.428], [39.769, -14.433], [39.758, -14.436], [39.742, -14.444], [39.726, -14.446], [39.727, -14.44], [39.738, -14.431], [39.745, -14.408], [39.744, -14.403], [39.74, -14.398], [39.724, -14.398], [39.719, -14.402], [39.719, -14.411], [39.713, -14.409], [39.708, -14.405], [39.689, -14.415], [39.685, -14.425], [39.681, -14.425], [39.679, -14.42], [39.666, -14.422], [39.663, -14.417], [39.662, -14.413], [39.654, -14.409], [39.649, -14.402], [39.642, -14.399], [39.637, -14.404], [39.632, -14.413], [39.618, -14.404], [39.609, -14.404], [39.604, -14.395], [39.575, -14.379], [39.562, -14.38], [39.548, -14.375], [39.541, -14.377], [39.52, -14.389], [39.511, -14.389], [39.506, -14.388], [39.496, -14.378], [39.482, -14.367], [39.47, -14.351], [39.45, -14.34], [39.437, -14.336], [39.43, -14.327], [39.425, -14.325], [39.415, -14.307], [39.425, -14.29], [39.435, -14.278], [39.448, -14.267], [39.451, -14.249], [39.456, -14.237], [39.466, -14.23], [39.481, -14.224], [39.498, -14.222], [39.508, -14.219], [39.519, -14.212], [39.542, -14.216], [39.571, -14.216], [39.612, -14.205], [39.634, -14.204], [39.664, -14.208], [39.676, -14.206], [39.686, -14.203], [39.715, -14.184], [39.749, -14.192], [39.806, -14.156], [39.818, -14.155], [39.822, -14.162], [39.827, -14.169], [39.862, -14.153], [39.872, -14.143], [39.893, -14.147], [39.914, -14.16], [39.936, -14.167], [39.944, -14.172], [39.961, -14.161], [39.975, -14.167], [39.989, -14.169], [39.994, -14.175], [39.999, -14.19], [40.009, -14.189], [40.031, -14.201], [40.037, -14.198], [40.035, -14.19], [40.038, -14.185], [40.042, -14.184], [40.051, -14.186], [40.07, -14.181], [40.076, -14.184], [40.101, -14.204], [40.107, -14.211], [40.111, -14.219], [40.12, -14.228], [40.143, -14.224], [40.162, -14.229], [40.165, -14.232], [40.169, -14.249], [40.187, -14.248], [40.192, -14.255], [40.199, -14.258], [40.219, -14.251], [40.232, -14.245], [40.244, -14.247], [40.261, -14.243], [40.268, -14.249], [40.273, -14.266], [40.28, -14.273], [40.29, -14.274], [40.327, -14.271], [40.34, -14.283], [40.345, -14.286], [40.354, -14.285], [40.37, -14.274], [40.395, -14.259], [40.419, -14.251], [40.428, -14.24], [40.434, -14.237], [40.445, -14.239], [40.453, -14.263], [40.439, -14.264], [40.433, -14.266], [40.43, -14.276], [40.422, -14.282], [40.412, -14.286], [40.416, -14.295], [40.416, -14.3], [40.414, -14.302], [40.398, -14.307], [40.392, -14.312], [40.384, -14.313], [40.378, -14.317], [40.376, -14.328], [40.377, -14.342], [40.375, -14.35], [40.363, -14.352], [40.36, -14.361], [40.347, -14.371], [40.347, -14.385], [40.34, -14.388], [40.325, -14.391], [40.324, -14.394], [40.271, -14.389], [40.269, -14.39], [40.26, -14.392], [40.22, -14.389], [40.193, -14.404], [40.19, -14.408], [40.186, -14.417], [40.177, -14.427], [40.137, -14.448], [40.124, -14.463], [40.109, -14.469]]]]}}, {"type": "Feature", "properties": {"id": "Ribau\u00e9", "name": "Ribaue", "desert": 0, "offices": 3}, "geometry": {"type": "MultiPolygon", "coordinates": [[[[38.454, -15.209], [38.453, -15.231], [38.458, -15.246], [38.456, -15.254], [38.449, -15.262], [38.454, -15.274], [38.469, -15.29], [38.475, -15.299], [38.472, -15.303], [38.481, -15.31], [38.48, -15.315], [38.471, -15.311], [38.463, -15.318], [38.467, -15.324], [38.462, -15.333], [38.439, -15.334], [38.421, -15.345], [38.397, -15.383], [38.382, -15.391], [38.287, -15.394], [38.259, -15.441], [38.253, -15.437], [38.239, -15.445], [38.225, -15.445], [38.211, -15.445], [38.188, -15.432], [38.175, -15.422], [38.167, -15.408], [38.166, -15.395], [38.16, -15.392], [38.149, -15.391], [38.138, -15.382], [38.131, -15.381], [38.127, -15.373], [38.131, -15.361], [38.14, -15.349], [38.14, -15.341], [38.134, -15.34], [38.122, -15.342], [38.108, -15.342], [38.099, -15.336], [38.095, -15.324], [38.088, -15.325], [38.075, -15.329], [38.065, -15.329], [38.054, -15.325], [38.051, -15.316], [38.045, -15.312], [38.036, -15.319], [38.035, -15.319], [38.004, -15.293], [38.02, -15.299], [38.005, -15.291], [38.002, -15.262], [37.98, -15.259], [37.949, -15.238], [37.925, -15.23], [37.906, -15.231], [37.9, -15.227], [37.884, -15.237], [37.873, -15.233], [37.867, -15.226], [37.849, -15.217], [37.845, -15.211], [37.834, -15.206], [37.797, -15.217], [37.76, -15.213], [37.74, -15.222], [37.723, -15.235], [37.711, -15.242], [37.691, -15.247], [37.683, -15.244], [37.675, -15.244], [37.634, -15.237], [37.625, -15.232], [37.618, -15.216], [37.617, -15.207], [37.597, -15.192], [37.595, -15.191], [37.612, -15.166], [37.621, -15.163], [37.637, -15.166], [37.643, -15.157], [37.671, -15.13], [37.681, -15.124], [37.682, -15.12], [37.681, -15.114], [37.671, -15.101], [37.667, -15.087], [37.643, -15.064], [37.647, -15.054], [37.661, -15.033], [37.66, -15.022], [37.668, -15.02], [37.695, -14.984], [37.708, -14.972], [37.73, -14.958], [37.731, -14.955], [37.739, -14.95], [37.763, -14.939], [37.776, -14.93], [37.796, -14.927], [37.805, -14.922], [37.81, -14.916], [37.825, -14.918], [37.832, -14.916], [37.838, -14.922], [37.855, -14.917], [37.864, -14.909], [37.871, -14.906], [37.883, -14.911], [37.89, -14.906], [37.908, -14.885], [37.911, -14.848], [37.916, -14.839], [37.948, -14.807], [37.958, -14.79], [37.971, -14.781], [37.986, -14.767], [37.999, -14.759], [38.003, -14.749], [38.012, -14.745], [38.042, -14.719], [38.049, -14.717], [38.056, -14.704], [38.064, -14.697], [38.065, -14.695], [38.084, -14.679], [38.108, -14.681], [38.122, -14.658], [38.129, -14.651], [38.141, -14.65], [38.15, -14.646], [38.168, -14.635], [38.176, -14.625], [38.195, -14.633], [38.199, -14.628], [38.209, -14.625], [38.229, -14.621], [38.23, -14.613], [38.226, -14.602], [38.231, -14.588], [38.24, -14.585], [38.254, -14.599], [38.265, -14.593], [38.275, -14.586], [38.299, -14.586], [38.31, -14.583], [38.34, -14.593], [38.352, -14.599], [38.395, -14.583], [38.418, -14.594], [38.435, -14.595], [38.458, -14.593], [38.476, -14.585], [38.484, -14.579], [38.498, -14.602], [38.508, -14.608], [38.51, -14.618], [38.516, -14.62], [38.52, -14.628], [38.526, -14.662], [38.52, -14.675], [38.538, -14.703], [38.543, -14.715], [38.546, -14.726], [38.554, -14.736], [38.554, -14.745], [38.549, -14.758], [38.539, -14.773], [38.533, -14.792], [38.514, -14.829], [38.509, -14.842], [38.513, -14.848], [38.556, -14.867], [38.578, -14.883], [38.582, -14.9], [38.585, -14.906], [38.585, -14.914], [38.572, -14.927], [38.579, -14.94], [38.588, -14.952], [38.597, -14.956], [38.603, -14.962], [38.614, -14.959], [38.638, -14.959], [38.651, -14.954], [38.662, -14.947], [38.685, -14.945], [38.694, -14.942], [38.717, -14.921], [38.737, -14.908], [38.751, -14.909], [38.763, -14.914], [38.773, -14.912], [38.78, -14.914], [38.772, -14.925], [38.779, -14.936], [38.777, -14.946], [38.784, -14.949], [38.794, -14.965], [38.802, -14.991], [38.801, -14.999], [38.814, -15.018], [38.815, -15.025], [38.806, -15.023], [38.796, -15.016], [38.774, -15.008], [38.761, -15.008], [38.747, -15.014], [38.735, -15.008], [38.727, -15.013], [38.722, -15.02], [38.711, -15.024], [38.696, -15.025], [38.676, -15.034], [38.666, -15.041], [38.652, -15.056], [38.646, -15.066], [38.626, -15.055], [38.623, -15.048], [38.6, -15.051], [38.592, -15.05], [38.546, -15.06], [38.529, -15.123], [38.519, -15.135], [38.504, -15.138], [38.496, -15.144], [38.489, -15.159], [38.475, -15.167], [38.469, -15.174], [38.469, -15.185], [38.464, -15.19], [38.454, -15.209]]]]}}, {"type": "Feature", "properties": {"id": "Pemba", "name": "Pemba", "desert": 0, "offices": 19}, "geometry": {"type": "MultiPolygon", "coordinates": [[[[40.408, -13.142], [40.396, -13.089], [40.392, -13.079], [40.373, -13.071], [40.362, -13.074], [40.349, -13.062], [40.34, -13.056], [40.333, -13.055], [40.319, -13.057], [40.311, -13.06], [40.311, -13.069], [40.305, -13.077], [40.291, -13.088], [40.26, -13.092], [40.255, -13.098], [40.249, -13.097], [40.246, -13.102], [40.234, -13.111], [40.231, -13.117], [40.228, -13.12], [40.2, -13.053], [40.186, -13.013], [40.19, -13.002], [40.195, -13.002], [40.198, -12.997], [40.207, -12.993], [40.206, -12.988], [40.195, -12.982], [40.162, -12.98], [40.157, -12.984], [40.147, -12.984], [40.115, -12.955], [40.117, -12.944], [40.118, -12.929], [40.112, -12.924], [40.101, -12.925], [40.089, -12.915], [40.079, -12.916], [40.075, -12.912], [40.054, -12.904], [40.041, -12.902], [40.021, -12.904], [40.015, -12.897], [40.015, -12.875], [40.008, -12.867], [40.004, -12.859], [40.006, -12.842], [40.025, -12.835], [40.025, -12.834], [40.043, -12.842], [40.045, -12.841], [40.1, -12.792], [40.116, -12.78], [40.13, -12.767], [40.144, -12.757], [40.162, -12.749], [40.18, -12.728], [40.205, -12.729], [40.216, -12.72], [40.223, -12.726], [40.231, -12.727], [40.239, -12.732], [40.252, -12.752], [40.265, -12.758], [40.284, -12.76], [40.31, -12.76], [40.402, -12.769], [40.413, -12.767], [40.435, -12.76], [40.447, -12.76], [40.472, -12.768], [40.488, -12.764], [40.499, -12.754], [40.503, -12.747], [40.517, -12.741], [40.528, -12.732], [40.543, -12.732], [40.548, -12.721], [40.553, -12.719], [40.566, -12.717], [40.564, -12.722], [40.567, -12.726], [40.57, -12.728], [40.576, -12.728], [40.582, -12.734], [40.583, -12.75], [40.58, -12.751], [40.58, -12.752], [40.582, -12.752], [40.584, -12.748], [40.584, -12.745], [40.585, -12.743], [40.584, -12.739], [40.586, -12.737], [40.581, -12.725], [40.58, -12.724], [40.569, -12.725], [40.568, -12.721], [40.573, -12.716], [40.584, -12.716], [40.594, -12.707], [40.595, -12.708], [40.597, -12.705], [40.601, -12.706], [40.61, -12.717], [40.613, -12.719], [40.616, -12.73], [40.615, -12.733], [40.607, -12.739], [40.606, -12.747], [40.603, -12.755], [40.6, -12.759], [40.603, -12.758], [40.603, -12.76], [40.606, -12.759], [40.604, -12.761], [40.603, -12.767], [40.606, -12.764], [40.607, -12.754], [40.612, -12.748], [40.615, -12.749], [40.615, -12.756], [40.614, -12.759], [40.615, -12.759], [40.616, -12.761], [40.617, -12.749], [40.621, -12.748], [40.621, -12.75], [40.622, -12.75], [40.63, -12.747], [40.629, -12.764], [40.627, -12.768], [40.628, -12.772], [40.62, -12.79], [40.611, -12.803], [40.6, -12.809], [40.597, -12.807], [40.587, -12.811], [40.584, -12.815], [40.58, -12.816], [40.58, -12.814], [40.581, -12.813], [40.579, -12.808], [40.572, -12.805], [40.572, -12.797], [40.567, -12.794], [40.565, -12.789], [40.564, -12.788], [40.563, -12.789], [40.56, -12.784], [40.552, -12.777], [40.547, -12.767], [40.539, -12.767], [40.546, -12.768], [40.547, -12.777], [40.544, -12.777], [40.551, -12.779], [40.553, -12.782], [40.551, -12.783], [40.554, -12.784], [40.563, -12.794], [40.563, -12.797], [40.562, -12.797], [40.561, -12.799], [40.564, -12.803], [40.56, -12.806], [40.56, -12.808], [40.562, -12.81], [40.56, -12.816], [40.562, -12.819], [40.566, -12.82], [40.564, -12.821], [40.565, -12.824], [40.562, -12.828], [40.555, -12.832], [40.55, -12.837], [40.549, -12.837], [40.549, -12.833], [40.547, -12.829], [40.546, -12.83], [40.544, -12.829], [40.545, -12.834], [40.542, -12.834], [40.541, -12.838], [40.543, -12.842], [40.547, -12.842], [40.547, -12.844], [40.543, -12.858], [40.531, -12.877], [40.53, -12.893], [40.528, -12.898], [40.524, -12.903], [40.521, -12.904], [40.518, -12.91], [40.517, -12.92], [40.514, -12.923], [40.513, -12.927], [40.51, -12.93], [40.502, -12.925], [40.503, -12.92], [40.5, -12.913], [40.503, -12.909], [40.504, -12.894], [40.5, -12.888], [40.496, -12.884], [40.492, -12.883], [40.492, -12.88], [40.489, -12.878], [40.487, -12.879], [40.491, -12.88], [40.49, -12.884], [40.48, -12.88], [40.471, -12.881], [40.461, -12.883], [40.453, -12.887], [40.451, -12.89], [40.439, -12.9], [40.435, -12.906], [40.432, -12.908], [40.433, -12.912], [40.43, -12.912], [40.429, -12.918], [40.418, -12.916], [40.416, -12.912], [40.418, -12.906], [40.415, -12.905], [40.411, -12.905], [40.41, -12.91], [40.413, -12.906], [40.416, -12.907], [40.413, -12.914], [40.415, -12.922], [40.414, -12.923], [40.411, -12.92], [40.406, -12.921], [40.405, -12.922], [40.407, -12.923], [40.408, -12.921], [40.41, -12.921], [40.413, -12.928], [40.404, -12.947], [40.405, -12.961], [40.41, -12.967], [40.41, -12.972], [40.413, -12.973], [40.414, -12.976], [40.432, -12.991], [40.431, -12.995], [40.43, -12.996], [40.433, -12.996], [40.434, -13.004], [40.441, -13.014], [40.441, -13.017], [40.438, -13.022], [40.439, -13.025], [40.436, -13.028], [40.433, -13.028], [40.437, -13.028], [40.441, -13.025], [40.44, -13.03], [40.444, -13.03], [40.453, -13.025], [40.461, -13.024], [40.462, -13.026], [40.459, -13.029], [40.459, -13.035], [40.466, -13.04], [40.466, -13.038], [40.46, -13.034], [40.463, -13.029], [40.486, -13.031], [40.485, -13.028], [40.487, -13.027], [40.489, -13.032], [40.485, -13.033], [40.483, -13.037], [40.486, -13.04], [40.484, -13.035], [40.489, -13.034], [40.491, -13.035], [40.49, -13.041], [40.486, -13.045], [40.492, -13.045], [40.49, -13.053], [40.494, -13.046], [40.493, -13.041], [40.494, -13.037], [40.493, -13.035], [40.494, -13.032], [40.497, -13.031], [40.496, -13.036], [40.498, -13.036], [40.5, -13.034], [40.505, -13.032], [40.509, -13.028], [40.508, -13.024], [40.51, -13.021], [40.51, -13.016], [40.513, -13.005], [40.511, -13.0], [40.514, -12.997], [40.514, -12.993], [40.512, -12.983], [40.505, -12.975], [40.496, -12.971], [40.49, -12.967], [40.485, -12.968], [40.482, -12.966], [40.481, -12.963], [40.484, -12.96], [40.487, -12.96], [40.489, -12.957], [40.493, -12.956], [40.498, -12.95], [40.505, -12.95], [40.512, -12.954], [40.518, -12.959], [40.523, -12.96], [40.524, -12.962], [40.529, -12.962], [40.533, -12.967], [40.54, -12.972], [40.547, -12.971], [40.557, -12.965], [40.563, -12.966], [40.564, -12.964], [40.568, -12.965], [40.57, -12.963], [40.57, -12.96], [40.572, -12.96], [40.573, -12.961], [40.575, -12.96], [40.575, -12.962], [40.587, -12.966], [40.586, -12.968], [40.588, -12.972], [40.586, -12.98], [40.587, -12.988], [40.58, -13.003], [40.573, -13.024], [40.557, -13.053], [40.553, -13.07], [40.554, -13.064], [40.529, -13.062], [40.524, -13.064], [40.519, -13.07], [40.501, -13.077], [40.462, -13.128], [40.464, -13.135], [40.408, -13.142]]], [[[40.416, -12.925], [40.416, -12.926], [40.415, -12.926], [40.415, -12.924], [40.416, -12.925]]], [[[40.574, -12.808], [40.576, -12.81], [40.575, -12.811], [40.573, -12.81], [40.573, -12.807], [40.574, -12.808]]], [[[40.548, -12.775], [40.549, -12.776], [40.547, -12.777], [40.547, -12.774], [40.548, -12.775]]], [[[40.611, -12.743], [40.61, -12.745], [40.609, -12.745], [40.61, -12.742], [40.611, -12.743]]], [[[40.582, -12.74], [40.585, -12.74], [40.584, -12.743], [40.583, -12.743], [40.582, -12.74]]]]}}, {"type": "Feature", "properties": {"id": "Ancuabe", "name": "Ancuabe", "desert": 0, "offices": 1}, "geometry": {"type": "MultiPolygon", "coordinates": [[[[40.231, -13.117], [40.234, -13.111], [40.246, -13.102], [40.249, -13.097], [40.255, -13.098], [40.26, -13.092], [40.291, -13.088], [40.305, -13.077], [40.311, -13.069], [40.311, -13.06], [40.319, -13.057], [40.333, -13.055], [40.34, -13.056], [40.349, -13.062], [40.362, -13.074], [40.373, -13.071], [40.392, -13.079], [40.396, -13.089], [40.408, -13.142], [40.464, -13.135], [40.462, -13.128], [40.501, -13.077], [40.519, -13.07], [40.524, -13.064], [40.529, -13.062], [40.554, -13.064], [40.551, -13.075], [40.552, -13.088], [40.55, -13.1], [40.555, -13.132], [40.557, -13.134], [40.557, -13.14], [40.561, -13.149], [40.56, -13.154], [40.561, -13.181], [40.562, -13.178], [40.563, -13.172], [40.564, -13.171], [40.565, -13.172], [40.562, -13.187], [40.563, -13.188], [40.564, -13.195], [40.562, -13.196], [40.561, -13.199], [40.559, -13.2], [40.56, -13.203], [40.559, -13.203], [40.556, -13.213], [40.557, -13.221], [40.538, -13.221], [40.507, -13.236], [40.481, -13.27], [40.467, -13.251], [40.455, -13.23], [40.43, -13.215], [40.409, -13.227], [40.405, -13.242], [40.36, -13.245], [40.339, -13.259], [40.31, -13.255], [40.289, -13.269], [40.277, -13.29], [40.267, -13.316], [40.253, -13.312], [40.24, -13.304], [40.228, -13.294], [40.232, -13.281], [40.216, -13.286], [40.211, -13.282], [40.21, -13.268], [40.205, -13.266], [40.18, -13.268], [40.168, -13.266], [40.15, -13.255], [40.134, -13.256], [40.126, -13.272], [40.115, -13.287], [40.108, -13.289], [40.097, -13.289], [40.086, -13.293], [40.064, -13.281], [40.05, -13.284], [40.047, -13.279], [40.045, -13.278], [40.032, -13.279], [40.027, -13.278], [40.0, -13.279], [39.992, -13.283], [39.975, -13.278], [39.955, -13.256], [39.944, -13.249], [39.927, -13.242], [39.913, -13.253], [39.902, -13.252], [39.894, -13.265], [39.885, -13.271], [39.886, -13.276], [39.89, -13.28], [39.889, -13.288], [39.891, -13.315], [39.898, -13.333], [39.892, -13.338], [39.854, -13.351], [39.853, -13.358], [39.866, -13.402], [39.873, -13.42], [39.888, -13.43], [39.89, -13.438], [39.888, -13.444], [39.884, -13.447], [39.886, -13.453], [39.869, -13.48], [39.855, -13.497], [39.849, -13.496], [39.843, -13.489], [39.84, -13.487], [39.833, -13.493], [39.808, -13.49], [39.784, -13.481], [39.78, -13.485], [39.777, -13.478], [39.777, -13.471], [39.762, -13.47], [39.744, -13.45], [39.74, -13.44], [39.73, -13.422], [39.723, -13.415], [39.712, -13.41], [39.7, -13.41], [39.693, -13.403], [39.691, -13.396], [39.696, -13.392], [39.694, -13.383], [39.677, -13.368], [39.672, -13.362], [39.669, -13.342], [39.679, -13.325], [39.665, -13.312], [39.662, -13.306], [39.666, -13.303], [39.669, -13.289], [39.669, -13.268], [39.652, -13.222], [39.646, -13.226], [39.626, -13.216], [39.624, -13.212], [39.617, -13.206], [39.611, -13.204], [39.603, -13.21], [39.592, -13.213], [39.581, -13.213], [39.569, -13.215], [39.56, -13.213], [39.537, -13.205], [39.519, -13.194], [39.477, -13.21], [39.46, -13.201], [39.445, -13.204], [39.399, -13.2], [39.396, -13.202], [39.4, -13.199], [39.396, -13.164], [39.391, -13.165], [39.395, -13.162], [39.395, -13.109], [39.38, -13.091], [39.377, -13.079], [39.371, -13.007], [39.366, -12.996], [39.372, -12.94], [39.363, -12.924], [39.358, -12.901], [39.347, -12.881], [39.34, -12.862], [39.33, -12.844], [39.324, -12.829], [39.349, -12.806], [39.352, -12.799], [39.349, -12.79], [39.348, -12.773], [39.357, -12.758], [39.362, -12.745], [39.36, -12.721], [39.374, -12.713], [39.374, -12.704], [39.379, -12.698], [39.391, -12.696], [39.396, -12.686], [39.405, -12.68], [39.41, -12.689], [39.415, -12.695], [39.433, -12.705], [39.444, -12.709], [39.451, -12.716], [39.465, -12.72], [39.476, -12.726], [39.488, -12.717], [39.497, -12.714], [39.514, -12.727], [39.526, -12.718], [39.531, -12.721], [39.535, -12.726], [39.539, -12.738], [39.546, -12.743], [39.572, -12.739], [39.588, -12.742], [39.624, -12.758], [39.633, -12.755], [39.642, -12.756], [39.653, -12.754], [39.691, -12.752], [39.711, -12.747], [39.745, -12.72], [39.761, -12.702], [39.766, -12.699], [39.766, -12.69], [39.762, -12.682], [39.764, -12.666], [39.781, -12.651], [39.787, -12.654], [39.796, -12.644], [39.802, -12.639], [39.8, -12.62], [39.813, -12.609], [39.818, -12.608], [39.833, -12.612], [39.838, -12.609], [39.868, -12.616], [39.878, -12.623], [39.896, -12.642], [39.913, -12.645], [39.956, -12.637], [39.97, -12.637], [39.989, -12.639], [39.995, -12.638], [40.015, -12.644], [40.023, -12.642], [40.032, -12.635], [40.05, -12.629], [40.058, -12.622], [40.066, -12.61], [40.083, -12.598], [40.116, -12.59], [40.131, -12.576], [40.13, -12.611], [40.125, -12.622], [40.08, -12.682], [40.037, -12.712], [40.006, -12.765], [40.004, -12.768], [40.007, -12.777], [40.021, -12.808], [40.023, -12.819], [40.025, -12.835], [40.006, -12.842], [40.004, -12.859], [40.008, -12.867], [40.015, -12.875], [40.015, -12.897], [40.021, -12.904], [40.041, -12.902], [40.054, -12.904], [40.075, -12.912], [40.079, -12.916], [40.089, -12.915], [40.101, -12.925], [40.112, -12.924], [40.118, -12.929], [40.117, -12.944], [40.115, -12.955], [40.147, -12.984], [40.157, -12.984], [40.162, -12.98], [40.195, -12.982], [40.206, -12.988], [40.207, -12.993], [40.198, -12.997], [40.195, -13.002], [40.19, -13.002], [40.186, -13.013], [40.2, -13.053], [40.228, -13.12], [40.231, -13.117]]]]}}, {"type": "Feature", "properties": {"id": "Balama", "name": "Balama", "desert": 0, "offices": 2}, "geometry": {"type": "MultiPolygon", "coordinates": [[[[38.59, -13.57], [38.574, -13.636], [38.548, -13.65], [38.523, -13.685], [38.518, -13.697], [38.523, -13.745], [38.498, -13.789], [38.498, -13.809], [38.488, -13.836], [38.488, -13.84], [38.474, -13.864], [38.476, -13.867], [38.47, -13.875], [38.469, -13.881], [38.461, -13.889], [38.447, -13.914], [38.446, -13.924], [38.441, -13.93], [38.44, -13.948], [38.434, -13.959], [38.433, -13.966], [38.433, -13.972], [38.444, -13.98], [38.446, -13.982], [38.443, -13.985], [38.447, -13.989], [38.452, -13.998], [38.459, -13.998], [38.472, -14.021], [38.483, -14.052], [38.495, -14.053], [38.502, -14.057], [38.508, -14.058], [38.527, -14.082], [38.528, -14.088], [38.523, -14.096], [38.515, -14.101], [38.516, -14.111], [38.529, -14.121], [38.536, -14.132], [38.543, -14.136], [38.547, -14.141], [38.556, -14.144], [38.544, -14.145], [38.533, -14.152], [38.522, -14.155], [38.51, -14.152], [38.481, -14.127], [38.47, -14.122], [38.441, -14.114], [38.43, -14.114], [38.398, -14.127], [38.387, -14.108], [38.377, -14.108], [38.363, -14.105], [38.36, -14.087], [38.347, -14.067], [38.348, -14.056], [38.339, -14.061], [38.337, -14.059], [38.326, -14.046], [38.32, -14.038], [38.311, -14.032], [38.304, -14.02], [38.282, -13.999], [38.28, -13.993], [38.288, -13.977], [38.288, -13.966], [38.281, -13.962], [38.276, -13.953], [38.278, -13.947], [38.273, -13.941], [38.269, -13.938], [38.261, -13.936], [38.258, -13.931], [38.26, -13.924], [38.259, -13.911], [38.252, -13.898], [38.251, -13.889], [38.242, -13.881], [38.24, -13.873], [38.232, -13.868], [38.227, -13.859], [38.222, -13.857], [38.214, -13.847], [38.212, -13.839], [38.213, -13.833], [38.208, -13.831], [38.206, -13.828], [38.203, -13.827], [38.202, -13.825], [38.201, -13.814], [38.203, -13.806], [38.201, -13.802], [38.183, -13.786], [38.184, -13.774], [38.171, -13.77], [38.169, -13.759], [38.17, -13.754], [38.164, -13.75], [38.163, -13.746], [38.164, -13.725], [38.166, -13.72], [38.168, -13.691], [38.174, -13.68], [38.173, -13.672], [38.159, -13.667], [38.157, -13.661], [38.146, -13.641], [38.149, -13.623], [38.151, -13.598], [38.145, -13.576], [38.145, -13.552], [38.133, -13.526], [38.114, -13.512], [38.105, -13.49], [38.086, -13.495], [38.064, -13.502], [38.045, -13.437], [38.04, -13.411], [38.047, -13.4], [38.062, -13.387], [38.109, -13.355], [38.127, -13.353], [38.14, -13.348], [38.147, -13.342], [38.156, -13.324], [38.174, -13.311], [38.178, -13.305], [38.184, -13.291], [38.181, -13.276], [38.202, -13.222], [38.2, -13.221], [38.2, -13.215], [38.206, -13.185], [38.219, -13.169], [38.218, -13.145], [38.215, -13.134], [38.217, -13.128], [38.212, -13.113], [38.216, -13.112], [38.22, -13.102], [38.227, -13.092], [38.236, -13.098], [38.255, -13.095], [38.258, -13.09], [38.258, -13.079], [38.262, -13.069], [38.274, -13.074], [38.283, -13.069], [38.287, -13.059], [38.286, -13.048], [38.295, -13.042], [38.3, -13.04], [38.315, -13.023], [38.318, -13.01], [38.322, -13.008], [38.347, -13.005], [38.351, -13.003], [38.35, -12.997], [38.353, -12.993], [38.369, -12.991], [38.383, -12.992], [38.399, -12.985], [38.405, -12.982], [38.41, -12.971], [38.422, -12.963], [38.428, -12.963], [38.44, -12.966], [38.452, -12.973], [38.463, -12.975], [38.478, -12.973], [38.491, -12.967], [38.505, -12.944], [38.515, -12.946], [38.525, -12.944], [38.532, -12.938], [38.535, -12.928], [38.547, -12.917], [38.554, -12.915], [38.559, -12.918], [38.58, -12.94], [38.588, -12.942], [38.597, -12.95], [38.6, -12.96], [38.599, -12.969], [38.591, -12.983], [38.592, -12.988], [38.586, -12.996], [38.586, -12.998], [38.585, -13.002], [38.588, -13.007], [38.578, -13.016], [38.574, -13.025], [38.659, -13.124], [38.689, -13.144], [38.704, -13.186], [38.708, -13.192], [38.724, -13.231], [38.735, -13.238], [38.738, -13.244], [38.744, -13.247], [38.75, -13.257], [38.785, -13.273], [38.794, -13.267], [38.808, -13.264], [38.813, -13.26], [38.821, -13.261], [38.822, -13.268], [38.826, -13.276], [38.824, -13.283], [38.808, -13.308], [38.799, -13.315], [38.772, -13.354], [38.764, -13.359], [38.754, -13.371], [38.733, -13.391], [38.706, -13.408], [38.695, -13.42], [38.688, -13.424], [38.675, -13.435], [38.676, -13.444], [38.683, -13.467], [38.695, -13.479], [38.702, -13.491], [38.704, -13.492], [38.643, -13.504], [38.596, -13.51], [38.59, -13.57]]]]}}, {"type": "Feature", "properties": {"id": "Chi\u00fare", "name": "Chi\u00fare", "desert": 0, "offices": 2}, "geometry": {"type": "MultiPolygon", "coordinates": [[[[39.549, -13.753], [39.506, -13.773], [39.485, -13.789], [39.461, -13.818], [39.454, -13.833], [39.441, -13.843], [39.418, -13.851], [39.417, -13.853], [39.4, -13.852], [39.371, -13.861], [39.316, -13.89], [39.31, -13.891], [39.306, -13.873], [39.301, -13.87], [39.297, -13.863], [39.284, -13.864], [39.275, -13.862], [39.266, -13.856], [39.255, -13.855], [39.246, -13.857], [39.245, -13.852], [39.238, -13.847], [39.228, -13.832], [39.229, -13.825], [39.227, -13.815], [39.22, -13.808], [39.221, -13.8], [39.22, -13.79], [39.225, -13.773], [39.231, -13.768], [39.241, -13.763], [39.245, -13.753], [39.251, -13.749], [39.266, -13.742], [39.317, -13.724], [39.32, -13.718], [39.319, -13.706], [39.328, -13.699], [39.349, -13.67], [39.365, -13.664], [39.375, -13.662], [39.378, -13.659], [39.369, -13.637], [39.376, -13.628], [39.369, -13.625], [39.366, -13.604], [39.361, -13.6], [39.333, -13.539], [39.323, -13.539], [39.307, -13.525], [39.304, -13.517], [39.305, -13.507], [39.301, -13.496], [39.295, -13.492], [39.286, -13.493], [39.281, -13.487], [39.273, -13.484], [39.267, -13.473], [39.263, -13.462], [39.272, -13.453], [39.273, -13.434], [39.257, -13.41], [39.248, -13.408], [39.243, -13.404], [39.224, -13.379], [39.221, -13.369], [39.198, -13.331], [39.186, -13.305], [39.186, -13.303], [39.2, -13.291], [39.219, -13.279], [39.246, -13.256], [39.261, -13.248], [39.269, -13.247], [39.276, -13.241], [39.286, -13.236], [39.289, -13.246], [39.309, -13.25], [39.328, -13.25], [39.368, -13.24], [39.376, -13.226], [39.383, -13.229], [39.39, -13.207], [39.399, -13.2], [39.445, -13.204], [39.46, -13.201], [39.477, -13.21], [39.519, -13.194], [39.537, -13.205], [39.56, -13.213], [39.569, -13.215], [39.581, -13.213], [39.592, -13.213], [39.603, -13.21], [39.611, -13.204], [39.617, -13.206], [39.624, -13.212], [39.626, -13.216], [39.646, -13.226], [39.652, -13.222], [39.669, -13.268], [39.669, -13.289], [39.666, -13.303], [39.662, -13.306], [39.665, -13.312], [39.679, -13.325], [39.669, -13.342], [39.672, -13.362], [39.677, -13.368], [39.694, -13.383], [39.696, -13.392], [39.691, -13.396], [39.693, -13.403], [39.7, -13.41], [39.712, -13.41], [39.723, -13.415], [39.73, -13.422], [39.74, -13.44], [39.744, -13.45], [39.762, -13.47], [39.777, -13.471], [39.777, -13.478], [39.78, -13.485], [39.784, -13.481], [39.808, -13.49], [39.833, -13.493], [39.84, -13.487], [39.843, -13.489], [39.849, -13.496], [39.855, -13.497], [39.869, -13.48], [39.886, -13.453], [39.884, -13.447], [39.888, -13.444], [39.89, -13.438], [39.888, -13.43], [39.873, -13.42], [39.866, -13.402], [39.853, -13.358], [39.854, -13.351], [39.892, -13.338], [39.898, -13.333], [39.891, -13.315], [39.889, -13.288], [39.89, -13.28], [39.886, -13.276], [39.885, -13.271], [39.894, -13.265], [39.902, -13.252], [39.913, -13.253], [39.927, -13.242], [39.944, -13.249], [39.955, -13.256], [39.975, -13.278], [39.992, -13.283], [40.0, -13.279], [40.027, -13.278], [40.032, -13.279], [40.045, -13.278], [40.047, -13.279], [40.05, -13.284], [40.064, -13.281], [40.086, -13.293], [40.097, -13.289], [40.108, -13.289], [40.115, -13.287], [40.126, -13.272], [40.134, -13.256], [40.15, -13.255], [40.168, -13.266], [40.18, -13.268], [40.205, -13.266], [40.21, -13.268], [40.211, -13.282], [40.216, -13.286], [40.232, -13.281], [40.228, -13.294], [40.24, -13.304], [40.262, -13.316], [40.277, -13.319], [40.295, -13.319], [40.311, -13.322], [40.319, -13.328], [40.346, -13.334], [40.353, -13.337], [40.372, -13.355], [40.385, -13.373], [40.387, -13.388], [40.424, -13.385], [40.439, -13.397], [40.449, -13.412], [40.464, -13.43], [40.486, -13.43], [40.495, -13.436], [40.501, -13.445], [40.533, -13.475], [40.525, -13.475], [40.52, -13.478], [40.516, -13.476], [40.519, -13.479], [40.524, -13.476], [40.531, -13.476], [40.532, -13.483], [40.529, -13.489], [40.526, -13.5], [40.516, -13.499], [40.496, -13.505], [40.475, -13.508], [40.471, -13.509], [40.465, -13.504], [40.464, -13.508], [40.451, -13.5], [40.437, -13.475], [40.425, -13.462], [40.417, -13.457], [40.403, -13.454], [40.385, -13.454], [40.343, -13.459], [40.31, -13.472], [40.292, -13.471], [40.238, -13.484], [40.221, -13.492], [40.211, -13.492], [40.193, -13.474], [40.169, -13.459], [40.149, -13.456], [40.14, -13.448], [40.117, -13.441], [40.103, -13.448], [40.109, -13.46], [40.11, -13.467], [40.108, -13.473], [40.075, -13.486], [40.051, -13.492], [40.01, -13.506], [39.998, -13.529], [39.976, -13.561], [39.972, -13.565], [39.947, -13.577], [39.938, -13.584], [39.922, -13.613], [39.91, -13.631], [39.896, -13.64], [39.867, -13.667], [39.842, -13.674], [39.812, -13.675], [39.775, -13.664], [39.769, -13.662], [39.758, -13.664], [39.719, -13.684], [39.706, -13.694], [39.689, -13.701], [39.67, -13.712], [39.66, -13.72], [39.631, -13.731], [39.609, -13.734], [39.587, -13.739], [39.549, -13.753]]]]}}, {"type": "Feature", "properties": {"id": "Macomia", "name": "Macomia", "desert": 0, "offices": 1}, "geometry": {"type": "MultiPolygon", "coordinates": [[[[40.601, -12.49], [40.605, -12.492], [40.606, -12.496], [40.607, -12.495], [40.608, -12.495], [40.601, -12.498], [40.603, -12.495], [40.599, -12.493], [40.599, -12.49], [40.601, -12.49]]], [[[40.631, -12.472], [40.635, -12.473], [40.635, -12.475], [40.632, -12.478], [40.634, -12.481], [40.632, -12.488], [40.628, -12.486], [40.629, -12.478], [40.632, -12.476], [40.63, -12.472], [40.631, -12.472]]], [[[40.608, -12.469], [40.606, -12.469], [40.605, -12.469], [40.607, -12.467], [40.608, -12.469]]], [[[40.625, -12.435], [40.624, -12.435], [40.623, -12.436], [40.623, -12.434], [40.625, -12.434], [40.625, -12.435]]], [[[40.597, -12.405], [40.617, -12.42], [40.616, -12.428], [40.618, -12.433], [40.618, -12.451], [40.616, -12.456], [40.61, -12.463], [40.601, -12.461], [40.597, -12.459], [40.597, -12.451], [40.595, -12.451], [40.596, -12.445], [40.593, -12.439], [40.593, -12.431], [40.589, -12.425], [40.59, -12.406], [40.595, -12.404], [40.597, -12.405]]], [[[40.599, -12.398], [40.595, -12.398], [40.594, -12.397], [40.599, -12.397], [40.599, -12.398]]], [[[40.612, -12.371], [40.613, -12.373], [40.613, -12.373], [40.611, -12.372], [40.611, -12.37], [40.612, -12.371]]], [[[40.614, -12.323], [40.62, -12.328], [40.621, -12.331], [40.613, -12.322], [40.614, -12.323]]], [[[40.583, -12.182], [40.587, -12.182], [40.59, -12.184], [40.592, -12.183], [40.596, -12.185], [40.609, -12.201], [40.613, -12.209], [40.613, -12.226], [40.617, -12.231], [40.617, -12.233], [40.61, -12.238], [40.608, -12.243], [40.603, -12.248], [40.592, -12.254], [40.588, -12.253], [40.582, -12.247], [40.586, -12.242], [40.585, -12.233], [40.581, -12.223], [40.578, -12.22], [40.576, -12.213], [40.571, -12.208], [40.57, -12.203], [40.559, -12.197], [40.561, -12.194], [40.566, -12.192], [40.568, -12.188], [40.573, -12.187], [40.575, -12.183], [40.58, -12.181], [40.583, -12.182]]], [[[40.564, -12.146], [40.56, -12.15], [40.557, -12.151], [40.56, -12.145], [40.563, -12.144], [40.564, -12.146]]], [[[40.547, -12.044], [40.547, -12.045], [40.545, -12.048], [40.541, -12.048], [40.541, -12.044], [40.547, -12.044]]], [[[40.553, -12.045], [40.55, -12.048], [40.55, -12.048], [40.551, -12.046], [40.551, -12.045], [40.55, -12.045], [40.55, -12.043], [40.553, -12.043], [40.553, -12.045]]], [[[40.623, -12.232], [40.622, -12.236], [40.615, -12.236], [40.622, -12.231], [40.623, -12.232]]], [[[40.594, -12.007], [40.593, -12.009], [40.592, -12.01], [40.593, -12.006], [40.594, -12.007]]], [[[40.609, -11.816], [40.606, -11.818], [40.599, -11.818], [40.603, -11.816], [40.603, -11.815], [40.609, -11.815], [40.609, -11.816]]], [[[40.488, -12.386], [40.486, -12.396], [40.483, -12.397], [40.481, -12.395], [40.478, -12.396], [40.478, -12.395], [40.477, -12.396], [40.487, -12.398], [40.491, -12.388], [40.495, -12.384], [40.502, -12.383], [40.506, -12.387], [40.506, -12.383], [40.508, -12.385], [40.508, -12.387], [40.512, -12.384], [40.52, -12.384], [40.521, -12.385], [40.521, -12.394], [40.525, -12.397], [40.523, -12.394], [40.524, -12.387], [40.531, -12.387], [40.534, -12.384], [40.539, -12.391], [40.538, -12.397], [40.538, -12.398], [40.54, -12.389], [40.538, -12.386], [40.541, -12.386], [40.539, -12.382], [40.541, -12.382], [40.541, -12.384], [40.542, -12.383], [40.539, -12.377], [40.541, -12.376], [40.547, -12.382], [40.55, -12.381], [40.549, -12.386], [40.551, -12.388], [40.551, -12.391], [40.553, -12.382], [40.554, -12.382], [40.556, -12.384], [40.56, -12.385], [40.562, -12.389], [40.57, -12.399], [40.569, -12.402], [40.56, -12.403], [40.551, -12.409], [40.551, -12.411], [40.543, -12.414], [40.542, -12.416], [40.536, -12.418], [40.533, -12.419], [40.524, -12.427], [40.511, -12.43], [40.5, -12.44], [40.496, -12.439], [40.499, -12.442], [40.499, -12.446], [40.495, -12.46], [40.488, -12.454], [40.478, -12.457], [40.475, -12.455], [40.474, -12.451], [40.471, -12.451], [40.47, -12.455], [40.462, -12.452], [40.456, -12.452], [40.452, -12.457], [40.457, -12.463], [40.458, -12.466], [40.451, -12.471], [40.453, -12.472], [40.446, -12.473], [40.44, -12.471], [40.422, -12.464], [40.413, -12.459], [40.404, -12.457], [40.398, -12.46], [40.358, -12.458], [40.344, -12.449], [40.334, -12.445], [40.3, -12.438], [40.287, -12.433], [40.258, -12.417], [40.246, -12.403], [40.236, -12.395], [40.193, -12.366], [40.127, -12.367], [40.074, -12.285], [40.001, -12.252], [39.985, -12.261], [39.94, -12.306], [39.926, -12.291], [39.904, -12.279], [39.888, -12.273], [39.849, -12.27], [39.759, -12.24], [39.735, -12.228], [39.729, -12.218], [39.718, -12.205], [39.724, -12.195], [39.721, -12.163], [39.721, -12.152], [39.725, -12.136], [39.725, -12.129], [39.737, -12.116], [39.742, -12.106], [39.735, -12.074], [39.756, -12.075], [39.767, -12.069], [39.78, -12.057], [39.796, -12.048], [39.828, -12.035], [39.87, -11.999], [39.885, -11.978], [39.907, -11.957], [39.922, -11.94], [39.982, -11.915], [40.019, -11.891], [40.058, -11.872], [40.093, -11.85], [40.117, -11.829], [40.131, -11.808], [40.137, -11.778], [40.139, -11.757], [40.136, -11.743], [40.127, -11.735], [40.128, -11.73], [40.148, -11.728], [40.176, -11.72], [40.181, -11.727], [40.191, -11.723], [40.198, -11.722], [40.202, -11.719], [40.222, -11.735], [40.234, -11.737], [40.249, -11.743], [40.273, -11.743], [40.278, -11.744], [40.275, -11.735], [40.277, -11.724], [40.279, -11.72], [40.294, -11.72], [40.296, -11.712], [40.295, -11.699], [40.301, -11.7], [40.308, -11.707], [40.321, -11.696], [40.329, -11.686], [40.331, -11.679], [40.338, -11.673], [40.346, -11.675], [40.352, -11.68], [40.36, -11.681], [40.382, -11.692], [40.387, -11.687], [40.392, -11.681], [40.398, -11.681], [40.405, -11.677], [40.422, -11.673], [40.433, -11.673], [40.424, -11.674], [40.416, -11.68], [40.425, -11.675], [40.442, -11.676], [40.443, -11.68], [40.44, -11.681], [40.443, -11.687], [40.44, -11.691], [40.431, -11.691], [40.426, -11.695], [40.426, -11.696], [40.424, -11.698], [40.419, -11.699], [40.421, -11.705], [40.418, -11.704], [40.416, -11.706], [40.422, -11.705], [40.422, -11.703], [40.42, -11.702], [40.421, -11.7], [40.425, -11.699], [40.431, -11.694], [40.435, -11.694], [40.439, -11.7], [40.436, -11.703], [40.433, -11.703], [40.434, -11.709], [40.435, -11.71], [40.434, -11.705], [40.435, -11.703], [40.44, -11.706], [40.439, -11.716], [40.437, -11.725], [40.435, -11.727], [40.437, -11.729], [40.439, -11.735], [40.449, -11.745], [40.46, -11.745], [40.465, -11.743], [40.464, -11.754], [40.466, -11.764], [40.464, -11.77], [40.462, -11.771], [40.465, -11.774], [40.463, -11.774], [40.461, -11.773], [40.46, -11.773], [40.469, -11.778], [40.468, -11.784], [40.47, -11.786], [40.467, -11.792], [40.466, -11.798], [40.464, -11.798], [40.464, -11.8], [40.461, -11.801], [40.46, -11.808], [40.461, -11.815], [40.464, -11.815], [40.465, -11.822], [40.47, -11.83], [40.484, -11.842], [40.493, -11.846], [40.506, -11.847], [40.515, -11.854], [40.511, -11.858], [40.501, -11.863], [40.487, -11.88], [40.484, -11.887], [40.482, -11.9], [40.484, -11.916], [40.482, -11.924], [40.484, -11.926], [40.485, -11.932], [40.488, -11.93], [40.492, -11.95], [40.502, -11.966], [40.5, -11.968], [40.502, -11.97], [40.509, -11.977], [40.525, -11.988], [40.525, -11.991], [40.542, -11.999], [40.553, -11.998], [40.549, -12.002], [40.54, -12.0], [40.517, -12.016], [40.51, -12.026], [40.51, -12.029], [40.506, -12.032], [40.502, -12.039], [40.5, -12.046], [40.499, -12.061], [40.501, -12.062], [40.504, -12.075], [40.511, -12.08], [40.512, -12.09], [40.489, -12.136], [40.488, -12.147], [40.489, -12.154], [40.495, -12.169], [40.512, -12.196], [40.512, -12.199], [40.516, -12.205], [40.514, -12.207], [40.507, -12.21], [40.503, -12.214], [40.5, -12.214], [40.499, -12.212], [40.498, -12.213], [40.495, -12.209], [40.494, -12.211], [40.49, -12.211], [40.495, -12.212], [40.499, -12.215], [40.499, -12.218], [40.501, -12.218], [40.499, -12.221], [40.508, -12.219], [40.51, -12.226], [40.505, -12.244], [40.496, -12.255], [40.493, -12.263], [40.493, -12.269], [40.491, -12.271], [40.486, -12.272], [40.48, -12.27], [40.476, -12.263], [40.472, -12.26], [40.468, -12.253], [40.463, -12.248], [40.464, -12.24], [40.462, -12.236], [40.464, -12.234], [40.465, -12.235], [40.469, -12.232], [40.468, -12.228], [40.464, -12.23], [40.462, -12.228], [40.463, -12.23], [40.467, -12.229], [40.468, -12.231], [40.466, -12.233], [40.465, -12.231], [40.462, -12.232], [40.458, -12.242], [40.459, -12.261], [40.464, -12.266], [40.463, -12.267], [40.466, -12.269], [40.471, -12.268], [40.472, -12.271], [40.477, -12.273], [40.478, -12.275], [40.484, -12.274], [40.496, -12.278], [40.5, -12.285], [40.5, -12.295], [40.505, -12.304], [40.505, -12.314], [40.515, -12.325], [40.514, -12.328], [40.511, -12.328], [40.508, -12.332], [40.509, -12.341], [40.501, -12.34], [40.49, -12.345], [40.485, -12.343], [40.487, -12.346], [40.49, -12.346], [40.495, -12.345], [40.498, -12.342], [40.504, -12.342], [40.506, -12.347], [40.502, -12.36], [40.494, -12.363], [40.491, -12.367], [40.489, -12.376], [40.491, -12.374], [40.492, -12.367], [40.494, -12.364], [40.498, -12.365], [40.498, -12.37], [40.495, -12.373], [40.489, -12.378], [40.488, -12.386]]], [[[40.49, -12.388], [40.49, -12.386], [40.493, -12.385], [40.492, -12.387], [40.49, -12.388]]], [[[40.52, -12.382], [40.519, -12.383], [40.519, -12.381], [40.52, -12.381], [40.52, -12.382]]], [[[40.534, -12.379], [40.536, -12.383], [40.534, -12.382], [40.53, -12.383], [40.527, -12.381], [40.529, -12.379], [40.534, -12.379]]], [[[40.55, -12.379], [40.548, -12.38], [40.548, -12.378], [40.549, -12.377], [40.55, -12.379]]], [[[40.6, -12.326], [40.609, -12.332], [40.62, -12.334], [40.623, -12.331], [40.625, -12.333], [40.625, -12.337], [40.618, -12.34], [40.621, -12.347], [40.621, -12.349], [40.617, -12.348], [40.62, -12.354], [40.62, -12.365], [40.616, -12.367], [40.614, -12.364], [40.609, -12.373], [40.599, -12.382], [40.6, -12.383], [40.599, -12.385], [40.59, -12.391], [40.59, -12.393], [40.591, -12.391], [40.596, -12.39], [40.601, -12.393], [40.6, -12.395], [40.594, -12.396], [40.595, -12.394], [40.594, -12.393], [40.587, -12.396], [40.584, -12.396], [40.582, -12.399], [40.572, -12.408], [40.574, -12.403], [40.572, -12.399], [40.572, -12.393], [40.57, -12.389], [40.566, -12.388], [40.561, -12.379], [40.571, -12.38], [40.578, -12.376], [40.57, -12.375], [40.568, -12.373], [40.566, -12.376], [40.56, -12.375], [40.559, -12.371], [40.547, -12.367], [40.545, -12.363], [40.545, -12.361], [40.55, -12.356], [40.554, -12.353], [40.556, -12.354], [40.563, -12.345], [40.567, -12.344], [40.568, -12.34], [40.572, -12.348], [40.574, -12.357], [40.58, -12.359], [40.578, -12.353], [40.58, -12.354], [40.582, -12.351], [40.587, -12.36], [40.589, -12.359], [40.592, -12.36], [40.59, -12.354], [40.593, -12.351], [40.587, -12.345], [40.581, -12.345], [40.582, -12.341], [40.581, -12.338], [40.595, -12.331], [40.599, -12.326], [40.6, -12.326]]], [[[40.531, -12.363], [40.529, -12.361], [40.53, -12.358], [40.531, -12.359], [40.531, -12.363]]], [[[40.494, -12.38], [40.493, -12.382], [40.49, -12.384], [40.49, -12.379], [40.493, -12.375], [40.495, -12.375], [40.494, -12.377], [40.494, -12.38]]], [[[40.502, -12.375], [40.5, -12.379], [40.495, -12.382], [40.497, -12.377], [40.499, -12.377], [40.501, -12.374], [40.502, -12.375]]], [[[40.463, -12.255], [40.467, -12.261], [40.467, -12.263], [40.462, -12.261], [40.461, -12.254], [40.463, -12.255]]], [[[40.536, -12.017], [40.54, -12.018], [40.54, -12.019], [40.537, -12.02], [40.534, -12.018], [40.534, -12.017], [40.536, -12.017]]], [[[40.574, -11.974], [40.581, -11.976], [40.588, -11.974], [40.593, -11.977], [40.594, -11.98], [40.594, -11.986], [40.591, -11.987], [40.589, -11.994], [40.587, -11.993], [40.587, -11.995], [40.579, -12.002], [40.58, -11.993], [40.577, -11.986], [40.568, -11.982], [40.567, -11.973], [40.574, -11.974]]], [[[40.567, -11.823], [40.567, -11.824], [40.564, -11.825], [40.564, -11.822], [40.567, -11.823]]]]}}, {"type": "Feature", "properties": {"id": "Mecufi", "name": "Mecufi", "desert": 1, "offices": 0}, "geometry": {"type": "MultiPolygon", "coordinates": [[[[40.268, -13.316], [40.277, -13.29], [40.289, -13.269], [40.31, -13.255], [40.339, -13.259], [40.36, -13.245], [40.405, -13.242], [40.409, -13.227], [40.43, -13.215], [40.455, -13.23], [40.467, -13.251], [40.481, -13.27], [40.507, -13.236], [40.538, -13.221], [40.557, -13.221], [40.557, -13.229], [40.559, -13.239], [40.561, -13.24], [40.559, -13.244], [40.56, -13.257], [40.565, -13.271], [40.56, -13.286], [40.555, -13.284], [40.554, -13.284], [40.558, -13.287], [40.558, -13.289], [40.561, -13.29], [40.563, -13.299], [40.565, -13.301], [40.566, -13.309], [40.564, -13.311], [40.565, -13.318], [40.564, -13.318], [40.563, -13.318], [40.565, -13.32], [40.569, -13.319], [40.573, -13.326], [40.577, -13.329], [40.582, -13.345], [40.58, -13.348], [40.58, -13.353], [40.583, -13.355], [40.584, -13.366], [40.581, -13.383], [40.576, -13.401], [40.565, -13.406], [40.56, -13.41], [40.548, -13.422], [40.537, -13.447], [40.534, -13.46], [40.533, -13.475], [40.501, -13.445], [40.495, -13.436], [40.486, -13.43], [40.464, -13.43], [40.449, -13.412], [40.439, -13.397], [40.424, -13.385], [40.387, -13.388], [40.385, -13.373], [40.372, -13.355], [40.353, -13.337], [40.346, -13.334], [40.319, -13.328], [40.311, -13.322], [40.295, -13.319], [40.277, -13.319], [40.268, -13.316]]]]}}, {"type": "Feature", "properties": {"id": "Meluco", "name": "Meluco", "desert": 1, "offices": 0}, "geometry": {"type": "MultiPolygon", "coordinates": [[[[39.867, -12.616], [39.848, -12.611], [39.838, -12.609], [39.833, -12.612], [39.818, -12.608], [39.813, -12.609], [39.8, -12.62], [39.802, -12.639], [39.796, -12.644], [39.787, -12.654], [39.781, -12.651], [39.764, -12.666], [39.762, -12.682], [39.766, -12.69], [39.766, -12.699], [39.761, -12.702], [39.745, -12.72], [39.711, -12.747], [39.691, -12.752], [39.653, -12.754], [39.642, -12.756], [39.633, -12.755], [39.624, -12.758], [39.588, -12.742], [39.572, -12.739], [39.546, -12.743], [39.539, -12.738], [39.535, -12.726], [39.531, -12.721], [39.526, -12.718], [39.514, -12.727], [39.497, -12.714], [39.488, -12.717], [39.476, -12.726], [39.465, -12.72], [39.451, -12.716], [39.444, -12.709], [39.433, -12.705], [39.415, -12.695], [39.41, -12.689], [39.405, -12.68], [39.396, -12.686], [39.391, -12.696], [39.379, -12.698], [39.374, -12.704], [39.374, -12.713], [39.36, -12.721], [39.362, -12.745], [39.357, -12.758], [39.348, -12.773], [39.349, -12.79], [39.352, -12.799], [39.349, -12.806], [39.323, -12.83], [39.312, -12.83], [39.306, -12.832], [39.296, -12.842], [39.278, -12.855], [39.266, -12.848], [39.263, -12.85], [39.266, -12.847], [39.253, -12.819], [39.246, -12.818], [39.236, -12.82], [39.227, -12.829], [39.217, -12.834], [39.191, -12.835], [39.174, -12.832], [39.148, -12.82], [39.137, -12.813], [39.132, -12.803], [39.14, -12.784], [39.126, -12.745], [39.127, -12.736], [39.139, -12.714], [39.14, -12.709], [39.133, -12.689], [39.148, -12.663], [39.153, -12.628], [39.147, -12.609], [39.147, -12.594], [39.155, -12.573], [39.171, -12.553], [39.174, -12.529], [39.183, -12.525], [39.186, -12.52], [39.186, -12.505], [39.194, -12.501], [39.213, -12.496], [39.22, -12.488], [39.218, -12.473], [39.219, -12.455], [39.223, -12.443], [39.249, -12.429], [39.263, -12.395], [39.283, -12.376], [39.3, -12.369], [39.324, -12.354], [39.355, -12.321], [39.369, -12.309], [39.366, -12.272], [39.369, -12.26], [39.369, -12.242], [39.365, -12.233], [39.369, -12.216], [39.381, -12.183], [39.391, -12.169], [39.399, -12.153], [39.403, -12.14], [39.406, -12.133], [39.411, -12.105], [39.413, -12.101], [39.421, -12.095], [39.434, -12.095], [39.453, -12.088], [39.465, -12.09], [39.48, -12.085], [39.489, -12.076], [39.513, -12.072], [39.524, -12.064], [39.588, -12.071], [39.623, -12.07], [39.64, -12.078], [39.684, -12.078], [39.69, -12.076], [39.735, -12.074], [39.742, -12.106], [39.737, -12.116], [39.725, -12.129], [39.725, -12.136], [39.721, -12.152], [39.721, -12.163], [39.724, -12.195], [39.718, -12.205], [39.729, -12.218], [39.735, -12.228], [39.759, -12.24], [39.849, -12.27], [39.888, -12.273], [39.904, -12.279], [39.926, -12.291], [39.94, -12.306], [39.985, -12.261], [40.001, -12.252], [40.074, -12.285], [40.127, -12.367], [40.173, -12.366], [40.195, -12.385], [40.197, -12.391], [40.182, -12.443], [40.185, -12.457], [40.145, -12.484], [40.157, -12.49], [40.169, -12.491], [40.196, -12.517], [40.213, -12.522], [40.223, -12.523], [40.235, -12.53], [40.237, -12.533], [40.237, -12.539], [40.225, -12.548], [40.211, -12.55], [40.178, -12.545], [40.158, -12.55], [40.142, -12.551], [40.137, -12.555], [40.132, -12.563], [40.131, -12.576], [40.116, -12.59], [40.083, -12.598], [40.066, -12.61], [40.058, -12.622], [40.05, -12.629], [40.032, -12.635], [40.023, -12.642], [40.015, -12.644], [39.995, -12.638], [39.989, -12.639], [39.97, -12.637], [39.956, -12.637], [39.913, -12.645], [39.896, -12.642], [39.878, -12.623], [39.867, -12.616]]]]}}, {"type": "Feature", "properties": {"id": "Mocimboa da Praia", "name": "MocimboadaPraia", "desert": 0, "offices": 3}, "geometry": {"type": "MultiPolygon", "coordinates": [[[[40.249, -11.743], [40.234, -11.737], [40.222, -11.735], [40.202, -11.719], [40.198, -11.722], [40.191, -11.723], [40.181, -11.727], [40.176, -11.72], [40.148, -11.728], [40.128, -11.73], [40.128, -11.735], [40.115, -11.734], [40.1, -11.73], [40.073, -11.715], [40.063, -11.701], [40.056, -11.695], [40.022, -11.638], [40.007, -11.626], [39.974, -11.622], [39.951, -11.628], [39.94, -11.634], [39.926, -11.634], [39.91, -11.631], [39.895, -11.631], [39.881, -11.628], [39.868, -11.629], [39.854, -11.626], [39.871, -11.548], [39.793, -11.443], [39.84, -11.407], [39.858, -11.396], [39.882, -11.389], [39.905, -11.38], [39.947, -11.338], [39.977, -11.33], [40.019, -11.313], [40.018, -11.246], [40.008, -11.165], [40.023, -11.111], [40.084, -11.067], [40.087, -11.058], [40.095, -11.059], [40.105, -11.05], [40.112, -11.05], [40.123, -11.054], [40.135, -11.056], [40.154, -11.057], [40.181, -11.094], [40.215, -11.121], [40.227, -11.133], [40.236, -11.139], [40.239, -11.144], [40.257, -11.147], [40.272, -11.148], [40.283, -11.145], [40.294, -11.147], [40.303, -11.144], [40.326, -11.153], [40.34, -11.178], [40.345, -11.193], [40.357, -11.197], [40.367, -11.207], [40.376, -11.224], [40.398, -11.242], [40.417, -11.242], [40.425, -11.233], [40.433, -11.233], [40.431, -11.24], [40.426, -11.253], [40.425, -11.26], [40.426, -11.264], [40.423, -11.274], [40.424, -11.277], [40.421, -11.279], [40.42, -11.282], [40.419, -11.283], [40.42, -11.283], [40.421, -11.285], [40.417, -11.291], [40.414, -11.291], [40.413, -11.295], [40.41, -11.296], [40.408, -11.302], [40.405, -11.303], [40.405, -11.308], [40.396, -11.313], [40.382, -11.329], [40.377, -11.331], [40.373, -11.319], [40.371, -11.32], [40.37, -11.324], [40.367, -11.327], [40.365, -11.327], [40.357, -11.323], [40.352, -11.323], [40.35, -11.318], [40.346, -11.313], [40.336, -11.315], [40.333, -11.31], [40.328, -11.308], [40.328, -11.306], [40.327, -11.31], [40.331, -11.311], [40.335, -11.317], [40.345, -11.316], [40.348, -11.324], [40.352, -11.329], [40.36, -11.331], [40.364, -11.347], [40.37, -11.356], [40.377, -11.356], [40.376, -11.358], [40.377, -11.359], [40.379, -11.356], [40.383, -11.356], [40.381, -11.355], [40.382, -11.352], [40.386, -11.35], [40.389, -11.35], [40.407, -11.366], [40.415, -11.377], [40.413, -11.385], [40.414, -11.389], [40.422, -11.39], [40.424, -11.388], [40.426, -11.39], [40.421, -11.396], [40.423, -11.396], [40.423, -11.406], [40.426, -11.41], [40.428, -11.414], [40.428, -11.412], [40.426, -11.404], [40.431, -11.398], [40.442, -11.403], [40.443, -11.401], [40.445, -11.406], [40.449, -11.406], [40.448, -11.412], [40.445, -11.414], [40.449, -11.413], [40.451, -11.41], [40.449, -11.405], [40.452, -11.401], [40.456, -11.401], [40.455, -11.403], [40.459, -11.401], [40.469, -11.401], [40.473, -11.403], [40.473, -11.406], [40.475, -11.409], [40.468, -11.423], [40.467, -11.437], [40.462, -11.441], [40.46, -11.441], [40.456, -11.446], [40.456, -11.452], [40.459, -11.459], [40.459, -11.464], [40.459, -11.467], [40.455, -11.467], [40.453, -11.469], [40.457, -11.469], [40.458, -11.47], [40.456, -11.487], [40.451, -11.495], [40.443, -11.498], [40.438, -11.504], [40.438, -11.507], [40.442, -11.514], [40.452, -11.524], [40.452, -11.529], [40.44, -11.537], [40.436, -11.537], [40.433, -11.533], [40.435, -11.539], [40.428, -11.543], [40.418, -11.555], [40.421, -11.563], [40.423, -11.563], [40.424, -11.567], [40.422, -11.57], [40.423, -11.575], [40.422, -11.579], [40.427, -11.585], [40.431, -11.589], [40.445, -11.596], [40.447, -11.6], [40.449, -11.599], [40.449, -11.601], [40.45, -11.6], [40.455, -11.601], [40.461, -11.61], [40.461, -11.616], [40.459, -11.625], [40.457, -11.627], [40.452, -11.625], [40.44, -11.636], [40.437, -11.634], [40.435, -11.635], [40.431, -11.629], [40.431, -11.634], [40.433, -11.636], [40.43, -11.639], [40.432, -11.64], [40.431, -11.642], [40.426, -11.646], [40.417, -11.657], [40.418, -11.659], [40.421, -11.653], [40.426, -11.65], [40.431, -11.65], [40.432, -11.647], [40.437, -11.647], [40.434, -11.652], [40.438, -11.649], [40.443, -11.65], [40.444, -11.652], [40.444, -11.657], [40.441, -11.659], [40.44, -11.662], [40.442, -11.668], [40.436, -11.673], [40.422, -11.673], [40.405, -11.677], [40.398, -11.681], [40.392, -11.681], [40.387, -11.687], [40.382, -11.692], [40.36, -11.681], [40.352, -11.68], [40.346, -11.675], [40.338, -11.673], [40.331, -11.679], [40.329, -11.686], [40.321, -11.696], [40.308, -11.707], [40.301, -11.7], [40.295, -11.699], [40.296, -11.712], [40.294, -11.72], [40.279, -11.72], [40.277, -11.724], [40.275, -11.735], [40.278, -11.744], [40.273, -11.743], [40.249, -11.743]]], [[[40.495, -11.61], [40.495, -11.611], [40.491, -11.61], [40.491, -11.609], [40.495, -11.61]]], [[[40.368, -11.337], [40.368, -11.336], [40.371, -11.336], [40.369, -11.338], [40.368, -11.337]]], [[[40.562, -11.638], [40.562, -11.64], [40.558, -11.64], [40.559, -11.637], [40.562, -11.638]]], [[[40.524, -11.419], [40.531, -11.422], [40.535, -11.428], [40.524, -11.426], [40.519, -11.421], [40.521, -11.419], [40.524, -11.419]]], [[[40.65, -11.366], [40.654, -11.368], [40.647, -11.371], [40.63, -11.37], [40.629, -11.371], [40.624, -11.372], [40.623, -11.37], [40.626, -11.367], [40.639, -11.369], [40.643, -11.366], [40.65, -11.366]]], [[[40.528, -11.355], [40.533, -11.358], [40.538, -11.36], [40.541, -11.364], [40.54, -11.366], [40.536, -11.365], [40.527, -11.367], [40.526, -11.365], [40.527, -11.359], [40.523, -11.357], [40.523, -11.355], [40.528, -11.355]]], [[[40.586, -11.313], [40.582, -11.315], [40.576, -11.311], [40.586, -11.311], [40.586, -11.313]]], [[[40.626, -11.273], [40.628, -11.275], [40.628, -11.276], [40.625, -11.272], [40.626, -11.273]]], [[[40.514, -11.276], [40.519, -11.279], [40.52, -11.281], [40.513, -11.28], [40.511, -11.278], [40.514, -11.276]]]]}}, {"type": "Feature", "properties": {"id": "Montepuez", "name": "Montepuez", "desert": 0, "offices": 3}, "geometry": {"type": "MultiPolygon", "coordinates": [[[[39.4, -13.199], [39.39, -13.207], [39.383, -13.229], [39.376, -13.226], [39.368, -13.24], [39.328, -13.25], [39.309, -13.25], [39.289, -13.246], [39.286, -13.236], [39.276, -13.241], [39.269, -13.247], [39.261, -13.248], [39.246, -13.256], [39.219, -13.279], [39.2, -13.291], [39.186, -13.303], [39.186, -13.305], [39.172, -13.313], [39.169, -13.322], [39.158, -13.322], [39.151, -13.327], [39.13, -13.347], [39.098, -13.356], [39.084, -13.357], [39.071, -13.354], [39.063, -13.36], [39.057, -13.363], [39.041, -13.361], [39.02, -13.374], [39.015, -13.374], [38.996, -13.389], [38.976, -13.388], [38.968, -13.386], [38.96, -13.38], [38.95, -13.38], [38.939, -13.383], [38.923, -13.382], [38.882, -13.376], [38.867, -13.381], [38.8, -13.42], [38.75, -13.454], [38.73, -13.476], [38.707, -13.491], [38.704, -13.492], [38.702, -13.491], [38.695, -13.479], [38.683, -13.467], [38.676, -13.444], [38.675, -13.435], [38.688, -13.424], [38.695, -13.42], [38.706, -13.408], [38.733, -13.391], [38.754, -13.371], [38.764, -13.359], [38.772, -13.354], [38.799, -13.315], [38.808, -13.308], [38.824, -13.283], [38.826, -13.276], [38.822, -13.268], [38.821, -13.261], [38.813, -13.26], [38.808, -13.264], [38.794, -13.267], [38.785, -13.273], [38.75, -13.257], [38.744, -13.247], [38.738, -13.244], [38.735, -13.238], [38.724, -13.231], [38.708, -13.192], [38.704, -13.186], [38.689, -13.144], [38.659, -13.124], [38.574, -13.025], [38.578, -13.016], [38.588, -13.007], [38.585, -13.002], [38.586, -12.998], [38.586, -12.996], [38.592, -12.988], [38.591, -12.983], [38.599, -12.969], [38.6, -12.96], [38.597, -12.95], [38.588, -12.942], [38.58, -12.94], [38.559, -12.918], [38.554, -12.915], [38.544, -12.92], [38.535, -12.928], [38.532, -12.938], [38.525, -12.944], [38.515, -12.946], [38.505, -12.944], [38.491, -12.967], [38.478, -12.973], [38.463, -12.975], [38.452, -12.973], [38.44, -12.966], [38.428, -12.963], [38.422, -12.963], [38.41, -12.971], [38.405, -12.982], [38.399, -12.985], [38.383, -12.992], [38.369, -12.991], [38.353, -12.993], [38.35, -12.997], [38.351, -13.003], [38.347, -13.005], [38.322, -13.008], [38.318, -13.01], [38.315, -13.023], [38.3, -13.04], [38.295, -13.042], [38.286, -13.048], [38.287, -13.059], [38.283, -13.069], [38.274, -13.074], [38.262, -13.069], [38.258, -13.079], [38.258, -13.09], [38.255, -13.095], [38.236, -13.098], [38.227, -13.092], [38.22, -13.102], [38.216, -13.112], [38.182, -13.113], [38.171, -13.115], [38.144, -13.133], [38.132, -13.137], [38.087, -13.127], [38.055, -13.106], [38.035, -13.098], [38.023, -13.094], [37.992, -13.091], [37.981, -13.081], [37.968, -13.062], [37.94, -13.043], [37.941, -13.034], [37.951, -13.026], [37.963, -13.005], [38.003, -12.969], [38.012, -12.948], [38.017, -12.898], [38.023, -12.886], [38.032, -12.874], [38.033, -12.851], [38.051, -12.816], [38.05, -12.812], [38.044, -12.806], [38.041, -12.799], [38.044, -12.78], [38.033, -12.763], [38.049, -12.686], [38.046, -12.665], [38.029, -12.645], [38.035, -12.614], [38.041, -12.601], [38.052, -12.584], [38.052, -12.566], [38.076, -12.507], [38.086, -12.487], [38.079, -12.467], [38.086, -12.443], [38.092, -12.429], [38.113, -12.417], [38.128, -12.396], [38.162, -12.37], [38.205, -12.322], [38.205, -12.286], [38.227, -12.256], [38.231, -12.213], [38.222, -12.187], [38.253, -12.161], [38.307, -12.133], [38.354, -12.115], [38.372, -12.106], [38.379, -12.095], [38.381, -12.073], [38.401, -12.0], [38.408, -11.952], [38.42, -11.919], [38.421, -11.887], [38.418, -11.865], [38.419, -11.856], [38.418, -11.791], [38.428, -11.79], [38.435, -11.785], [38.447, -11.787], [38.455, -11.786], [38.461, -11.782], [38.471, -11.779], [38.486, -11.79], [38.498, -11.805], [38.512, -11.819], [38.519, -11.817], [38.519, -11.822], [38.525, -11.834], [38.534, -11.838], [38.543, -11.845], [38.554, -11.846], [38.566, -11.841], [38.587, -11.839], [38.593, -11.846], [38.605, -11.848], [38.632, -11.846], [38.659, -11.859], [38.684, -11.884], [38.69, -11.886], [38.7, -11.884], [38.739, -11.862], [38.75, -11.858], [38.789, -11.858], [38.818, -11.87], [38.832, -11.873], [38.878, -11.767], [38.897, -11.79], [39.003, -11.934], [39.015, -11.962], [39.026, -11.999], [39.035, -12.021], [39.043, -12.032], [39.054, -12.037], [39.074, -12.039], [39.091, -12.043], [39.098, -12.054], [39.127, -12.071], [39.14, -12.082], [39.165, -12.09], [39.184, -12.094], [39.192, -12.097], [39.2, -12.098], [39.211, -12.095], [39.216, -12.091], [39.246, -12.102], [39.259, -12.097], [39.269, -12.096], [39.27, -12.081], [39.281, -12.072], [39.301, -12.067], [39.31, -12.071], [39.315, -12.077], [39.324, -12.073], [39.343, -12.076], [39.353, -12.079], [39.359, -12.086], [39.365, -12.096], [39.367, -12.11], [39.376, -12.115], [39.398, -12.1], [39.411, -12.105], [39.406, -12.133], [39.403, -12.14], [39.399, -12.153], [39.391, -12.169], [39.381, -12.183], [39.369, -12.216], [39.365, -12.233], [39.369, -12.242], [39.369, -12.26], [39.366, -12.272], [39.369, -12.309], [39.355, -12.321], [39.324, -12.354], [39.3, -12.369], [39.283, -12.376], [39.263, -12.395], [39.249, -12.429], [39.223, -12.443], [39.219, -12.455], [39.218, -12.473], [39.22, -12.488], [39.213, -12.496], [39.194, -12.501], [39.186, -12.505], [39.186, -12.52], [39.183, -12.525], [39.174, -12.529], [39.171, -12.553], [39.155, -12.573], [39.147, -12.594], [39.147, -12.609], [39.153, -12.628], [39.148, -12.663], [39.133, -12.689], [39.14, -12.709], [39.139, -12.714], [39.127, -12.736], [39.126, -12.745], [39.14, -12.784], [39.132, -12.803], [39.137, -12.813], [39.148, -12.82], [39.174, -12.832], [39.191, -12.835], [39.217, -12.834], [39.227, -12.829], [39.236, -12.82], [39.246, -12.818], [39.253, -12.819], [39.266, -12.847], [39.263, -12.85], [39.266, -12.848], [39.278, -12.855], [39.296, -12.842], [39.306, -12.832], [39.325, -12.829], [39.33, -12.844], [39.34, -12.862], [39.347, -12.881], [39.358, -12.901], [39.363, -12.924], [39.372, -12.94], [39.366, -12.996], [39.371, -13.007], [39.377, -13.079], [39.38, -13.091], [39.395, -13.109], [39.395, -13.162], [39.391, -13.165], [39.396, -13.164], [39.4, -13.199]]]]}}, {"type": "Feature", "properties": {"id": "Mueda", "name": "Mueda", "desert": 0, "offices": 3}, "geometry": {"type": "MultiPolygon", "coordinates": [[[[39.502, -11.334], [39.523, -11.384], [39.793, -11.443], [39.871, -11.548], [39.854, -11.626], [39.834, -11.633], [39.822, -11.628], [39.807, -11.631], [39.793, -11.627], [39.772, -11.632], [39.765, -11.66], [39.758, -11.675], [39.742, -11.69], [39.729, -11.691], [39.72, -11.695], [39.698, -11.712], [39.682, -11.727], [39.67, -11.734], [39.656, -11.736], [39.64, -11.742], [39.617, -11.757], [39.6, -11.77], [39.572, -11.806], [39.564, -11.827], [39.564, -11.841], [39.556, -11.85], [39.56, -11.857], [39.54, -11.87], [39.542, -11.904], [39.547, -11.91], [39.567, -11.912], [39.572, -11.926], [39.589, -11.961], [39.59, -11.97], [39.592, -11.977], [39.604, -11.992], [39.624, -12.006], [39.655, -12.032], [39.662, -12.034], [39.669, -12.04], [39.666, -12.05], [39.668, -12.06], [39.675, -12.07], [39.676, -12.079], [39.64, -12.078], [39.623, -12.07], [39.588, -12.071], [39.524, -12.064], [39.513, -12.072], [39.489, -12.076], [39.48, -12.085], [39.465, -12.09], [39.453, -12.088], [39.434, -12.095], [39.421, -12.095], [39.413, -12.101], [39.411, -12.105], [39.398, -12.1], [39.376, -12.115], [39.367, -12.11], [39.365, -12.096], [39.359, -12.086], [39.353, -12.079], [39.343, -12.076], [39.324, -12.073], [39.315, -12.077], [39.31, -12.071], [39.301, -12.067], [39.281, -12.072], [39.27, -12.081], [39.269, -12.096], [39.259, -12.097], [39.246, -12.102], [39.216, -12.091], [39.211, -12.095], [39.2, -12.098], [39.192, -12.097], [39.184, -12.094], [39.165, -12.09], [39.14, -12.082], [39.127, -12.071], [39.098, -12.054], [39.091, -12.043], [39.074, -12.039], [39.054, -12.037], [39.043, -12.032], [39.035, -12.021], [39.026, -11.999], [39.015, -11.962], [39.003, -11.934], [38.897, -11.79], [38.878, -11.767], [38.832, -11.873], [38.818, -11.87], [38.789, -11.858], [38.75, -11.858], [38.739, -11.862], [38.7, -11.884], [38.69, -11.886], [38.684, -11.884], [38.659, -11.859], [38.632, -11.846], [38.605, -11.848], [38.593, -11.846], [38.587, -11.839], [38.566, -11.841], [38.554, -11.846], [38.543, -11.845], [38.534, -11.838], [38.525, -11.834], [38.519, -11.822], [38.519, -11.817], [38.512, -11.819], [38.498, -11.805], [38.486, -11.79], [38.471, -11.779], [38.461, -11.782], [38.455, -11.786], [38.447, -11.787], [38.435, -11.785], [38.428, -11.79], [38.418, -11.791], [38.416, -11.768], [38.405, -11.73], [38.406, -11.71], [38.415, -11.651], [38.411, -11.63], [38.411, -11.61], [38.416, -11.588], [38.419, -11.562], [38.443, -11.503], [38.451, -11.48], [38.466, -11.453], [38.482, -11.416], [38.486, -11.415], [38.502, -11.399], [38.511, -11.395], [38.518, -11.386], [38.526, -11.374], [38.531, -11.369], [38.541, -11.365], [38.554, -11.356], [38.562, -11.352], [38.568, -11.352], [38.574, -11.347], [38.626, -11.294], [38.652, -11.279], [38.667, -11.276], [38.713, -11.273], [38.726, -11.277], [38.744, -11.278], [38.774, -11.254], [38.783, -11.245], [38.829, -11.22], [38.841, -11.212], [38.856, -11.194], [38.885, -11.175], [38.927, -11.169], [38.947, -11.173], [38.971, -11.174], [38.976, -11.173], [39.006, -11.173], [39.027, -11.171], [39.045, -11.175], [39.096, -11.159], [39.136, -11.151], [39.156, -11.159], [39.186, -11.162], [39.19, -11.164], [39.197, -11.172], [39.213, -11.18], [39.224, -11.182], [39.242, -11.18], [39.254, -11.176], [39.268, -11.168], [39.291, -11.151], [39.341, -11.107], [39.356, -11.091], [39.365, -11.084], [39.381, -11.078], [39.404, -11.063], [39.433, -11.058], [39.48, -11.023], [39.496, -11.014], [39.503, -11.018], [39.518, -11.035], [39.518, -11.059], [39.528, -11.084], [39.534, -11.11], [39.546, -11.178], [39.543, -11.221], [39.534, -11.271], [39.512, -11.311], [39.502, -11.323], [39.502, -11.334]]]]}}, {"type": "Feature", "properties": {"id": "Muidumbe", "name": "Muidumbe", "desert": 0, "offices": 1}, "geometry": {"type": "MultiPolygon", "coordinates": [[[[39.658, -12.033], [39.624, -12.006], [39.604, -11.992], [39.592, -11.977], [39.59, -11.97], [39.589, -11.961], [39.572, -11.926], [39.567, -11.912], [39.547, -11.91], [39.542, -11.904], [39.54, -11.87], [39.56, -11.857], [39.556, -11.85], [39.564, -11.841], [39.564, -11.827], [39.572, -11.806], [39.6, -11.77], [39.617, -11.757], [39.64, -11.742], [39.656, -11.736], [39.67, -11.734], [39.682, -11.727], [39.698, -11.712], [39.72, -11.695], [39.729, -11.691], [39.742, -11.69], [39.758, -11.675], [39.765, -11.66], [39.772, -11.632], [39.793, -11.627], [39.807, -11.631], [39.822, -11.628], [39.834, -11.633], [39.854, -11.626], [39.868, -11.629], [39.881, -11.628], [39.895, -11.631], [39.91, -11.631], [39.926, -11.634], [39.94, -11.634], [39.951, -11.628], [39.974, -11.622], [40.007, -11.626], [40.022, -11.638], [40.056, -11.695], [40.063, -11.701], [40.073, -11.715], [40.1, -11.73], [40.115, -11.734], [40.127, -11.735], [40.136, -11.743], [40.139, -11.757], [40.137, -11.778], [40.131, -11.808], [40.117, -11.829], [40.093, -11.85], [40.058, -11.872], [40.019, -11.891], [39.982, -11.915], [39.922, -11.94], [39.907, -11.957], [39.885, -11.978], [39.87, -11.999], [39.828, -12.035], [39.796, -12.048], [39.78, -12.057], [39.767, -12.069], [39.756, -12.075], [39.735, -12.074], [39.69, -12.076], [39.684, -12.078], [39.676, -12.079], [39.675, -12.07], [39.668, -12.06], [39.666, -12.05], [39.669, -12.04], [39.658, -12.033]]]]}}, {"type": "Feature", "properties": {"id": "Namuno", "name": "Namuno", "desert": 1, "offices": 0}, "geometry": {"type": "MultiPolygon", "coordinates": [[[[38.547, -14.141], [38.543, -14.136], [38.536, -14.132], [38.529, -14.121], [38.516, -14.111], [38.515, -14.101], [38.523, -14.096], [38.528, -14.088], [38.527, -14.082], [38.508, -14.058], [38.502, -14.057], [38.495, -14.053], [38.483, -14.052], [38.472, -14.021], [38.459, -13.998], [38.452, -13.998], [38.447, -13.989], [38.443, -13.985], [38.446, -13.982], [38.444, -13.98], [38.433, -13.972], [38.433, -13.966], [38.434, -13.959], [38.44, -13.948], [38.441, -13.93], [38.446, -13.924], [38.447, -13.914], [38.461, -13.889], [38.469, -13.881], [38.47, -13.875], [38.476, -13.867], [38.474, -13.864], [38.488, -13.84], [38.488, -13.836], [38.498, -13.809], [38.498, -13.789], [38.523, -13.745], [38.518, -13.697], [38.523, -13.685], [38.548, -13.65], [38.574, -13.636], [38.59, -13.57], [38.596, -13.51], [38.643, -13.504], [38.707, -13.491], [38.73, -13.476], [38.75, -13.454], [38.8, -13.42], [38.867, -13.381], [38.882, -13.376], [38.923, -13.382], [38.939, -13.383], [38.95, -13.38], [38.96, -13.38], [38.968, -13.386], [38.976, -13.388], [38.996, -13.389], [39.015, -13.374], [39.02, -13.374], [39.041, -13.361], [39.057, -13.363], [39.063, -13.36], [39.071, -13.354], [39.084, -13.357], [39.098, -13.356], [39.13, -13.347], [39.151, -13.327], [39.158, -13.322], [39.169, -13.322], [39.172, -13.313], [39.186, -13.305], [39.198, -13.331], [39.221, -13.369], [39.224, -13.379], [39.243, -13.404], [39.248, -13.408], [39.257, -13.41], [39.273, -13.434], [39.272, -13.453], [39.263, -13.462], [39.267, -13.473], [39.273, -13.484], [39.281, -13.487], [39.286, -13.493], [39.295, -13.492], [39.301, -13.496], [39.305, -13.507], [39.304, -13.517], [39.307, -13.525], [39.323, -13.539], [39.333, -13.539], [39.361, -13.6], [39.366, -13.604], [39.369, -13.625], [39.376, -13.628], [39.369, -13.637], [39.378, -13.659], [39.375, -13.662], [39.365, -13.664], [39.349, -13.67], [39.328, -13.699], [39.319, -13.706], [39.32, -13.718], [39.317, -13.724], [39.266, -13.742], [39.245, -13.753], [39.241, -13.763], [39.231, -13.768], [39.225, -13.773], [39.22, -13.79], [39.221, -13.8], [39.22, -13.808], [39.227, -13.815], [39.229, -13.825], [39.228, -13.832], [39.238, -13.847], [39.245, -13.852], [39.246, -13.857], [39.255, -13.855], [39.266, -13.856], [39.275, -13.862], [39.284, -13.864], [39.297, -13.863], [39.301, -13.87], [39.306, -13.873], [39.309, -13.887], [39.311, -13.893], [39.299, -13.895], [39.28, -13.903], [39.266, -13.912], [39.242, -13.931], [39.196, -13.956], [39.187, -13.953], [39.172, -13.938], [39.163, -13.932], [39.142, -13.934], [39.118, -13.949], [39.107, -13.959], [39.086, -13.972], [39.076, -13.986], [39.056, -14.004], [39.048, -14.008], [39.033, -14.011], [39.006, -14.01], [38.986, -14.017], [38.955, -14.037], [38.922, -14.054], [38.904, -14.059], [38.88, -14.071], [38.851, -14.094], [38.822, -14.113], [38.811, -14.113], [38.795, -14.107], [38.779, -14.106], [38.767, -14.118], [38.751, -14.124], [38.736, -14.132], [38.715, -14.152], [38.703, -14.152], [38.686, -14.148], [38.675, -14.142], [38.67, -14.136], [38.662, -14.133], [38.649, -14.141], [38.62, -14.151], [38.609, -14.157], [38.576, -14.146], [38.563, -14.144], [38.556, -14.144], [38.547, -14.141]]]]}}, {"type": "Feature", "properties": {"id": "Nangade", "name": "Nangade", "desert": 0, "offices": 2}, "geometry": {"type": "MultiPolygon", "coordinates": [[[[40.019, -11.313], [39.977, -11.33], [39.947, -11.338], [39.905, -11.38], [39.882, -11.389], [39.858, -11.396], [39.84, -11.407], [39.793, -11.443], [39.523, -11.384], [39.502, -11.334], [39.502, -11.323], [39.512, -11.311], [39.534, -11.271], [39.543, -11.221], [39.546, -11.178], [39.534, -11.11], [39.528, -11.084], [39.518, -11.059], [39.518, -11.035], [39.503, -11.018], [39.496, -11.014], [39.501, -11.011], [39.52, -10.991], [39.53, -10.985], [39.558, -10.979], [39.581, -10.97], [39.593, -10.962], [39.606, -10.956], [39.629, -10.95], [39.663, -10.946], [39.681, -10.947], [39.694, -10.946], [39.725, -10.936], [39.776, -10.911], [39.786, -10.911], [39.799, -10.905], [39.84, -10.88], [39.843, -10.88], [39.86, -10.868], [39.871, -10.856], [39.888, -10.846], [39.932, -10.83], [39.944, -10.83], [39.956, -10.826], [39.966, -10.825], [39.985, -10.817], [39.989, -10.827], [39.984, -10.832], [39.981, -10.837], [39.986, -10.852], [39.985, -10.857], [39.977, -10.868], [39.969, -10.93], [39.994, -10.959], [39.983, -10.971], [40.002, -10.995], [40.083, -11.067], [40.023, -11.111], [40.008, -11.165], [40.018, -11.246], [40.019, -11.313]]]]}}, {"type": "Feature", "properties": {"id": "Palma", "name": "Palma", "desert": 0, "offices": 4}, "geometry": {"type": "MultiPolygon", "coordinates": [[[[40.671, -11.175], [40.668, -11.177], [40.667, -11.177], [40.668, -11.175], [40.671, -11.175]]], [[[40.683, -11.145], [40.687, -11.146], [40.694, -11.146], [40.694, -11.153], [40.698, -11.165], [40.69, -11.167], [40.682, -11.174], [40.679, -11.17], [40.676, -11.172], [40.667, -11.173], [40.665, -11.178], [40.66, -11.178], [40.658, -11.181], [40.658, -11.183], [40.649, -11.187], [40.66, -11.174], [40.667, -11.164], [40.667, -11.159], [40.671, -11.153], [40.672, -11.149], [40.676, -11.145], [40.683, -11.145]]], [[[40.7, -11.151], [40.699, -11.15], [40.7, -11.149], [40.701, -11.149], [40.7, -11.151]]], [[[40.698, -11.139], [40.699, -11.142], [40.698, -11.142], [40.696, -11.138], [40.698, -11.139]]], [[[40.587, -11.176], [40.6, -11.181], [40.613, -11.189], [40.622, -11.192], [40.631, -11.193], [40.646, -11.189], [40.647, -11.19], [40.635, -11.193], [40.629, -11.197], [40.615, -11.197], [40.611, -11.196], [40.608, -11.192], [40.601, -11.188], [40.586, -11.181], [40.583, -11.175], [40.587, -11.176]]], [[[40.601, -11.134], [40.604, -11.135], [40.604, -11.137], [40.6, -11.137], [40.597, -11.134], [40.598, -11.133], [40.601, -11.134]]], [[[40.707, -10.998], [40.715, -11.001], [40.717, -11.004], [40.716, -11.009], [40.717, -11.012], [40.711, -11.021], [40.708, -11.02], [40.701, -11.027], [40.687, -11.031], [40.673, -11.033], [40.664, -11.036], [40.662, -11.036], [40.661, -11.034], [40.657, -11.037], [40.654, -11.036], [40.645, -11.043], [40.636, -11.043], [40.636, -11.039], [40.634, -11.038], [40.627, -11.04], [40.624, -11.037], [40.615, -11.039], [40.607, -11.035], [40.602, -11.028], [40.596, -11.025], [40.597, -11.024], [40.601, -11.025], [40.603, -11.024], [40.614, -11.024], [40.628, -11.031], [40.645, -11.032], [40.663, -11.027], [40.671, -11.022], [40.677, -11.021], [40.682, -11.017], [40.687, -11.015], [40.689, -11.012], [40.691, -11.014], [40.695, -11.011], [40.699, -11.007], [40.699, -11.002], [40.701, -11.002], [40.7, -11.0], [40.704, -11.001], [40.705, -10.997], [40.707, -10.998]]], [[[40.621, -10.907], [40.624, -10.911], [40.628, -10.912], [40.631, -10.916], [40.625, -10.925], [40.624, -10.925], [40.624, -10.919], [40.621, -10.917], [40.622, -10.913], [40.62, -10.909], [40.62, -10.906], [40.621, -10.907]]], [[[40.724, -10.999], [40.725, -11.001], [40.724, -11.002], [40.722, -10.998], [40.724, -10.999]]], [[[40.654, -10.823], [40.659, -10.83], [40.666, -10.834], [40.667, -10.836], [40.672, -10.836], [40.681, -10.844], [40.684, -10.847], [40.684, -10.857], [40.679, -10.861], [40.674, -10.859], [40.67, -10.86], [40.667, -10.864], [40.671, -10.866], [40.671, -10.868], [40.668, -10.865], [40.665, -10.865], [40.663, -10.872], [40.66, -10.875], [40.651, -10.88], [40.644, -10.88], [40.643, -10.879], [40.646, -10.868], [40.645, -10.863], [40.646, -10.854], [40.65, -10.849], [40.648, -10.847], [40.65, -10.844], [40.648, -10.842], [40.65, -10.84], [40.644, -10.835], [40.645, -10.834], [40.648, -10.833], [40.65, -10.836], [40.656, -10.849], [40.659, -10.853], [40.661, -10.86], [40.665, -10.859], [40.662, -10.852], [40.66, -10.851], [40.659, -10.84], [40.657, -10.835], [40.654, -10.834], [40.656, -10.833], [40.653, -10.83], [40.652, -10.826], [40.654, -10.825], [40.651, -10.823], [40.654, -10.823]]], [[[40.398, -11.242], [40.376, -11.224], [40.367, -11.207], [40.357, -11.197], [40.345, -11.193], [40.34, -11.178], [40.326, -11.153], [40.303, -11.144], [40.294, -11.147], [40.283, -11.145], [40.272, -11.148], [40.257, -11.147], [40.239, -11.144], [40.236, -11.139], [40.227, -11.133], [40.215, -11.121], [40.181, -11.094], [40.154, -11.057], [40.135, -11.056], [40.123, -11.054], [40.112, -11.05], [40.105, -11.05], [40.095, -11.059], [40.087, -11.058], [40.084, -11.067], [39.998, -10.991], [39.983, -10.971], [39.994, -10.959], [39.969, -10.93], [39.977, -10.868], [39.985, -10.857], [39.986, -10.852], [39.981, -10.837], [39.984, -10.832], [39.989, -10.827], [39.985, -10.817], [39.992, -10.816], [40.03, -10.789], [40.063, -10.755], [40.085, -10.736], [40.099, -10.729], [40.12, -10.708], [40.135, -10.698], [40.148, -10.683], [40.175, -10.66], [40.181, -10.659], [40.187, -10.656], [40.233, -10.607], [40.262, -10.593], [40.284, -10.58], [40.306, -10.576], [40.325, -10.574], [40.333, -10.578], [40.339, -10.576], [40.359, -10.566], [40.366, -10.559], [40.374, -10.535], [40.38, -10.528], [40.399, -10.515], [40.412, -10.503], [40.424, -10.489], [40.437, -10.471], [40.444, -10.475], [40.449, -10.473], [40.463, -10.479], [40.464, -10.483], [40.46, -10.489], [40.463, -10.488], [40.467, -10.48], [40.489, -10.486], [40.496, -10.486], [40.499, -10.488], [40.499, -10.49], [40.493, -10.492], [40.486, -10.498], [40.484, -10.498], [40.48, -10.507], [40.475, -10.512], [40.472, -10.51], [40.468, -10.512], [40.468, -10.515], [40.47, -10.512], [40.471, -10.512], [40.475, -10.516], [40.479, -10.516], [40.48, -10.519], [40.477, -10.523], [40.478, -10.525], [40.482, -10.524], [40.48, -10.528], [40.478, -10.529], [40.479, -10.531], [40.484, -10.523], [40.483, -10.522], [40.479, -10.523], [40.481, -10.515], [40.48, -10.514], [40.475, -10.514], [40.475, -10.513], [40.483, -10.509], [40.486, -10.506], [40.488, -10.507], [40.493, -10.505], [40.498, -10.497], [40.509, -10.487], [40.509, -10.482], [40.52, -10.481], [40.53, -10.489], [40.534, -10.494], [40.533, -10.496], [40.536, -10.496], [40.536, -10.502], [40.534, -10.502], [40.533, -10.504], [40.536, -10.516], [40.539, -10.519], [40.544, -10.534], [40.548, -10.538], [40.55, -10.538], [40.549, -10.541], [40.547, -10.54], [40.545, -10.541], [40.544, -10.551], [40.538, -10.552], [40.536, -10.55], [40.532, -10.549], [40.529, -10.551], [40.532, -10.552], [40.531, -10.553], [40.522, -10.553], [40.522, -10.557], [40.521, -10.558], [40.518, -10.556], [40.514, -10.557], [40.505, -10.552], [40.503, -10.552], [40.498, -10.556], [40.498, -10.562], [40.49, -10.56], [40.487, -10.562], [40.484, -10.567], [40.481, -10.567], [40.48, -10.565], [40.483, -10.56], [40.482, -10.556], [40.477, -10.554], [40.475, -10.558], [40.471, -10.558], [40.471, -10.559], [40.475, -10.561], [40.477, -10.558], [40.481, -10.558], [40.478, -10.567], [40.483, -10.572], [40.489, -10.57], [40.489, -10.564], [40.49, -10.563], [40.495, -10.566], [40.495, -10.57], [40.498, -10.572], [40.508, -10.571], [40.513, -10.568], [40.517, -10.571], [40.521, -10.573], [40.518, -10.579], [40.51, -10.584], [40.496, -10.585], [40.486, -10.583], [40.486, -10.58], [40.482, -10.581], [40.482, -10.582], [40.485, -10.581], [40.486, -10.585], [40.492, -10.588], [40.508, -10.589], [40.523, -10.583], [40.53, -10.576], [40.542, -10.577], [40.548, -10.583], [40.557, -10.585], [40.57, -10.596], [40.575, -10.595], [40.58, -10.598], [40.582, -10.596], [40.585, -10.598], [40.589, -10.604], [40.587, -10.604], [40.585, -10.607], [40.58, -10.608], [40.582, -10.614], [40.58, -10.613], [40.575, -10.615], [40.575, -10.62], [40.577, -10.626], [40.572, -10.638], [40.574, -10.65], [40.573, -10.653], [40.576, -10.658], [40.585, -10.665], [40.588, -10.664], [40.595, -10.667], [40.602, -10.667], [40.611, -10.67], [40.614, -10.67], [40.626, -10.671], [40.634, -10.678], [40.64, -10.69], [40.64, -10.697], [40.638, -10.703], [40.633, -10.706], [40.633, -10.709], [40.631, -10.709], [40.618, -10.698], [40.612, -10.697], [40.589, -10.696], [40.587, -10.69], [40.579, -10.688], [40.569, -10.693], [40.561, -10.698], [40.544, -10.713], [40.541, -10.716], [40.536, -10.718], [40.52, -10.732], [40.514, -10.735], [40.513, -10.739], [40.508, -10.736], [40.508, -10.738], [40.505, -10.738], [40.506, -10.741], [40.504, -10.738], [40.501, -10.739], [40.501, -10.741], [40.498, -10.74], [40.499, -10.745], [40.497, -10.747], [40.483, -10.755], [40.485, -10.758], [40.485, -10.763], [40.489, -10.765], [40.489, -10.767], [40.484, -10.77], [40.483, -10.774], [40.486, -10.784], [40.488, -10.785], [40.488, -10.781], [40.49, -10.782], [40.49, -10.787], [40.481, -10.798], [40.492, -10.789], [40.492, -10.781], [40.49, -10.776], [40.49, -10.77], [40.491, -10.769], [40.494, -10.774], [40.499, -10.775], [40.501, -10.778], [40.504, -10.778], [40.509, -10.782], [40.517, -10.784], [40.519, -10.787], [40.526, -10.789], [40.546, -10.803], [40.548, -10.802], [40.55, -10.805], [40.555, -10.807], [40.56, -10.812], [40.564, -10.813], [40.571, -10.819], [40.594, -10.825], [40.613, -10.826], [40.618, -10.83], [40.618, -10.832], [40.602, -10.844], [40.603, -10.846], [40.608, -10.843], [40.61, -10.843], [40.61, -10.845], [40.59, -10.866], [40.546, -10.887], [40.529, -10.901], [40.522, -10.909], [40.516, -10.913], [40.514, -10.914], [40.51, -10.919], [40.51, -10.922], [40.506, -10.928], [40.507, -10.93], [40.5, -10.937], [40.496, -10.944], [40.495, -10.944], [40.495, -10.946], [40.497, -10.947], [40.498, -10.95], [40.496, -10.955], [40.492, -10.956], [40.494, -10.962], [40.492, -10.966], [40.494, -10.967], [40.495, -10.974], [40.498, -10.98], [40.49, -10.988], [40.489, -10.99], [40.492, -10.993], [40.49, -10.994], [40.491, -10.995], [40.496, -10.995], [40.502, -10.993], [40.504, -10.994], [40.505, -11.001], [40.5, -11.006], [40.502, -11.016], [40.506, -11.021], [40.505, -11.024], [40.508, -11.02], [40.505, -11.016], [40.503, -11.008], [40.507, -11.006], [40.509, -11.009], [40.516, -11.011], [40.518, -11.013], [40.519, -11.011], [40.523, -11.011], [40.526, -11.016], [40.534, -11.018], [40.535, -11.021], [40.538, -11.021], [40.551, -11.027], [40.565, -11.03], [40.562, -11.035], [40.563, -11.045], [40.56, -11.053], [40.56, -11.062], [40.55, -11.078], [40.545, -11.086], [40.532, -11.098], [40.525, -11.11], [40.503, -11.132], [40.5, -11.135], [40.501, -11.138], [40.493, -11.143], [40.491, -11.147], [40.489, -11.155], [40.489, -11.163], [40.49, -11.165], [40.49, -11.17], [40.492, -11.181], [40.498, -11.188], [40.508, -11.194], [40.506, -11.198], [40.498, -11.203], [40.488, -11.206], [40.444, -11.233], [40.437, -11.233], [40.435, -11.235], [40.434, -11.23], [40.433, -11.233], [40.425, -11.233], [40.417, -11.242], [40.398, -11.242]]], [[[40.642, -10.768], [40.647, -10.77], [40.652, -10.769], [40.657, -10.77], [40.661, -10.775], [40.658, -10.789], [40.658, -10.796], [40.655, -10.795], [40.654, -10.805], [40.651, -10.804], [40.648, -10.79], [40.645, -10.785], [40.643, -10.784], [40.643, -10.781], [40.629, -10.776], [40.629, -10.771], [40.632, -10.771], [40.639, -10.767], [40.642, -10.768]]], [[[40.638, -10.666], [40.641, -10.67], [40.64, -10.674], [40.645, -10.683], [40.646, -10.688], [40.651, -10.693], [40.652, -10.706], [40.65, -10.706], [40.65, -10.697], [40.639, -10.676], [40.639, -10.67], [40.637, -10.665], [40.638, -10.666]]], [[[40.585, -10.612], [40.585, -10.614], [40.584, -10.614], [40.582, -10.612], [40.585, -10.612]]], [[[40.504, -10.555], [40.514, -10.563], [40.524, -10.565], [40.525, -10.566], [40.521, -10.57], [40.518, -10.57], [40.513, -10.566], [40.507, -10.57], [40.497, -10.57], [40.496, -10.568], [40.498, -10.567], [40.501, -10.562], [40.5, -10.556], [40.504, -10.555]]], [[[40.523, -10.561], [40.526, -10.562], [40.52, -10.563], [40.515, -10.56], [40.523, -10.561]]], [[[40.497, -10.497], [40.492, -10.504], [40.485, -10.505], [40.486, -10.502], [40.49, -10.498], [40.495, -10.496], [40.497, -10.496], [40.497, -10.497]]]]}}, {"type": "Feature", "properties": {"id": "Quissanga", "name": "Quissanga", "desert": 1, "offices": 0}, "geometry": {"type": "MultiPolygon", "coordinates": [[[[40.607, -12.678], [40.611, -12.681], [40.615, -12.68], [40.612, -12.687], [40.607, -12.686], [40.608, -12.683], [40.606, -12.68], [40.606, -12.678], [40.607, -12.678]]], [[[40.624, -12.608], [40.625, -12.609], [40.625, -12.61], [40.623, -12.608], [40.624, -12.608]]], [[[40.615, -12.594], [40.62, -12.6], [40.625, -12.601], [40.621, -12.605], [40.622, -12.609], [40.62, -12.612], [40.61, -12.604], [40.598, -12.601], [40.598, -12.599], [40.6, -12.596], [40.615, -12.594]]], [[[40.555, -12.56], [40.555, -12.561], [40.553, -12.562], [40.554, -12.559], [40.556, -12.559], [40.555, -12.56]]], [[[40.01, -12.787], [40.004, -12.768], [40.037, -12.712], [40.08, -12.682], [40.125, -12.622], [40.13, -12.611], [40.132, -12.563], [40.137, -12.555], [40.142, -12.551], [40.158, -12.55], [40.178, -12.545], [40.211, -12.55], [40.225, -12.548], [40.237, -12.539], [40.237, -12.533], [40.235, -12.53], [40.223, -12.523], [40.213, -12.522], [40.196, -12.517], [40.169, -12.491], [40.157, -12.49], [40.145, -12.484], [40.185, -12.457], [40.182, -12.443], [40.197, -12.391], [40.195, -12.385], [40.173, -12.366], [40.193, -12.366], [40.236, -12.395], [40.246, -12.403], [40.258, -12.417], [40.287, -12.433], [40.3, -12.438], [40.334, -12.445], [40.344, -12.449], [40.358, -12.458], [40.398, -12.46], [40.404, -12.457], [40.413, -12.459], [40.422, -12.464], [40.446, -12.473], [40.453, -12.472], [40.451, -12.471], [40.458, -12.466], [40.457, -12.463], [40.452, -12.457], [40.456, -12.452], [40.462, -12.452], [40.47, -12.455], [40.471, -12.451], [40.474, -12.451], [40.475, -12.455], [40.478, -12.457], [40.488, -12.454], [40.495, -12.46], [40.494, -12.468], [40.491, -12.469], [40.487, -12.464], [40.485, -12.465], [40.488, -12.468], [40.488, -12.471], [40.492, -12.473], [40.492, -12.474], [40.485, -12.49], [40.479, -12.497], [40.465, -12.497], [40.459, -12.5], [40.457, -12.505], [40.455, -12.505], [40.457, -12.505], [40.459, -12.502], [40.467, -12.498], [40.47, -12.501], [40.464, -12.505], [40.461, -12.505], [40.461, -12.507], [40.47, -12.503], [40.469, -12.507], [40.472, -12.504], [40.477, -12.505], [40.477, -12.508], [40.475, -12.51], [40.478, -12.508], [40.48, -12.509], [40.481, -12.513], [40.479, -12.514], [40.48, -12.515], [40.485, -12.514], [40.491, -12.516], [40.488, -12.518], [40.487, -12.521], [40.482, -12.527], [40.482, -12.532], [40.485, -12.537], [40.48, -12.543], [40.48, -12.546], [40.486, -12.54], [40.485, -12.53], [40.493, -12.525], [40.496, -12.526], [40.498, -12.532], [40.504, -12.534], [40.512, -12.531], [40.514, -12.53], [40.521, -12.532], [40.52, -12.53], [40.522, -12.528], [40.525, -12.53], [40.545, -12.528], [40.556, -12.531], [40.565, -12.529], [40.569, -12.531], [40.57, -12.533], [40.567, -12.537], [40.568, -12.543], [40.565, -12.55], [40.556, -12.555], [40.553, -12.552], [40.553, -12.56], [40.55, -12.568], [40.552, -12.579], [40.55, -12.58], [40.55, -12.585], [40.551, -12.588], [40.559, -12.593], [40.564, -12.611], [40.568, -12.618], [40.566, -12.623], [40.571, -12.621], [40.569, -12.623], [40.57, -12.625], [40.566, -12.626], [40.565, -12.628], [40.571, -12.627], [40.571, -12.63], [40.574, -12.633], [40.579, -12.634], [40.58, -12.639], [40.584, -12.638], [40.585, -12.641], [40.589, -12.642], [40.6, -12.64], [40.603, -12.636], [40.606, -12.636], [40.615, -12.643], [40.619, -12.653], [40.618, -12.666], [40.616, -12.672], [40.614, -12.673], [40.612, -12.666], [40.61, -12.666], [40.608, -12.667], [40.605, -12.665], [40.603, -12.661], [40.6, -12.658], [40.586, -12.656], [40.584, -12.655], [40.585, -12.651], [40.583, -12.65], [40.578, -12.649], [40.575, -12.652], [40.572, -12.651], [40.573, -12.654], [40.571, -12.654], [40.568, -12.658], [40.566, -12.68], [40.569, -12.69], [40.567, -12.694], [40.57, -12.692], [40.571, -12.693], [40.572, -12.703], [40.575, -12.706], [40.575, -12.709], [40.569, -12.713], [40.566, -12.717], [40.553, -12.719], [40.548, -12.721], [40.543, -12.732], [40.528, -12.732], [40.517, -12.741], [40.503, -12.747], [40.499, -12.754], [40.488, -12.764], [40.472, -12.768], [40.447, -12.76], [40.435, -12.76], [40.413, -12.767], [40.402, -12.769], [40.31, -12.76], [40.284, -12.76], [40.265, -12.758], [40.252, -12.752], [40.239, -12.732], [40.231, -12.727], [40.223, -12.726], [40.216, -12.72], [40.205, -12.729], [40.18, -12.728], [40.162, -12.749], [40.144, -12.757], [40.13, -12.767], [40.043, -12.842], [40.025, -12.834], [40.023, -12.819], [40.021, -12.808], [40.01, -12.787]]], [[[40.49, -12.526], [40.489, -12.527], [40.486, -12.527], [40.486, -12.525], [40.49, -12.526]]], [[[40.491, -12.522], [40.491, -12.523], [40.489, -12.523], [40.489, -12.521], [40.491, -12.522]]], [[[40.603, -12.53], [40.61, -12.538], [40.611, -12.543], [40.615, -12.544], [40.615, -12.548], [40.612, -12.545], [40.609, -12.546], [40.608, -12.552], [40.606, -12.554], [40.603, -12.562], [40.601, -12.563], [40.598, -12.566], [40.595, -12.565], [40.59, -12.566], [40.587, -12.569], [40.584, -12.568], [40.586, -12.563], [40.584, -12.558], [40.585, -12.554], [40.579, -12.55], [40.578, -12.547], [40.584, -12.541], [40.597, -12.532], [40.603, -12.53]]], [[[40.615, -12.542], [40.612, -12.542], [40.612, -12.54], [40.615, -12.54], [40.615, -12.542]]], [[[40.493, -12.518], [40.492, -12.52], [40.489, -12.52], [40.49, -12.518], [40.493, -12.518]]], [[[40.49, -12.469], [40.492, -12.47], [40.491, -12.471], [40.489, -12.47], [40.49, -12.469]]]]}}, {"type": "Feature", "properties": {"id": "Lichinga", "name": "Lichinga", "desert": 0, "offices": 10}, "geometry": {"type": "MultiPolygon", "coordinates": [[[[34.866, -13.482], [34.861, -13.479], [34.848, -13.479], [34.837, -13.481], [34.759, -13.479], [34.679, -13.482], [34.603, -13.482], [34.595, -13.472], [34.577, -13.429], [34.561, -13.403], [34.549, -13.389], [34.545, -13.389], [34.538, -13.378], [34.527, -13.367], [34.524, -13.358], [34.521, -13.337], [34.531, -13.302], [34.536, -13.277], [34.539, -13.249], [34.539, -13.2], [34.836, -13.093], [34.856, -13.107], [34.872, -13.098], [34.884, -13.095], [34.896, -13.086], [34.908, -13.085], [34.909, -13.081], [34.911, -13.08], [34.924, -13.089], [34.936, -13.089], [34.954, -13.077], [34.97, -13.059], [34.973, -13.062], [34.976, -13.089], [34.976, -13.122], [34.979, -13.161], [35.005, -13.129], [35.023, -13.113], [35.066, -13.09], [35.084, -13.072], [35.106, -13.085], [35.12, -13.12], [35.179, -13.141], [35.216, -13.124], [35.238, -13.122], [35.241, -13.129], [35.256, -13.136], [35.311, -13.147], [35.316, -13.156], [35.321, -13.157], [35.337, -13.156], [35.366, -13.152], [35.382, -13.145], [35.402, -13.146], [35.418, -13.14], [35.437, -13.162], [35.477, -13.169], [35.482, -13.175], [35.5, -13.182], [35.534, -13.19], [35.536, -13.175], [35.588, -13.205], [35.622, -13.205], [35.649, -13.222], [35.658, -13.225], [35.679, -13.239], [35.701, -13.248], [35.709, -13.247], [35.726, -13.247], [35.751, -13.237], [35.769, -13.227], [35.789, -13.227], [35.804, -13.229], [35.819, -13.227], [35.846, -13.226], [35.871, -13.218], [35.888, -13.222], [35.901, -13.227], [35.913, -13.227], [35.918, -13.23], [35.927, -13.247], [35.92, -13.257], [35.898, -13.265], [35.882, -13.275], [35.867, -13.281], [35.855, -13.284], [35.84, -13.281], [35.836, -13.351], [35.841, -13.362], [35.846, -13.366], [35.854, -13.37], [35.87, -13.384], [35.864, -13.398], [35.853, -13.398], [35.848, -13.406], [35.825, -13.412], [35.816, -13.422], [35.807, -13.441], [35.809, -13.453], [35.807, -13.459], [35.802, -13.466], [35.777, -13.484], [35.771, -13.492], [35.759, -13.503], [35.749, -13.503], [35.693, -13.529], [35.648, -13.536], [35.63, -13.542], [35.621, -13.546], [35.602, -13.56], [35.592, -13.56], [35.529, -13.601], [35.511, -13.61], [35.505, -13.611], [35.478, -13.628], [35.457, -13.649], [35.446, -13.657], [35.432, -13.665], [35.407, -13.676], [35.389, -13.697], [35.377, -13.704], [35.368, -13.701], [35.338, -13.71], [35.331, -13.709], [35.322, -13.72], [35.315, -13.719], [35.305, -13.713], [35.282, -13.716], [35.277, -13.727], [35.277, -13.739], [35.272, -13.742], [35.2, -13.747], [35.182, -13.774], [35.174, -13.78], [35.17, -13.778], [35.162, -13.794], [35.162, -13.797], [35.087, -13.697], [34.964, -13.581], [34.866, -13.482]]]]}}, {"type": "Feature", "properties": {"id": "Cuamba", "name": "Cuamba", "desert": 0, "offices": 6}, "geometry": {"type": "MultiPolygon", "coordinates": [[[[36.785, -14.903], [36.772, -14.907], [36.767, -14.911], [36.769, -14.916], [36.766, -14.928], [36.757, -14.94], [36.746, -14.949], [36.731, -14.969], [36.714, -14.986], [36.697, -14.999], [36.701, -15.014], [36.7, -15.018], [36.701, -15.023], [36.698, -15.027], [36.697, -15.045], [36.692, -15.052], [36.69, -15.061], [36.682, -15.066], [36.678, -15.075], [36.668, -15.077], [36.664, -15.096], [36.66, -15.107], [36.639, -15.107], [36.616, -15.154], [36.595, -15.17], [36.588, -15.171], [36.577, -15.179], [36.569, -15.199], [36.562, -15.204], [36.539, -15.215], [36.535, -15.223], [36.52, -15.228], [36.515, -15.236], [36.511, -15.238], [36.511, -15.243], [36.505, -15.246], [36.496, -15.248], [36.48, -15.249], [36.471, -15.253], [36.47, -15.258], [36.457, -15.268], [36.44, -15.269], [36.431, -15.259], [36.408, -15.258], [36.301, -15.224], [36.27, -15.185], [36.271, -15.176], [36.285, -15.153], [36.302, -15.116], [36.31, -15.106], [36.317, -15.077], [36.327, -15.054], [36.335, -15.044], [36.331, -15.033], [36.315, -15.015], [36.315, -15.008], [36.321, -14.999], [36.317, -14.989], [36.333, -14.963], [36.344, -14.933], [36.348, -14.882], [36.343, -14.858], [36.343, -14.843], [36.347, -14.835], [36.357, -14.835], [36.367, -14.838], [36.371, -14.834], [36.373, -14.827], [36.39, -14.819], [36.392, -14.815], [36.39, -14.811], [36.383, -14.807], [36.367, -14.805], [36.363, -14.797], [36.347, -14.782], [36.344, -14.776], [36.339, -14.77], [36.316, -14.768], [36.298, -14.756], [36.288, -14.751], [36.268, -14.751], [36.263, -14.747], [36.239, -14.713], [36.229, -14.694], [36.226, -14.682], [36.226, -14.664], [36.221, -14.642], [36.225, -14.629], [36.223, -14.587], [36.215, -14.577], [36.207, -14.572], [36.194, -14.57], [36.139, -14.54], [36.219, -14.438], [36.236, -14.394], [36.277, -14.351], [36.314, -14.339], [36.298, -14.282], [36.272, -14.284], [36.329, -14.224], [36.334, -14.232], [36.348, -14.243], [36.353, -14.268], [36.36, -14.275], [36.364, -14.284], [36.381, -14.299], [36.403, -14.312], [36.412, -14.321], [36.421, -14.333], [36.425, -14.342], [36.433, -14.348], [36.434, -14.354], [36.437, -14.364], [36.445, -14.377], [36.44, -14.394], [36.446, -14.396], [36.456, -14.396], [36.469, -14.404], [36.479, -14.405], [36.506, -14.418], [36.515, -14.426], [36.522, -14.426], [36.531, -14.422], [36.538, -14.429], [36.549, -14.425], [36.555, -14.43], [36.556, -14.443], [36.569, -14.452], [36.578, -14.454], [36.592, -14.464], [36.593, -14.467], [36.606, -14.47], [36.611, -14.474], [36.623, -14.47], [36.627, -14.475], [36.641, -14.474], [36.65, -14.472], [36.657, -14.467], [36.668, -14.465], [36.698, -14.468], [36.706, -14.458], [36.71, -14.456], [36.712, -14.458], [36.711, -14.467], [36.752, -14.471], [36.757, -14.474], [36.788, -14.48], [36.796, -14.485], [36.809, -14.48], [36.812, -14.489], [36.824, -14.493], [36.853, -14.515], [36.858, -14.518], [36.871, -14.52], [36.887, -14.518], [36.902, -14.502], [36.905, -14.513], [36.93, -14.513], [36.946, -14.522], [36.954, -14.533], [36.975, -14.55], [36.975, -14.556], [36.979, -14.564], [37.025, -14.616], [37.065, -14.636], [37.075, -14.638], [37.079, -14.642], [37.053, -14.664], [37.043, -14.668], [37.03, -14.667], [37.02, -14.672], [37.006, -14.673], [36.998, -14.677], [36.985, -14.695], [36.974, -14.704], [36.964, -14.707], [36.961, -14.711], [36.953, -14.712], [36.946, -14.718], [36.943, -14.726], [36.944, -14.734], [36.937, -14.745], [36.908, -14.757], [36.902, -14.762], [36.895, -14.765], [36.886, -14.767], [36.884, -14.77], [36.884, -14.78], [36.862, -14.791], [36.85, -14.803], [36.84, -14.817], [36.838, -14.824], [36.84, -14.829], [36.846, -14.833], [36.847, -14.836], [36.842, -14.84], [36.835, -14.839], [36.832, -14.841], [36.829, -14.849], [36.83, -14.856], [36.834, -14.858], [36.835, -14.862], [36.814, -14.868], [36.8, -14.881], [36.797, -14.889], [36.792, -14.893], [36.785, -14.903]]]]}}, {"type": "Feature", "properties": {"id": "Lago", "name": "Lago", "desert": 0, "offices": 2}, "geometry": {"type": "MultiPolygon", "coordinates": [[[[34.908, -13.085], [34.896, -13.086], [34.884, -13.095], [34.872, -13.098], [34.856, -13.107], [34.836, -13.093], [34.539, -13.2], [34.539, -13.157], [34.537, -13.148], [34.541, -13.098], [34.544, -13.081], [34.551, -13.062], [34.552, -13.047], [34.55, -13.029], [34.538, -12.965], [34.536, -12.947], [34.532, -12.927], [34.517, -12.89], [34.508, -12.849], [34.508, -12.836], [34.511, -12.818], [34.511, -12.809], [34.524, -12.768], [34.526, -12.753], [34.524, -12.73], [34.519, -12.71], [34.498, -12.664], [34.484, -12.617], [34.468, -12.546], [34.463, -12.528], [34.456, -12.513], [34.448, -12.475], [34.434, -12.432], [34.414, -12.35], [34.409, -12.293], [34.408, -12.255], [34.415, -12.198], [34.425, -12.159], [34.493, -12.001], [34.513, -11.966], [34.571, -11.826], [34.583, -11.804], [34.597, -11.766], [34.634, -11.662], [34.643, -11.609], [34.643, -11.582], [34.704, -11.581], [34.715, -11.579], [34.739, -11.58], [34.75, -11.578], [34.812, -11.576], [34.847, -11.574], [34.855, -11.572], [34.883, -11.574], [34.969, -11.572], [34.992, -11.569], [35.0, -11.571], [35.025, -11.568], [35.04, -11.568], [35.06, -11.566], [35.126, -11.564], [35.154, -11.562], [35.186, -11.563], [35.197, -11.561], [35.341, -11.556], [35.35, -11.561], [35.359, -11.568], [35.381, -11.57], [35.384, -11.571], [35.386, -11.577], [35.39, -11.58], [35.396, -11.582], [35.398, -11.58], [35.404, -11.576], [35.393, -11.592], [35.386, -11.595], [35.376, -11.592], [35.375, -11.6], [35.378, -11.609], [35.375, -11.613], [35.366, -11.618], [35.364, -11.622], [35.366, -11.627], [35.363, -11.633], [35.347, -11.63], [35.326, -11.651], [35.323, -11.659], [35.325, -11.675], [35.316, -11.688], [35.313, -11.7], [35.318, -11.707], [35.318, -11.713], [35.309, -11.716], [35.302, -11.739], [35.304, -11.765], [35.294, -11.769], [35.289, -11.773], [35.285, -11.782], [35.266, -11.806], [35.265, -11.812], [35.242, -11.837], [35.226, -11.873], [35.215, -11.882], [35.206, -11.886], [35.197, -11.894], [35.195, -11.905], [35.181, -11.918], [35.176, -11.918], [35.15, -11.931], [35.147, -11.936], [35.142, -11.941], [35.134, -11.943], [35.152, -11.954], [35.131, -11.946], [35.125, -11.963], [35.137, -11.998], [35.152, -12.027], [35.155, -12.041], [35.155, -12.053], [35.172, -12.074], [35.186, -12.073], [35.197, -12.078], [35.203, -12.085], [35.208, -12.103], [35.193, -12.122], [35.19, -12.13], [35.183, -12.136], [35.17, -12.142], [35.166, -12.148], [35.16, -12.168], [35.162, -12.174], [35.183, -12.192], [35.183, -12.219], [35.185, -12.226], [35.19, -12.253], [35.195, -12.259], [35.192, -12.274], [35.174, -12.305], [35.166, -12.337], [35.165, -12.342], [35.143, -12.394], [35.15, -12.45], [35.157, -12.454], [35.165, -12.465], [35.18, -12.49], [35.193, -12.492], [35.194, -12.494], [35.192, -12.507], [35.186, -12.516], [35.192, -12.536], [35.181, -12.557], [35.159, -12.59], [35.146, -12.606], [35.137, -12.631], [35.14, -12.649], [35.139, -12.66], [35.142, -12.678], [35.157, -12.746], [35.161, -12.757], [35.155, -12.776], [35.138, -12.811], [35.125, -12.811], [35.097, -12.82], [35.088, -12.838], [35.086, -12.845], [35.007, -12.993], [34.972, -13.054], [34.952, -13.079], [34.936, -13.089], [34.924, -13.089], [34.911, -13.08], [34.909, -13.081], [34.908, -13.085]], [[34.749, -12.067], [34.75, -12.065], [34.747, -12.066], [34.748, -12.068], [34.749, -12.067]], [[34.615, -12.05], [34.613, -12.05], [34.612, -12.051], [34.617, -12.052], [34.615, -12.05]], [[34.76, -12.049], [34.761, -12.047], [34.76, -12.046], [34.759, -12.048], [34.76, -12.049]], [[34.734, -12.035], [34.733, -12.032], [34.73, -12.031], [34.727, -12.035], [34.729, -12.042], [34.723, -12.051], [34.722, -12.056], [34.724, -12.057], [34.721, -12.061], [34.722, -12.065], [34.717, -12.071], [34.718, -12.078], [34.717, -12.08], [34.71, -12.081], [34.709, -12.084], [34.715, -12.088], [34.715, -12.089], [34.717, -12.091], [34.717, -12.093], [34.719, -12.093], [34.731, -12.1], [34.739, -12.092], [34.743, -12.092], [34.744, -12.09], [34.743, -12.085], [34.746, -12.079], [34.746, -12.077], [34.743, -12.079], [34.741, -12.079], [34.738, -12.072], [34.739, -12.07], [34.742, -12.069], [34.742, -12.065], [34.745, -12.062], [34.745, -12.056], [34.752, -12.053], [34.752, -12.057], [34.754, -12.057], [34.759, -12.051], [34.757, -12.043], [34.75, -12.045], [34.747, -12.037], [34.742, -12.044], [34.735, -12.044], [34.735, -12.038], [34.733, -12.037], [34.734, -12.035]], [[34.608, -12.017], [34.61, -12.017], [34.611, -12.015], [34.607, -12.013], [34.606, -12.014], [34.608, -12.017]], [[34.629, -12.024], [34.629, -12.018], [34.626, -12.013], [34.623, -12.011], [34.618, -12.014], [34.613, -12.01], [34.614, -12.008], [34.609, -12.008], [34.61, -12.014], [34.614, -12.016], [34.617, -12.016], [34.617, -12.023], [34.624, -12.026], [34.622, -12.03], [34.619, -12.03], [34.621, -12.031], [34.621, -12.034], [34.619, -12.034], [34.62, -12.035], [34.618, -12.035], [34.619, -12.037], [34.621, -12.035], [34.622, -12.036], [34.62, -12.038], [34.622, -12.041], [34.621, -12.043], [34.622, -12.044], [34.625, -12.043], [34.624, -12.041], [34.625, -12.039], [34.624, -12.038], [34.625, -12.034], [34.627, -12.032], [34.63, -12.033], [34.625, -12.027], [34.629, -12.024]]]]}}, {"type": "Feature", "properties": {"id": "Manjune", "name": "Majune", "desert": 1, "offices": 0}, "geometry": {"type": "MultiPolygon", "coordinates": [[[[35.621, -13.546], [35.648, -13.536], [35.693, -13.529], [35.749, -13.503], [35.759, -13.503], [35.771, -13.492], [35.777, -13.484], [35.802, -13.466], [35.807, -13.459], [35.809, -13.453], [35.807, -13.441], [35.816, -13.422], [35.825, -13.412], [35.848, -13.406], [35.853, -13.398], [35.864, -13.398], [35.87, -13.384], [35.854, -13.37], [35.846, -13.366], [35.841, -13.362], [35.836, -13.351], [35.84, -13.281], [35.855, -13.284], [35.867, -13.281], [35.882, -13.275], [35.898, -13.265], [35.92, -13.257], [35.927, -13.247], [35.944, -13.256], [35.957, -13.258], [35.965, -13.27], [35.966, -13.281], [35.962, -13.293], [35.966, -13.297], [35.975, -13.299], [35.976, -13.303], [35.975, -13.31], [35.986, -13.317], [35.986, -13.325], [35.987, -13.329], [35.991, -13.329], [35.996, -13.327], [35.999, -13.329], [36.0, -13.334], [36.027, -13.312], [36.043, -13.315], [36.066, -13.297], [36.092, -13.291], [36.11, -13.283], [36.115, -13.276], [36.108, -13.272], [36.103, -13.271], [36.085, -13.278], [36.077, -13.275], [36.068, -13.26], [36.061, -13.235], [36.056, -13.226], [36.045, -13.215], [36.032, -13.171], [36.029, -13.146], [36.027, -13.111], [36.032, -13.101], [36.032, -13.093], [36.038, -13.08], [36.023, -13.053], [36.02, -13.029], [36.035, -13.011], [36.042, -12.992], [36.042, -12.985], [36.036, -12.954], [36.037, -12.935], [36.022, -12.903], [36.028, -12.877], [36.026, -12.851], [36.018, -12.841], [36.023, -12.84], [36.043, -12.846], [36.077, -12.832], [36.1, -12.817], [36.125, -12.824], [36.154, -12.819], [36.175, -12.808], [36.188, -12.803], [36.212, -12.815], [36.211, -12.809], [36.214, -12.797], [36.236, -12.807], [36.278, -12.79], [36.308, -12.792], [36.326, -12.79], [36.342, -12.79], [36.353, -12.792], [36.357, -12.782], [36.397, -12.748], [36.41, -12.747], [36.413, -12.739], [36.42, -12.729], [36.445, -12.743], [36.447, -12.753], [36.476, -12.742], [36.485, -12.743], [36.492, -12.747], [36.499, -12.743], [36.516, -12.745], [36.537, -12.739], [36.537, -12.733], [36.544, -12.728], [36.56, -12.705], [36.568, -12.697], [36.576, -12.693], [36.585, -12.691], [36.604, -12.692], [36.622, -12.689], [36.628, -12.682], [36.657, -12.664], [36.66, -12.672], [36.673, -12.675], [36.685, -12.676], [36.69, -12.682], [36.703, -12.688], [36.714, -12.684], [36.743, -12.687], [36.757, -12.698], [36.766, -12.71], [36.779, -12.71], [36.792, -12.697], [36.798, -12.687], [36.808, -12.701], [36.813, -12.711], [36.823, -12.701], [36.84, -12.707], [36.845, -12.693], [36.854, -12.697], [36.862, -12.706], [36.875, -12.709], [36.891, -12.708], [36.903, -12.7], [36.91, -12.702], [36.915, -12.713], [36.882, -12.738], [36.865, -12.763], [36.847, -12.772], [36.838, -12.794], [36.818, -12.797], [36.808, -12.8], [36.788, -12.821], [36.77, -12.825], [36.76, -12.829], [36.752, -12.834], [36.748, -12.845], [36.746, -12.857], [36.746, -12.869], [36.751, -12.888], [36.75, -12.901], [36.742, -12.914], [36.748, -12.931], [36.743, -12.956], [36.737, -12.962], [36.717, -12.974], [36.706, -12.995], [36.707, -12.997], [36.704, -13.014], [36.703, -13.034], [36.706, -13.045], [36.715, -13.054], [36.743, -13.072], [36.752, -13.082], [36.76, -13.095], [36.771, -13.103], [36.784, -13.121], [36.788, -13.141], [36.803, -13.17], [36.821, -13.187], [36.839, -13.197], [36.867, -13.201], [36.889, -13.211], [36.923, -13.181], [36.933, -13.178], [36.962, -13.178], [36.987, -13.172], [37.001, -13.178], [36.995, -13.188], [36.992, -13.199], [36.985, -13.21], [36.972, -13.222], [36.962, -13.222], [36.952, -13.246], [36.938, -13.257], [36.935, -13.275], [36.919, -13.28], [36.904, -13.277], [36.897, -13.289], [36.897, -13.322], [36.899, -13.33], [36.889, -13.345], [36.889, -13.354], [36.877, -13.37], [36.881, -13.398], [36.88, -13.405], [36.874, -13.415], [36.876, -13.423], [36.875, -13.429], [36.875, -13.437], [36.879, -13.445], [36.874, -13.457], [36.856, -13.479], [36.851, -13.488], [36.843, -13.508], [36.838, -13.526], [36.847, -13.555], [36.847, -13.561], [36.844, -13.568], [36.846, -13.592], [36.835, -13.602], [36.815, -13.656], [36.806, -13.667], [36.803, -13.684], [36.79, -13.714], [36.773, -13.732], [36.77, -13.745], [36.645, -13.741], [36.64, -13.737], [36.628, -13.738], [36.603, -13.762], [36.59, -13.772], [36.586, -13.781], [36.563, -13.793], [36.523, -13.792], [36.512, -13.79], [36.471, -13.791], [36.459, -13.79], [36.441, -13.786], [36.432, -13.787], [36.424, -13.79], [36.394, -13.827], [36.394, -13.84], [36.292, -13.876], [36.136, -13.954], [36.117, -13.968], [36.096, -13.955], [36.065, -13.928], [36.051, -13.924], [36.051, -13.917], [36.059, -13.907], [36.06, -13.893], [36.071, -13.882], [36.071, -13.864], [36.079, -13.852], [36.084, -13.849], [36.093, -13.85], [36.107, -13.846], [36.125, -13.842], [36.105, -13.825], [36.092, -13.797], [36.083, -13.791], [36.059, -13.787], [36.033, -13.736], [36.004, -13.733], [35.97, -13.718], [35.965, -13.709], [35.942, -13.706], [35.929, -13.701], [35.907, -13.686], [35.872, -13.67], [35.767, -13.637], [35.764, -13.626], [35.764, -13.605], [35.709, -13.593], [35.669, -13.581], [35.617, -13.551], [35.621, -13.546]]]]}}, {"type": "Feature", "properties": {"id": "Mandimba", "name": "Mandimba", "desert": 0, "offices": 1}, "geometry": {"type": "MultiPolygon", "coordinates": [[[[36.272, -14.284], [36.298, -14.282], [36.314, -14.339], [36.277, -14.351], [36.236, -14.394], [36.219, -14.438], [36.139, -14.54], [36.046, -14.522], [36.052, -14.506], [36.045, -14.505], [36.032, -14.495], [36.028, -14.485], [36.026, -14.472], [36.013, -14.437], [36.008, -14.431], [35.974, -14.425], [35.967, -14.42], [35.962, -14.412], [35.947, -14.396], [35.922, -14.393], [35.92, -14.376], [35.922, -14.37], [35.931, -14.356], [35.939, -14.349], [35.94, -14.345], [35.953, -14.327], [35.96, -14.302], [35.956, -14.272], [35.937, -14.268], [35.935, -14.264], [35.94, -14.255], [35.941, -14.248], [35.937, -14.241], [35.931, -14.236], [35.923, -14.233], [35.909, -14.242], [35.903, -14.239], [35.897, -14.239], [35.887, -14.248], [35.873, -14.252], [35.865, -14.253], [35.861, -14.251], [35.868, -14.237], [35.86, -14.234], [35.832, -14.229], [35.82, -14.224], [35.801, -14.22], [35.746, -14.22], [35.717, -14.213], [35.709, -14.208], [35.701, -14.189], [35.698, -14.187], [35.664, -14.169], [35.651, -14.171], [35.648, -14.169], [35.643, -14.162], [35.639, -14.138], [35.637, -14.13], [35.638, -14.119], [35.633, -14.091], [35.634, -14.085], [35.641, -14.078], [35.644, -14.063], [35.648, -14.061], [35.649, -14.056], [35.645, -14.052], [35.652, -14.042], [35.653, -14.033], [35.657, -14.024], [35.656, -14.017], [35.664, -14.01], [35.668, -14.0], [35.68, -13.981], [35.693, -13.969], [35.694, -13.971], [35.723, -13.953], [35.739, -13.917], [35.742, -13.901], [35.758, -13.888], [35.77, -13.888], [35.826, -13.837], [35.839, -13.823], [35.85, -13.822], [35.873, -13.801], [35.912, -13.833], [35.936, -13.828], [35.962, -13.828], [35.973, -13.821], [35.977, -13.813], [36.007, -13.813], [36.016, -13.804], [36.029, -13.804], [36.036, -13.8], [36.053, -13.787], [36.055, -13.779], [36.059, -13.787], [36.083, -13.791], [36.092, -13.797], [36.105, -13.825], [36.125, -13.842], [36.107, -13.846], [36.093, -13.85], [36.084, -13.849], [36.079, -13.852], [36.071, -13.864], [36.071, -13.882], [36.06, -13.893], [36.059, -13.907], [36.051, -13.917], [36.051, -13.924], [36.065, -13.928], [36.096, -13.955], [36.118, -13.969], [36.116, -13.975], [36.118, -13.98], [36.127, -13.984], [36.135, -13.99], [36.126, -14.012], [36.139, -14.025], [36.141, -14.03], [36.153, -14.032], [36.157, -14.038], [36.157, -14.051], [36.164, -14.069], [36.17, -14.079], [36.181, -14.089], [36.182, -14.098], [36.197, -14.118], [36.196, -14.151], [36.197, -14.155], [36.208, -14.17], [36.211, -14.179], [36.211, -14.185], [36.224, -14.208], [36.24, -14.21], [36.245, -14.215], [36.25, -14.232], [36.251, -14.24], [36.254, -14.243], [36.267, -14.249], [36.269, -14.252], [36.268, -14.275], [36.269, -14.283], [36.272, -14.284]]]]}}, {"type": "Feature", "properties": {"id": "Marrupa", "name": "Marrupa", "desert": 0, "offices": 1}, "geometry": {"type": "MultiPolygon", "coordinates": [[[[38.218, -13.145], [38.219, -13.169], [38.206, -13.185], [38.2, -13.215], [38.2, -13.221], [38.202, -13.222], [38.181, -13.276], [38.184, -13.291], [38.178, -13.305], [38.174, -13.311], [38.156, -13.324], [38.147, -13.342], [38.14, -13.348], [38.127, -13.353], [38.109, -13.355], [38.062, -13.387], [38.047, -13.4], [38.041, -13.407], [38.04, -13.415], [38.045, -13.437], [38.064, -13.502], [38.005, -13.536], [37.972, -13.589], [37.957, -13.61], [37.947, -13.628], [37.914, -13.658], [37.914, -13.682], [37.904, -13.712], [37.883, -13.755], [37.884, -13.759], [37.887, -13.771], [37.898, -13.788], [37.901, -13.795], [37.901, -13.836], [37.91, -13.85], [37.912, -13.856], [37.923, -13.865], [37.92, -13.891], [37.921, -13.897], [37.893, -13.889], [37.866, -13.877], [37.854, -13.881], [37.847, -13.874], [37.837, -13.858], [37.818, -13.855], [37.81, -13.85], [37.794, -13.858], [37.775, -13.859], [37.76, -13.852], [37.755, -13.852], [37.747, -13.86], [37.733, -13.841], [37.743, -13.816], [37.75, -13.813], [37.75, -13.809], [37.739, -13.789], [37.733, -13.768], [37.714, -13.753], [37.705, -13.75], [37.703, -13.741], [37.703, -13.73], [37.699, -13.72], [37.693, -13.711], [37.686, -13.704], [37.639, -13.677], [37.604, -13.685], [37.598, -13.685], [37.576, -13.67], [37.564, -13.673], [37.555, -13.655], [37.543, -13.637], [37.527, -13.622], [37.524, -13.616], [37.539, -13.598], [37.545, -13.573], [37.533, -13.562], [37.493, -13.503], [37.394, -13.428], [37.389, -13.431], [37.383, -13.429], [37.376, -13.431], [37.311, -13.455], [37.272, -13.474], [37.22, -13.536], [37.189, -13.568], [37.16, -13.577], [37.149, -13.587], [37.139, -13.6], [37.135, -13.614], [37.128, -13.624], [37.118, -13.631], [37.08, -13.628], [37.019, -13.621], [36.976, -13.62], [36.881, -13.692], [36.876, -13.69], [36.872, -13.686], [36.87, -13.657], [36.863, -13.652], [36.861, -13.647], [36.865, -13.633], [36.869, -13.597], [36.866, -13.592], [36.855, -13.601], [36.846, -13.592], [36.844, -13.568], [36.847, -13.561], [36.847, -13.555], [36.838, -13.526], [36.843, -13.508], [36.851, -13.488], [36.856, -13.479], [36.874, -13.457], [36.879, -13.445], [36.875, -13.437], [36.875, -13.429], [36.876, -13.423], [36.874, -13.415], [36.88, -13.405], [36.881, -13.398], [36.877, -13.37], [36.889, -13.354], [36.889, -13.345], [36.899, -13.33], [36.897, -13.322], [36.897, -13.289], [36.904, -13.277], [36.919, -13.28], [36.935, -13.275], [36.938, -13.257], [36.952, -13.246], [36.962, -13.222], [36.972, -13.222], [36.985, -13.21], [36.992, -13.199], [36.995, -13.188], [37.001, -13.178], [36.987, -13.172], [36.962, -13.178], [36.933, -13.178], [36.923, -13.181], [36.889, -13.211], [36.867, -13.201], [36.839, -13.197], [36.821, -13.187], [36.803, -13.17], [36.788, -13.141], [36.784, -13.121], [36.771, -13.103], [36.76, -13.095], [36.752, -13.082], [36.743, -13.072], [36.715, -13.054], [36.706, -13.045], [36.703, -13.034], [36.704, -13.014], [36.707, -12.997], [36.706, -12.995], [36.717, -12.974], [36.737, -12.962], [36.743, -12.956], [36.748, -12.931], [36.742, -12.914], [36.75, -12.901], [36.751, -12.888], [36.746, -12.869], [36.746, -12.857], [36.748, -12.845], [36.752, -12.834], [36.76, -12.829], [36.77, -12.825], [36.788, -12.821], [36.808, -12.8], [36.818, -12.797], [36.838, -12.794], [36.847, -12.772], [36.865, -12.763], [36.882, -12.738], [36.915, -12.713], [36.92, -12.716], [36.927, -12.717], [36.936, -12.708], [36.947, -12.671], [36.967, -12.656], [36.974, -12.655], [36.989, -12.661], [37.001, -12.658], [37.031, -12.662], [37.048, -12.646], [37.058, -12.646], [37.07, -12.643], [37.09, -12.626], [37.101, -12.629], [37.12, -12.647], [37.13, -12.652], [37.14, -12.654], [37.153, -12.653], [37.161, -12.648], [37.166, -12.647], [37.208, -12.603], [37.214, -12.587], [37.212, -12.544], [37.224, -12.525], [37.242, -12.513], [37.254, -12.495], [37.282, -12.483], [37.306, -12.483], [37.34, -12.486], [37.353, -12.489], [37.364, -12.488], [37.376, -12.481], [37.424, -12.473], [37.509, -12.45], [37.53, -12.453], [37.547, -12.452], [37.561, -12.447], [37.591, -12.443], [37.606, -12.442], [37.647, -12.444], [37.625, -12.483], [37.665, -12.487], [37.711, -12.48], [37.727, -12.453], [37.701, -12.42], [37.709, -12.403], [37.773, -12.31], [37.778, -12.296], [37.786, -12.287], [37.802, -12.277], [37.838, -12.262], [37.873, -12.254], [37.884, -12.249], [37.929, -12.231], [37.955, -12.229], [37.997, -12.235], [38.049, -12.203], [38.066, -12.195], [38.086, -12.179], [38.094, -12.177], [38.113, -12.188], [38.132, -12.204], [38.141, -12.203], [38.169, -12.194], [38.202, -12.191], [38.222, -12.187], [38.231, -12.213], [38.227, -12.256], [38.205, -12.286], [38.205, -12.322], [38.162, -12.37], [38.128, -12.396], [38.113, -12.417], [38.092, -12.429], [38.081, -12.456], [38.079, -12.467], [38.086, -12.487], [38.076, -12.507], [38.052, -12.566], [38.052, -12.584], [38.041, -12.601], [38.035, -12.614], [38.029, -12.645], [38.046, -12.665], [38.049, -12.686], [38.033, -12.763], [38.044, -12.78], [38.041, -12.799], [38.044, -12.806], [38.05, -12.812], [38.051, -12.816], [38.033, -12.851], [38.032, -12.874], [38.023, -12.886], [38.017, -12.898], [38.012, -12.948], [38.003, -12.969], [37.963, -13.005], [37.951, -13.026], [37.941, -13.034], [37.94, -13.043], [37.968, -13.062], [37.981, -13.081], [37.992, -13.091], [38.023, -13.094], [38.035, -13.098], [38.055, -13.106], [38.087, -13.127], [38.132, -13.137], [38.144, -13.133], [38.171, -13.115], [38.182, -13.113], [38.212, -13.113], [38.217, -13.128], [38.215, -13.134], [38.218, -13.145]]]]}}, {"type": "Feature", "properties": {"id": "Ma\u00faa", "name": "Ma\u00faa", "desert": 0, "offices": 1}, "geometry": {"type": "MultiPolygon", "coordinates": [[[[37.608, -14.296], [37.611, -14.349], [37.596, -14.364], [37.59, -14.358], [37.581, -14.358], [37.569, -14.355], [37.553, -14.338], [37.532, -14.335], [37.473, -14.299], [37.427, -14.287], [37.419, -14.29], [37.394, -14.29], [37.387, -14.293], [37.378, -14.29], [37.35, -14.302], [37.344, -14.29], [37.335, -14.29], [37.326, -14.281], [37.317, -14.281], [37.304, -14.278], [37.298, -14.284], [37.289, -14.278], [37.283, -14.278], [37.274, -14.284], [37.272, -14.283], [37.27, -14.278], [37.252, -14.27], [37.215, -14.264], [37.184, -14.249], [37.172, -14.252], [37.156, -14.237], [37.135, -14.243], [37.105, -14.243], [37.09, -14.239], [37.08, -14.225], [37.068, -14.224], [37.062, -14.215], [37.053, -14.218], [37.043, -14.21], [37.033, -14.209], [37.03, -14.198], [37.018, -14.198], [37.003, -14.186], [36.964, -14.17], [36.965, -14.167], [36.96, -14.163], [36.949, -14.163], [36.94, -14.169], [36.928, -14.174], [36.92, -14.17], [36.913, -14.174], [36.901, -14.176], [36.893, -14.173], [36.885, -14.165], [36.877, -14.159], [36.869, -14.15], [36.856, -14.151], [36.853, -14.148], [36.841, -14.148], [36.836, -14.143], [36.833, -14.136], [36.828, -14.133], [36.826, -14.122], [36.817, -14.116], [36.801, -14.114], [36.791, -14.1], [36.785, -14.084], [36.78, -14.083], [36.765, -14.085], [36.753, -14.084], [36.744, -14.079], [36.722, -14.08], [36.703, -14.076], [36.697, -14.071], [36.681, -14.074], [36.674, -14.078], [36.666, -14.079], [36.652, -14.074], [36.626, -14.071], [36.613, -14.075], [36.595, -14.076], [36.573, -14.084], [36.558, -14.084], [36.538, -14.073], [36.533, -14.059], [36.531, -14.047], [36.528, -14.044], [36.522, -14.043], [36.504, -14.029], [36.405, -14.017], [36.383, -14.053], [36.38, -14.062], [36.38, -14.076], [36.373, -14.085], [36.369, -14.1], [36.353, -14.116], [36.343, -14.117], [36.316, -14.112], [36.304, -14.108], [36.297, -14.102], [36.275, -14.091], [36.264, -14.088], [36.255, -14.092], [36.242, -14.094], [36.234, -14.091], [36.219, -14.092], [36.208, -14.087], [36.2, -14.089], [36.189, -14.096], [36.181, -14.095], [36.181, -14.089], [36.17, -14.079], [36.164, -14.069], [36.157, -14.051], [36.157, -14.038], [36.153, -14.032], [36.141, -14.03], [36.139, -14.025], [36.126, -14.012], [36.135, -13.99], [36.127, -13.984], [36.118, -13.98], [36.116, -13.975], [36.118, -13.969], [36.116, -13.968], [36.117, -13.968], [36.136, -13.954], [36.292, -13.876], [36.394, -13.84], [36.394, -13.827], [36.424, -13.79], [36.432, -13.787], [36.441, -13.786], [36.459, -13.79], [36.471, -13.791], [36.512, -13.79], [36.523, -13.792], [36.563, -13.793], [36.586, -13.781], [36.59, -13.772], [36.603, -13.762], [36.628, -13.738], [36.64, -13.737], [36.645, -13.741], [36.77, -13.745], [36.773, -13.732], [36.79, -13.714], [36.803, -13.684], [36.806, -13.667], [36.815, -13.656], [36.835, -13.602], [36.846, -13.592], [36.855, -13.601], [36.866, -13.592], [36.869, -13.597], [36.865, -13.633], [36.861, -13.647], [36.863, -13.652], [36.87, -13.657], [36.872, -13.686], [36.881, -13.692], [36.976, -13.62], [37.019, -13.621], [37.08, -13.628], [37.118, -13.631], [37.128, -13.624], [37.135, -13.614], [37.139, -13.6], [37.149, -13.587], [37.16, -13.577], [37.189, -13.568], [37.22, -13.536], [37.272, -13.474], [37.311, -13.455], [37.376, -13.431], [37.383, -13.429], [37.389, -13.431], [37.394, -13.428], [37.493, -13.503], [37.533, -13.562], [37.545, -13.573], [37.539, -13.598], [37.524, -13.616], [37.527, -13.622], [37.543, -13.637], [37.555, -13.655], [37.564, -13.673], [37.576, -13.67], [37.598, -13.685], [37.604, -13.685], [37.639, -13.677], [37.686, -13.704], [37.699, -13.72], [37.703, -13.73], [37.703, -13.741], [37.705, -13.75], [37.714, -13.753], [37.733, -13.768], [37.739, -13.789], [37.75, -13.809], [37.75, -13.813], [37.743, -13.816], [37.733, -13.841], [37.717, -13.841], [37.686, -13.847], [37.662, -13.858], [37.635, -13.858], [37.618, -13.855], [37.593, -13.834], [37.566, -13.841], [37.552, -13.832], [37.533, -13.815], [37.522, -13.807], [37.493, -13.779], [37.487, -13.769], [37.474, -13.762], [37.465, -13.761], [37.441, -13.766], [37.435, -13.814], [37.442, -13.833], [37.449, -13.842], [37.455, -13.846], [37.46, -13.882], [37.465, -13.89], [37.46, -13.904], [37.458, -13.912], [37.459, -13.913], [37.457, -13.922], [37.444, -13.952], [37.479, -14.01], [37.469, -14.037], [37.459, -14.047], [37.456, -14.053], [37.455, -14.07], [37.467, -14.085], [37.465, -14.088], [37.466, -14.091], [37.46, -14.104], [37.461, -14.109], [37.47, -14.117], [37.473, -14.117], [37.476, -14.124], [37.478, -14.139], [37.486, -14.149], [37.492, -14.165], [37.51, -14.186], [37.522, -14.195], [37.529, -14.213], [37.541, -14.222], [37.547, -14.246], [37.568, -14.267], [37.605, -14.273], [37.614, -14.278], [37.621, -14.287], [37.608, -14.296]]]]}}, {"type": "Feature", "properties": {"id": "Mavago", "name": "Mavago", "desert": 1, "offices": 0}, "geometry": {"type": "MultiPolygon", "coordinates": [[[[36.359, -12.656], [36.327, -12.665], [36.319, -12.672], [36.283, -12.696], [36.276, -12.702], [36.263, -12.702], [36.243, -12.688], [36.225, -12.683], [36.207, -12.681], [36.194, -12.682], [36.188, -12.678], [36.177, -12.679], [36.154, -12.676], [36.135, -12.665], [36.077, -12.66], [36.064, -12.664], [36.05, -12.674], [36.039, -12.685], [36.018, -12.698], [36.015, -12.69], [36.013, -12.671], [36.01, -12.654], [36.005, -12.651], [35.993, -12.636], [35.975, -12.601], [35.968, -12.594], [35.949, -12.581], [35.947, -12.576], [35.947, -12.568], [35.945, -12.563], [35.945, -12.558], [35.934, -12.533], [35.929, -12.472], [35.92, -12.445], [35.891, -12.411], [35.89, -12.372], [35.902, -12.32], [35.896, -12.31], [35.895, -12.302], [35.898, -12.286], [35.89, -12.235], [35.907, -12.23], [35.914, -12.213], [35.932, -12.195], [35.944, -12.192], [35.962, -12.183], [35.975, -12.171], [35.987, -12.15], [36.002, -12.105], [36.017, -12.078], [36.036, -12.055], [36.039, -12.04], [36.069, -12.022], [36.084, -12.01], [36.086, -11.998], [36.1, -11.99], [36.105, -11.983], [36.105, -11.971], [36.12, -11.955], [36.126, -11.945], [36.13, -11.942], [36.145, -11.906], [36.152, -11.877], [36.156, -11.871], [36.17, -11.86], [36.177, -11.843], [36.19, -11.839], [36.194, -11.834], [36.209, -11.825], [36.222, -11.813], [36.225, -11.801], [36.24, -11.786], [36.258, -11.759], [36.285, -11.736], [36.283, -11.727], [36.275, -11.726], [36.287, -11.708], [36.293, -11.709], [36.317, -11.702], [36.343, -11.704], [36.365, -11.704], [36.378, -11.684], [36.383, -11.681], [36.392, -11.682], [36.411, -11.69], [36.42, -11.692], [36.441, -11.688], [36.475, -11.686], [36.493, -11.688], [36.499, -11.69], [36.501, -11.693], [36.504, -11.708], [36.509, -11.72], [36.517, -11.726], [36.536, -11.729], [36.55, -11.745], [36.56, -11.746], [36.582, -11.731], [36.604, -11.723], [36.636, -11.726], [36.651, -11.726], [36.663, -11.723], [36.673, -11.718], [36.685, -11.709], [36.69, -11.703], [36.699, -11.701], [36.719, -11.693], [36.728, -11.686], [36.756, -11.656], [36.762, -11.641], [36.769, -11.635], [36.776, -11.632], [36.811, -11.587], [36.821, -11.58], [36.827, -11.578], [36.836, -11.583], [36.838, -11.588], [36.841, -11.59], [36.858, -11.59], [36.861, -11.592], [36.866, -11.592], [36.882, -11.604], [36.889, -11.606], [36.924, -11.604], [36.924, -11.616], [36.918, -11.626], [36.904, -11.633], [36.899, -11.638], [36.883, -11.68], [36.88, -11.696], [36.852, -11.73], [36.843, -11.739], [36.841, -11.75], [36.842, -11.764], [36.839, -11.774], [36.844, -11.795], [36.829, -11.838], [36.821, -11.856], [36.814, -11.881], [36.797, -11.893], [36.792, -11.902], [36.788, -11.927], [36.768, -11.954], [36.758, -11.972], [36.749, -11.978], [36.742, -11.986], [36.74, -11.991], [36.727, -12.0], [36.722, -12.013], [36.722, -12.026], [36.731, -12.047], [36.728, -12.059], [36.695, -12.083], [36.692, -12.096], [36.684, -12.11], [36.667, -12.133], [36.657, -12.151], [36.652, -12.164], [36.629, -12.185], [36.615, -12.203], [36.605, -12.211], [36.594, -12.217], [36.59, -12.234], [36.598, -12.255], [36.624, -12.275], [36.635, -12.282], [36.651, -12.301], [36.678, -12.329], [36.764, -12.41], [36.826, -12.471], [36.848, -12.495], [36.9, -12.583], [36.928, -12.641], [36.934, -12.652], [36.947, -12.667], [36.947, -12.671], [36.936, -12.708], [36.927, -12.717], [36.92, -12.716], [36.915, -12.713], [36.91, -12.702], [36.903, -12.7], [36.891, -12.708], [36.875, -12.709], [36.862, -12.706], [36.854, -12.697], [36.845, -12.693], [36.84, -12.707], [36.823, -12.701], [36.813, -12.711], [36.808, -12.701], [36.798, -12.687], [36.792, -12.697], [36.779, -12.71], [36.766, -12.71], [36.757, -12.698], [36.743, -12.687], [36.714, -12.684], [36.703, -12.688], [36.69, -12.682], [36.685, -12.676], [36.673, -12.675], [36.66, -12.672], [36.657, -12.664], [36.628, -12.682], [36.622, -12.689], [36.604, -12.692], [36.585, -12.691], [36.576, -12.693], [36.568, -12.697], [36.56, -12.705], [36.544, -12.728], [36.537, -12.733], [36.537, -12.739], [36.516, -12.745], [36.499, -12.743], [36.492, -12.747], [36.485, -12.743], [36.476, -12.742], [36.447, -12.753], [36.445, -12.743], [36.42, -12.729], [36.416, -12.72], [36.41, -12.713], [36.412, -12.692], [36.409, -12.684], [36.404, -12.676], [36.403, -12.657], [36.386, -12.655], [36.359, -12.656]]]]}}, {"type": "Feature", "properties": {"id": "Mecanhelas", "name": "Mecanhelas", "desert": 0, "offices": 1}, "geometry": {"type": "MultiPolygon", "coordinates": [[[[35.794, -15.19], [35.789, -15.168], [35.887, -14.96], [35.89, -14.954], [35.888, -14.953], [35.915, -14.895], [35.87, -14.895], [35.87, -14.73], [35.868, -14.724], [35.869, -14.707], [35.871, -14.709], [35.87, -14.675], [35.77, -14.557], [35.727, -14.501], [35.637, -14.395], [35.578, -14.332], [35.517, -14.261], [35.508, -14.225], [35.495, -14.189], [35.484, -14.167], [35.415, -14.089], [35.44, -14.088], [35.45, -14.092], [35.465, -14.106], [35.468, -14.107], [35.476, -14.107], [35.486, -14.103], [35.492, -14.098], [35.508, -14.093], [35.518, -14.094], [35.53, -14.09], [35.555, -14.091], [35.562, -14.089], [35.581, -14.075], [35.59, -14.063], [35.597, -14.066], [35.603, -14.071], [35.608, -14.071], [35.62, -14.059], [35.624, -14.058], [35.63, -14.059], [35.639, -14.053], [35.645, -14.052], [35.649, -14.056], [35.648, -14.061], [35.644, -14.063], [35.641, -14.078], [35.634, -14.085], [35.633, -14.091], [35.638, -14.119], [35.637, -14.13], [35.639, -14.138], [35.643, -14.162], [35.651, -14.171], [35.664, -14.169], [35.687, -14.18], [35.701, -14.189], [35.709, -14.208], [35.717, -14.213], [35.726, -14.216], [35.746, -14.22], [35.801, -14.22], [35.82, -14.224], [35.832, -14.229], [35.868, -14.237], [35.861, -14.251], [35.865, -14.253], [35.873, -14.252], [35.887, -14.248], [35.897, -14.239], [35.903, -14.239], [35.909, -14.242], [35.923, -14.233], [35.931, -14.236], [35.937, -14.241], [35.941, -14.248], [35.94, -14.255], [35.935, -14.264], [35.937, -14.268], [35.956, -14.272], [35.96, -14.302], [35.953, -14.327], [35.94, -14.345], [35.939, -14.349], [35.931, -14.356], [35.922, -14.37], [35.92, -14.376], [35.922, -14.393], [35.947, -14.396], [35.962, -14.412], [35.967, -14.42], [35.974, -14.425], [36.008, -14.431], [36.013, -14.437], [36.026, -14.472], [36.028, -14.485], [36.032, -14.495], [36.045, -14.505], [36.052, -14.506], [36.046, -14.522], [36.139, -14.54], [36.194, -14.57], [36.207, -14.572], [36.215, -14.577], [36.223, -14.587], [36.225, -14.629], [36.221, -14.642], [36.226, -14.664], [36.226, -14.682], [36.229, -14.694], [36.239, -14.713], [36.258, -14.74], [36.268, -14.751], [36.288, -14.751], [36.298, -14.756], [36.316, -14.768], [36.339, -14.77], [36.344, -14.776], [36.347, -14.782], [36.363, -14.797], [36.367, -14.805], [36.383, -14.807], [36.39, -14.811], [36.392, -14.815], [36.39, -14.819], [36.373, -14.827], [36.371, -14.834], [36.367, -14.838], [36.357, -14.835], [36.347, -14.835], [36.343, -14.843], [36.343, -14.858], [36.348, -14.882], [36.344, -14.933], [36.333, -14.963], [36.317, -14.989], [36.321, -14.999], [36.315, -15.008], [36.315, -15.015], [36.331, -15.033], [36.335, -15.044], [36.327, -15.054], [36.317, -15.077], [36.31, -15.106], [36.302, -15.116], [36.285, -15.153], [36.271, -15.176], [36.27, -15.185], [36.301, -15.224], [36.408, -15.258], [36.431, -15.259], [36.44, -15.268], [36.358, -15.289], [36.347, -15.311], [36.336, -15.321], [36.322, -15.339], [36.315, -15.353], [36.284, -15.387], [36.268, -15.4], [36.27, -15.43], [36.288, -15.449], [36.285, -15.462], [36.283, -15.466], [36.236, -15.468], [36.186, -15.45], [36.178, -15.45], [36.14, -15.435], [36.124, -15.426], [36.113, -15.428], [36.085, -15.446], [35.851, -15.444], [35.852, -15.418], [35.845, -15.389], [35.842, -15.374], [35.843, -15.374], [35.838, -15.361], [35.794, -15.19]]]]}}, {"type": "Feature", "properties": {"id": "Mecula", "name": "Mecula", "desert": 1, "offices": 0}, "geometry": {"type": "MultiPolygon", "coordinates": [[[[37.254, -12.495], [37.242, -12.513], [37.224, -12.525], [37.212, -12.544], [37.214, -12.587], [37.208, -12.603], [37.166, -12.647], [37.161, -12.648], [37.153, -12.653], [37.14, -12.654], [37.13, -12.652], [37.12, -12.647], [37.101, -12.629], [37.09, -12.626], [37.07, -12.643], [37.058, -12.646], [37.048, -12.646], [37.031, -12.662], [37.001, -12.658], [36.989, -12.661], [36.974, -12.655], [36.967, -12.656], [36.947, -12.671], [36.947, -12.667], [36.934, -12.652], [36.928, -12.641], [36.9, -12.583], [36.848, -12.495], [36.826, -12.471], [36.764, -12.41], [36.678, -12.329], [36.651, -12.301], [36.635, -12.282], [36.624, -12.275], [36.598, -12.255], [36.59, -12.234], [36.594, -12.217], [36.605, -12.211], [36.615, -12.203], [36.629, -12.185], [36.652, -12.164], [36.657, -12.151], [36.667, -12.133], [36.684, -12.11], [36.692, -12.096], [36.695, -12.083], [36.728, -12.059], [36.731, -12.047], [36.722, -12.026], [36.722, -12.013], [36.727, -12.0], [36.74, -11.991], [36.742, -11.986], [36.749, -11.978], [36.758, -11.972], [36.768, -11.954], [36.788, -11.927], [36.792, -11.902], [36.797, -11.893], [36.814, -11.881], [36.821, -11.856], [36.829, -11.838], [36.844, -11.795], [36.839, -11.774], [36.842, -11.764], [36.841, -11.75], [36.843, -11.739], [36.852, -11.73], [36.88, -11.696], [36.883, -11.68], [36.899, -11.638], [36.904, -11.633], [36.918, -11.626], [36.924, -11.616], [36.924, -11.604], [36.945, -11.603], [36.962, -11.605], [36.985, -11.6], [37.007, -11.603], [37.009, -11.599], [37.011, -11.581], [37.017, -11.572], [37.025, -11.569], [37.033, -11.573], [37.041, -11.58], [37.054, -11.6], [37.07, -11.612], [37.079, -11.623], [37.091, -11.626], [37.113, -11.626], [37.118, -11.629], [37.137, -11.633], [37.149, -11.631], [37.157, -11.632], [37.199, -11.647], [37.221, -11.652], [37.229, -11.651], [37.262, -11.634], [37.272, -11.633], [37.282, -11.634], [37.299, -11.64], [37.317, -11.658], [37.318, -11.663], [37.324, -11.665], [37.332, -11.672], [37.338, -11.675], [37.359, -11.677], [37.366, -11.679], [37.377, -11.686], [37.384, -11.688], [37.414, -11.682], [37.419, -11.68], [37.423, -11.666], [37.431, -11.649], [37.439, -11.641], [37.45, -11.634], [37.477, -11.625], [37.485, -11.624], [37.496, -11.613], [37.501, -11.612], [37.515, -11.614], [37.532, -11.61], [37.55, -11.618], [37.584, -11.623], [37.596, -11.618], [37.623, -11.604], [37.659, -11.574], [37.672, -11.573], [37.688, -11.563], [37.702, -11.563], [37.718, -11.555], [37.729, -11.553], [37.741, -11.552], [37.748, -11.549], [37.764, -11.534], [37.779, -11.514], [37.786, -11.496], [37.788, -11.487], [37.788, -11.48], [37.785, -11.477], [37.776, -11.47], [37.774, -11.46], [37.781, -11.445], [37.782, -11.432], [37.786, -11.423], [37.791, -11.416], [37.802, -11.412], [37.808, -11.406], [37.814, -11.389], [37.816, -11.378], [37.827, -11.366], [37.827, -11.344], [37.831, -11.308], [37.834, -11.307], [37.852, -11.304], [37.859, -11.298], [37.866, -11.289], [37.875, -11.283], [37.898, -11.272], [37.915, -11.261], [37.934, -11.257], [37.946, -11.258], [37.96, -11.264], [37.969, -11.266], [37.984, -11.261], [37.999, -11.262], [38.017, -11.271], [38.03, -11.268], [38.05, -11.271], [38.057, -11.274], [38.075, -11.271], [38.103, -11.261], [38.113, -11.26], [38.14, -11.273], [38.182, -11.278], [38.203, -11.274], [38.21, -11.275], [38.224, -11.283], [38.262, -11.288], [38.274, -11.297], [38.283, -11.324], [38.288, -11.329], [38.321, -11.325], [38.329, -11.329], [38.34, -11.339], [38.364, -11.368], [38.378, -11.383], [38.392, -11.387], [38.414, -11.388], [38.427, -11.391], [38.441, -11.407], [38.448, -11.411], [38.454, -11.413], [38.469, -11.414], [38.482, -11.416], [38.466, -11.453], [38.451, -11.48], [38.443, -11.503], [38.419, -11.562], [38.416, -11.588], [38.411, -11.61], [38.411, -11.63], [38.415, -11.651], [38.406, -11.71], [38.405, -11.73], [38.416, -11.768], [38.418, -11.791], [38.419, -11.856], [38.418, -11.865], [38.421, -11.887], [38.42, -11.919], [38.408, -11.952], [38.401, -12.0], [38.381, -12.073], [38.379, -12.095], [38.372, -12.106], [38.354, -12.115], [38.307, -12.133], [38.253, -12.161], [38.222, -12.187], [38.202, -12.191], [38.169, -12.194], [38.141, -12.203], [38.132, -12.204], [38.113, -12.188], [38.094, -12.177], [38.086, -12.179], [38.066, -12.195], [38.049, -12.203], [37.997, -12.235], [37.955, -12.229], [37.929, -12.231], [37.884, -12.249], [37.873, -12.254], [37.838, -12.262], [37.802, -12.277], [37.786, -12.287], [37.778, -12.296], [37.773, -12.31], [37.709, -12.403], [37.701, -12.42], [37.727, -12.453], [37.711, -12.48], [37.665, -12.487], [37.625, -12.483], [37.647, -12.444], [37.606, -12.442], [37.591, -12.443], [37.561, -12.447], [37.547, -12.452], [37.53, -12.453], [37.509, -12.45], [37.424, -12.473], [37.376, -12.481], [37.364, -12.488], [37.353, -12.489], [37.34, -12.486], [37.306, -12.483], [37.282, -12.483], [37.254, -12.495]]]]}}, {"type": "Feature", "properties": {"id": "Metarica", "name": "Metarica", "desert": 1, "offices": 0}, "geometry": {"type": "MultiPolygon", "coordinates": [[[[37.588, -14.369], [37.569, -14.391], [37.547, -14.4], [37.516, -14.387], [37.504, -14.387], [37.486, -14.394], [37.47, -14.415], [37.43, -14.442], [37.427, -14.45], [37.425, -14.465], [37.415, -14.477], [37.397, -14.495], [37.36, -14.518], [37.347, -14.53], [37.338, -14.542], [37.332, -14.554], [37.301, -14.572], [37.296, -14.571], [37.283, -14.576], [37.258, -14.591], [37.255, -14.591], [37.24, -14.6], [37.234, -14.609], [37.2, -14.609], [37.182, -14.591], [37.165, -14.594], [37.12, -14.615], [37.096, -14.639], [37.083, -14.642], [37.079, -14.642], [37.075, -14.638], [37.065, -14.636], [37.025, -14.616], [36.979, -14.564], [36.975, -14.556], [36.975, -14.55], [36.954, -14.533], [36.946, -14.522], [36.93, -14.513], [36.905, -14.513], [36.902, -14.502], [36.887, -14.518], [36.871, -14.52], [36.858, -14.518], [36.853, -14.515], [36.824, -14.493], [36.812, -14.489], [36.809, -14.48], [36.796, -14.485], [36.788, -14.48], [36.757, -14.474], [36.752, -14.471], [36.711, -14.467], [36.712, -14.458], [36.71, -14.456], [36.706, -14.458], [36.698, -14.468], [36.668, -14.465], [36.657, -14.467], [36.65, -14.472], [36.641, -14.474], [36.627, -14.475], [36.623, -14.47], [36.611, -14.474], [36.606, -14.47], [36.593, -14.467], [36.592, -14.464], [36.578, -14.454], [36.569, -14.452], [36.556, -14.443], [36.555, -14.43], [36.549, -14.425], [36.538, -14.429], [36.531, -14.422], [36.522, -14.426], [36.515, -14.426], [36.506, -14.418], [36.479, -14.405], [36.469, -14.404], [36.456, -14.396], [36.446, -14.396], [36.44, -14.394], [36.445, -14.377], [36.437, -14.364], [36.434, -14.354], [36.433, -14.348], [36.425, -14.342], [36.421, -14.333], [36.412, -14.321], [36.403, -14.312], [36.381, -14.299], [36.364, -14.284], [36.36, -14.275], [36.353, -14.268], [36.348, -14.243], [36.334, -14.232], [36.329, -14.224], [36.272, -14.284], [36.269, -14.283], [36.268, -14.267], [36.27, -14.259], [36.269, -14.252], [36.267, -14.249], [36.254, -14.243], [36.251, -14.24], [36.25, -14.232], [36.245, -14.215], [36.24, -14.21], [36.224, -14.208], [36.222, -14.205], [36.211, -14.185], [36.211, -14.179], [36.208, -14.17], [36.196, -14.151], [36.197, -14.118], [36.185, -14.103], [36.181, -14.095], [36.189, -14.096], [36.2, -14.089], [36.208, -14.087], [36.219, -14.092], [36.234, -14.091], [36.242, -14.094], [36.255, -14.092], [36.264, -14.088], [36.275, -14.091], [36.297, -14.102], [36.304, -14.108], [36.316, -14.112], [36.343, -14.117], [36.353, -14.116], [36.369, -14.1], [36.373, -14.085], [36.38, -14.076], [36.38, -14.062], [36.383, -14.053], [36.405, -14.017], [36.504, -14.029], [36.522, -14.043], [36.528, -14.044], [36.531, -14.047], [36.533, -14.059], [36.538, -14.073], [36.558, -14.084], [36.573, -14.084], [36.595, -14.076], [36.613, -14.075], [36.626, -14.071], [36.652, -14.074], [36.666, -14.079], [36.674, -14.078], [36.681, -14.074], [36.697, -14.071], [36.703, -14.076], [36.722, -14.08], [36.744, -14.079], [36.753, -14.084], [36.765, -14.085], [36.78, -14.083], [36.785, -14.084], [36.791, -14.1], [36.801, -14.114], [36.817, -14.116], [36.826, -14.122], [36.828, -14.133], [36.833, -14.136], [36.836, -14.143], [36.841, -14.148], [36.853, -14.148], [36.856, -14.151], [36.869, -14.15], [36.877, -14.159], [36.885, -14.165], [36.893, -14.173], [36.901, -14.176], [36.913, -14.174], [36.92, -14.17], [36.928, -14.174], [36.94, -14.169], [36.949, -14.163], [36.96, -14.163], [36.965, -14.167], [36.964, -14.17], [37.003, -14.186], [37.018, -14.198], [37.03, -14.198], [37.033, -14.209], [37.043, -14.21], [37.053, -14.218], [37.062, -14.215], [37.068, -14.224], [37.08, -14.225], [37.09, -14.239], [37.105, -14.243], [37.135, -14.243], [37.156, -14.237], [37.172, -14.252], [37.184, -14.249], [37.215, -14.264], [37.252, -14.27], [37.27, -14.278], [37.272, -14.283], [37.274, -14.284], [37.283, -14.278], [37.289, -14.278], [37.298, -14.284], [37.304, -14.278], [37.317, -14.281], [37.326, -14.281], [37.335, -14.29], [37.344, -14.29], [37.35, -14.302], [37.378, -14.29], [37.387, -14.293], [37.394, -14.29], [37.419, -14.29], [37.427, -14.287], [37.473, -14.299], [37.532, -14.335], [37.553, -14.338], [37.569, -14.355], [37.581, -14.358], [37.59, -14.358], [37.596, -14.364], [37.588, -14.369]]]]}}, {"type": "Feature", "properties": {"id": "Muembe", "name": "Muembe", "desert": 1, "offices": 0}, "geometry": {"type": "MultiPolygon", "coordinates": [[[[35.927, -13.246], [35.918, -13.23], [35.913, -13.227], [35.901, -13.227], [35.888, -13.222], [35.871, -13.218], [35.846, -13.226], [35.819, -13.227], [35.804, -13.229], [35.789, -13.227], [35.769, -13.227], [35.751, -13.237], [35.726, -13.247], [35.709, -13.247], [35.701, -13.248], [35.679, -13.239], [35.658, -13.225], [35.649, -13.222], [35.622, -13.205], [35.588, -13.205], [35.536, -13.175], [35.534, -13.19], [35.5, -13.182], [35.482, -13.175], [35.477, -13.169], [35.437, -13.162], [35.419, -13.141], [35.428, -13.123], [35.414, -13.091], [35.434, -13.067], [35.438, -13.053], [35.448, -13.05], [35.446, -13.031], [35.463, -13.025], [35.477, -13.008], [35.474, -13.002], [35.474, -12.993], [35.496, -12.963], [35.498, -12.962], [35.493, -12.957], [35.48, -12.948], [35.492, -12.93], [35.487, -12.909], [35.492, -12.889], [35.486, -12.884], [35.488, -12.88], [35.487, -12.879], [35.502, -12.861], [35.499, -12.851], [35.5, -12.841], [35.507, -12.836], [35.523, -12.816], [35.52, -12.796], [35.52, -12.772], [35.516, -12.749], [35.517, -12.728], [35.535, -12.709], [35.55, -12.688], [35.55, -12.682], [35.544, -12.659], [35.539, -12.644], [35.54, -12.627], [35.559, -12.598], [35.544, -12.571], [35.55, -12.56], [35.557, -12.553], [35.562, -12.537], [35.583, -12.504], [35.586, -12.494], [35.601, -12.479], [35.619, -12.447], [35.647, -12.408], [35.645, -12.403], [35.645, -12.384], [35.654, -12.357], [35.675, -12.349], [35.688, -12.34], [35.712, -12.331], [35.733, -12.325], [35.764, -12.298], [35.771, -12.281], [35.776, -12.275], [35.796, -12.275], [35.805, -12.284], [35.829, -12.292], [35.837, -12.287], [35.847, -12.269], [35.852, -12.244], [35.863, -12.236], [35.873, -12.233], [35.89, -12.235], [35.898, -12.286], [35.895, -12.302], [35.896, -12.31], [35.902, -12.32], [35.89, -12.372], [35.891, -12.411], [35.92, -12.445], [35.929, -12.472], [35.934, -12.533], [35.945, -12.558], [35.945, -12.563], [35.947, -12.568], [35.947, -12.576], [35.949, -12.581], [35.968, -12.594], [35.975, -12.601], [35.993, -12.636], [36.005, -12.651], [36.01, -12.654], [36.013, -12.671], [36.015, -12.69], [36.018, -12.698], [36.039, -12.685], [36.05, -12.674], [36.064, -12.664], [36.077, -12.66], [36.135, -12.665], [36.154, -12.676], [36.177, -12.679], [36.188, -12.678], [36.194, -12.682], [36.207, -12.681], [36.225, -12.683], [36.243, -12.688], [36.263, -12.702], [36.276, -12.702], [36.283, -12.696], [36.319, -12.672], [36.327, -12.665], [36.359, -12.656], [36.386, -12.655], [36.403, -12.657], [36.404, -12.676], [36.409, -12.684], [36.412, -12.692], [36.41, -12.713], [36.416, -12.72], [36.42, -12.729], [36.413, -12.739], [36.41, -12.747], [36.397, -12.748], [36.357, -12.782], [36.353, -12.792], [36.342, -12.79], [36.326, -12.79], [36.308, -12.792], [36.278, -12.79], [36.236, -12.807], [36.214, -12.797], [36.211, -12.809], [36.212, -12.815], [36.188, -12.803], [36.175, -12.808], [36.154, -12.819], [36.125, -12.824], [36.1, -12.817], [36.077, -12.832], [36.043, -12.846], [36.023, -12.84], [36.018, -12.841], [36.026, -12.851], [36.028, -12.877], [36.022, -12.903], [36.037, -12.935], [36.036, -12.954], [36.042, -12.985], [36.042, -12.992], [36.035, -13.011], [36.02, -13.029], [36.023, -13.053], [36.038, -13.08], [36.032, -13.093], [36.032, -13.101], [36.027, -13.111], [36.029, -13.146], [36.032, -13.171], [36.045, -13.215], [36.056, -13.226], [36.061, -13.235], [36.068, -13.26], [36.077, -13.275], [36.085, -13.278], [36.103, -13.271], [36.108, -13.272], [36.115, -13.276], [36.11, -13.283], [36.092, -13.291], [36.066, -13.297], [36.043, -13.315], [36.027, -13.312], [36.0, -13.334], [35.999, -13.329], [35.996, -13.327], [35.991, -13.329], [35.987, -13.329], [35.986, -13.325], [35.986, -13.317], [35.975, -13.31], [35.976, -13.303], [35.975, -13.299], [35.966, -13.297], [35.962, -13.293], [35.966, -13.281], [35.965, -13.27], [35.957, -13.258], [35.944, -13.256], [35.927, -13.246]]]]}}, {"type": "Feature", "properties": {"id": "N\u00b4gauma", "name": "N'gauma", "desert": 1, "offices": 0}, "geometry": {"type": "MultiPolygon", "coordinates": [[[[35.283, -13.943], [35.23, -13.885], [35.162, -13.797], [35.162, -13.794], [35.17, -13.778], [35.174, -13.78], [35.182, -13.774], [35.2, -13.747], [35.272, -13.742], [35.277, -13.739], [35.277, -13.727], [35.282, -13.716], [35.305, -13.713], [35.315, -13.719], [35.322, -13.72], [35.331, -13.709], [35.338, -13.71], [35.368, -13.701], [35.377, -13.704], [35.389, -13.697], [35.407, -13.676], [35.432, -13.665], [35.446, -13.657], [35.457, -13.649], [35.479, -13.627], [35.505, -13.611], [35.511, -13.61], [35.529, -13.601], [35.592, -13.56], [35.602, -13.56], [35.617, -13.55], [35.669, -13.581], [35.709, -13.593], [35.764, -13.605], [35.764, -13.626], [35.767, -13.637], [35.872, -13.67], [35.907, -13.686], [35.929, -13.701], [35.942, -13.706], [35.965, -13.709], [35.97, -13.718], [36.004, -13.733], [36.033, -13.736], [36.055, -13.779], [36.053, -13.787], [36.029, -13.804], [36.016, -13.804], [36.007, -13.813], [35.977, -13.813], [35.973, -13.821], [35.962, -13.828], [35.936, -13.828], [35.912, -13.833], [35.873, -13.801], [35.85, -13.822], [35.839, -13.823], [35.826, -13.837], [35.77, -13.888], [35.758, -13.888], [35.742, -13.901], [35.739, -13.917], [35.723, -13.953], [35.694, -13.971], [35.693, -13.969], [35.68, -13.981], [35.668, -14.0], [35.664, -14.01], [35.656, -14.017], [35.657, -14.024], [35.653, -14.033], [35.652, -14.042], [35.645, -14.052], [35.639, -14.053], [35.63, -14.059], [35.624, -14.058], [35.62, -14.059], [35.608, -14.071], [35.603, -14.071], [35.597, -14.066], [35.59, -14.063], [35.581, -14.075], [35.562, -14.089], [35.555, -14.091], [35.53, -14.09], [35.518, -14.094], [35.508, -14.093], [35.492, -14.098], [35.486, -14.103], [35.476, -14.107], [35.468, -14.107], [35.45, -14.092], [35.44, -14.088], [35.415, -14.089], [35.283, -13.943]]]]}}, {"type": "Feature", "properties": {"id": "Nipepe", "name": "Nipepe", "desert": 1, "offices": 0}, "geometry": {"type": "MultiPolygon", "coordinates": [[[[38.192, -13.793], [38.201, -13.802], [38.203, -13.806], [38.201, -13.814], [38.202, -13.825], [38.203, -13.827], [38.206, -13.828], [38.208, -13.831], [38.213, -13.833], [38.212, -13.839], [38.214, -13.847], [38.222, -13.857], [38.227, -13.859], [38.232, -13.868], [38.24, -13.873], [38.242, -13.881], [38.251, -13.889], [38.252, -13.898], [38.259, -13.911], [38.26, -13.924], [38.258, -13.931], [38.261, -13.936], [38.269, -13.938], [38.273, -13.941], [38.278, -13.947], [38.276, -13.953], [38.281, -13.962], [38.288, -13.966], [38.288, -13.977], [38.28, -13.993], [38.282, -13.999], [38.304, -14.02], [38.311, -14.032], [38.32, -14.038], [38.326, -14.046], [38.337, -14.059], [38.339, -14.061], [38.348, -14.056], [38.347, -14.067], [38.36, -14.087], [38.363, -14.105], [38.377, -14.108], [38.387, -14.108], [38.398, -14.127], [38.373, -14.138], [38.355, -14.142], [38.335, -14.155], [38.304, -14.147], [38.279, -14.159], [38.248, -14.167], [38.237, -14.175], [38.212, -14.202], [38.183, -14.229], [38.173, -14.231], [38.162, -14.228], [38.148, -14.236], [38.135, -14.247], [38.125, -14.256], [38.119, -14.26], [38.106, -14.252], [38.095, -14.251], [38.084, -14.258], [38.071, -14.259], [38.062, -14.252], [38.049, -14.254], [38.037, -14.251], [38.032, -14.248], [38.019, -14.247], [37.999, -14.26], [37.988, -14.272], [37.983, -14.274], [37.961, -14.296], [37.94, -14.313], [37.928, -14.316], [37.913, -14.309], [37.879, -14.274], [37.868, -14.256], [37.858, -14.251], [37.84, -14.253], [37.824, -14.253], [37.797, -14.249], [37.785, -14.255], [37.779, -14.265], [37.772, -14.271], [37.724, -14.295], [37.719, -14.3], [37.718, -14.298], [37.711, -14.297], [37.695, -14.278], [37.683, -14.274], [37.668, -14.276], [37.645, -14.288], [37.631, -14.29], [37.62, -14.288], [37.614, -14.278], [37.605, -14.273], [37.568, -14.267], [37.547, -14.246], [37.541, -14.222], [37.529, -14.213], [37.522, -14.195], [37.51, -14.186], [37.492, -14.165], [37.486, -14.149], [37.478, -14.139], [37.476, -14.124], [37.473, -14.117], [37.47, -14.117], [37.461, -14.109], [37.46, -14.104], [37.466, -14.091], [37.465, -14.088], [37.467, -14.085], [37.455, -14.07], [37.456, -14.053], [37.459, -14.047], [37.469, -14.037], [37.479, -14.01], [37.444, -13.952], [37.457, -13.922], [37.459, -13.913], [37.458, -13.912], [37.46, -13.904], [37.465, -13.89], [37.46, -13.882], [37.455, -13.846], [37.449, -13.842], [37.442, -13.833], [37.435, -13.814], [37.441, -13.766], [37.465, -13.761], [37.474, -13.762], [37.487, -13.769], [37.493, -13.779], [37.522, -13.807], [37.533, -13.815], [37.552, -13.832], [37.566, -13.841], [37.593, -13.834], [37.618, -13.855], [37.635, -13.858], [37.662, -13.858], [37.686, -13.847], [37.717, -13.841], [37.733, -13.841], [37.747, -13.86], [37.755, -13.852], [37.76, -13.852], [37.775, -13.859], [37.794, -13.858], [37.81, -13.85], [37.818, -13.855], [37.837, -13.858], [37.847, -13.874], [37.854, -13.881], [37.866, -13.877], [37.893, -13.889], [37.921, -13.897], [37.92, -13.891], [37.923, -13.865], [37.912, -13.856], [37.91, -13.85], [37.901, -13.836], [37.901, -13.795], [37.898, -13.788], [37.887, -13.771], [37.884, -13.759], [37.883, -13.755], [37.904, -13.712], [37.914, -13.682], [37.914, -13.658], [37.947, -13.628], [37.957, -13.61], [37.972, -13.589], [38.005, -13.536], [38.064, -13.502], [38.086, -13.495], [38.105, -13.49], [38.114, -13.512], [38.133, -13.526], [38.145, -13.552], [38.145, -13.576], [38.151, -13.598], [38.149, -13.623], [38.146, -13.641], [38.157, -13.661], [38.159, -13.667], [38.173, -13.672], [38.174, -13.68], [38.168, -13.691], [38.166, -13.72], [38.164, -13.725], [38.163, -13.746], [38.164, -13.75], [38.17, -13.754], [38.169, -13.759], [38.171, -13.77], [38.184, -13.774], [38.183, -13.786], [38.192, -13.793]]]]}}, {"type": "Feature", "properties": {"id": "Sanga", "name": "Sanga", "desert": 1, "offices": 0}, "geometry": {"type": "MultiPolygon", "coordinates": [[[[34.972, -13.054], [35.007, -12.993], [35.086, -12.845], [35.088, -12.838], [35.097, -12.82], [35.125, -12.811], [35.138, -12.811], [35.155, -12.776], [35.161, -12.757], [35.157, -12.746], [35.142, -12.678], [35.139, -12.66], [35.14, -12.649], [35.137, -12.631], [35.146, -12.606], [35.159, -12.59], [35.181, -12.557], [35.192, -12.536], [35.186, -12.516], [35.192, -12.507], [35.194, -12.494], [35.193, -12.492], [35.18, -12.49], [35.165, -12.465], [35.157, -12.454], [35.15, -12.45], [35.143, -12.394], [35.165, -12.342], [35.166, -12.337], [35.174, -12.305], [35.192, -12.274], [35.195, -12.259], [35.19, -12.253], [35.185, -12.226], [35.183, -12.219], [35.183, -12.192], [35.162, -12.174], [35.16, -12.168], [35.166, -12.148], [35.17, -12.142], [35.183, -12.136], [35.19, -12.13], [35.193, -12.122], [35.208, -12.103], [35.203, -12.085], [35.197, -12.078], [35.186, -12.073], [35.172, -12.074], [35.155, -12.053], [35.155, -12.041], [35.152, -12.027], [35.137, -11.998], [35.125, -11.963], [35.13, -11.947], [35.131, -11.946], [35.152, -11.954], [35.134, -11.943], [35.142, -11.941], [35.147, -11.936], [35.15, -11.931], [35.176, -11.918], [35.181, -11.918], [35.189, -11.911], [35.195, -11.905], [35.197, -11.894], [35.206, -11.886], [35.215, -11.882], [35.226, -11.873], [35.242, -11.837], [35.265, -11.812], [35.266, -11.806], [35.285, -11.782], [35.289, -11.773], [35.294, -11.769], [35.304, -11.765], [35.302, -11.739], [35.309, -11.716], [35.318, -11.713], [35.318, -11.707], [35.313, -11.7], [35.316, -11.688], [35.325, -11.675], [35.323, -11.659], [35.326, -11.651], [35.347, -11.63], [35.363, -11.633], [35.366, -11.627], [35.364, -11.622], [35.366, -11.618], [35.375, -11.613], [35.378, -11.609], [35.375, -11.6], [35.376, -11.592], [35.386, -11.595], [35.393, -11.592], [35.404, -11.576], [35.407, -11.574], [35.414, -11.574], [35.42, -11.566], [35.424, -11.567], [35.431, -11.584], [35.436, -11.587], [35.443, -11.586], [35.449, -11.587], [35.455, -11.591], [35.457, -11.584], [35.465, -11.591], [35.475, -11.595], [35.489, -11.595], [35.493, -11.591], [35.495, -11.587], [35.489, -11.58], [35.489, -11.576], [35.494, -11.575], [35.511, -11.584], [35.514, -11.588], [35.516, -11.598], [35.519, -11.604], [35.532, -11.611], [35.539, -11.611], [35.534, -11.604], [35.533, -11.599], [35.535, -11.593], [35.539, -11.592], [35.546, -11.599], [35.548, -11.595], [35.56, -11.603], [35.564, -11.604], [35.568, -11.599], [35.576, -11.604], [35.579, -11.599], [35.583, -11.585], [35.587, -11.588], [35.592, -11.595], [35.597, -11.597], [35.605, -11.596], [35.639, -11.586], [35.644, -11.593], [35.647, -11.593], [35.65, -11.579], [35.657, -11.572], [35.661, -11.563], [35.666, -11.559], [35.675, -11.556], [35.681, -11.547], [35.688, -11.525], [35.694, -11.52], [35.704, -11.519], [35.705, -11.514], [35.703, -11.491], [35.712, -11.481], [35.725, -11.481], [35.739, -11.476], [35.754, -11.477], [35.772, -11.473], [35.777, -11.471], [35.786, -11.457], [35.795, -11.45], [35.812, -11.429], [35.82, -11.41], [35.824, -11.407], [35.834, -11.407], [35.845, -11.41], [35.854, -11.423], [35.858, -11.424], [35.884, -11.422], [35.91, -11.426], [35.926, -11.424], [35.942, -11.425], [35.958, -11.437], [35.961, -11.443], [35.962, -11.457], [35.954, -11.477], [35.957, -11.483], [35.995, -11.498], [36.016, -11.499], [36.025, -11.503], [36.051, -11.515], [36.089, -11.537], [36.099, -11.547], [36.106, -11.549], [36.113, -11.553], [36.124, -11.552], [36.133, -11.566], [36.139, -11.57], [36.152, -11.573], [36.157, -11.577], [36.16, -11.582], [36.172, -11.59], [36.177, -11.598], [36.175, -11.607], [36.178, -11.614], [36.175, -11.624], [36.181, -11.639], [36.17, -11.665], [36.173, -11.676], [36.188, -11.689], [36.189, -11.697], [36.182, -11.708], [36.184, -11.714], [36.19, -11.716], [36.201, -11.716], [36.217, -11.709], [36.239, -11.707], [36.251, -11.715], [36.267, -11.718], [36.276, -11.71], [36.287, -11.708], [36.275, -11.726], [36.283, -11.727], [36.285, -11.736], [36.258, -11.759], [36.24, -11.786], [36.225, -11.801], [36.222, -11.813], [36.209, -11.825], [36.194, -11.834], [36.19, -11.839], [36.177, -11.843], [36.17, -11.86], [36.156, -11.871], [36.152, -11.877], [36.145, -11.906], [36.13, -11.942], [36.126, -11.945], [36.12, -11.955], [36.105, -11.971], [36.105, -11.983], [36.1, -11.99], [36.086, -11.998], [36.084, -12.01], [36.069, -12.022], [36.039, -12.04], [36.036, -12.055], [36.017, -12.078], [36.002, -12.105], [35.987, -12.15], [35.975, -12.171], [35.962, -12.183], [35.944, -12.192], [35.932, -12.195], [35.914, -12.213], [35.907, -12.23], [35.894, -12.235], [35.873, -12.233], [35.863, -12.236], [35.852, -12.244], [35.847, -12.269], [35.837, -12.287], [35.829, -12.292], [35.805, -12.284], [35.796, -12.275], [35.776, -12.275], [35.771, -12.281], [35.764, -12.298], [35.733, -12.325], [35.712, -12.331], [35.688, -12.34], [35.675, -12.349], [35.654, -12.357], [35.645, -12.384], [35.645, -12.403], [35.647, -12.408], [35.619, -12.447], [35.601, -12.479], [35.586, -12.494], [35.583, -12.504], [35.562, -12.537], [35.557, -12.553], [35.55, -12.56], [35.544, -12.571], [35.559, -12.598], [35.54, -12.627], [35.539, -12.644], [35.544, -12.659], [35.55, -12.682], [35.55, -12.688], [35.535, -12.709], [35.517, -12.728], [35.516, -12.749], [35.52, -12.772], [35.52, -12.796], [35.523, -12.816], [35.507, -12.836], [35.5, -12.841], [35.499, -12.851], [35.502, -12.861], [35.487, -12.879], [35.488, -12.88], [35.486, -12.884], [35.492, -12.889], [35.487, -12.909], [35.492, -12.93], [35.48, -12.948], [35.493, -12.957], [35.498, -12.962], [35.496, -12.963], [35.474, -12.993], [35.474, -13.002], [35.477, -13.008], [35.463, -13.025], [35.446, -13.031], [35.448, -13.05], [35.438, -13.053], [35.434, -13.067], [35.414, -13.091], [35.428, -13.123], [35.419, -13.141], [35.402, -13.146], [35.382, -13.145], [35.366, -13.152], [35.337, -13.156], [35.321, -13.157], [35.316, -13.156], [35.311, -13.147], [35.256, -13.136], [35.241, -13.129], [35.238, -13.122], [35.216, -13.124], [35.179, -13.141], [35.12, -13.12], [35.106, -13.085], [35.084, -13.072], [35.066, -13.09], [35.023, -13.113], [35.005, -13.129], [34.979, -13.161], [34.976, -13.122], [34.976, -13.089], [34.973, -13.062], [34.97, -13.059], [34.954, -13.077], [34.952, -13.079], [34.972, -13.054]]]]}}]}